Workbook
Name MaxLevel: LevelFormula!$B$20

Sheet ReadMe
A1: Minion data
A3: Values here are placeholders to show the format, not balance suggestions.
A4: In Unity: Sunder > Import Minion Data reads this file (save it first) and creates/updates every minion, ability and faction roster. The Console lists any problems by sheet and row.
A5: Rows on a _Data sheet with no Display Name are skipped, so placeholder rows are fine.
A6: The Worker row (W) is the faction's worker, placed by WorkerSpawner. Workers read Health (max health), Strength (dig damage per second) and SkillBuild (claim/reinforce speed, 1 = normal) at their level; any of these left off the _Levels sheet keeps the template's own value. Set WorkerJobs on any other minion to have it do worker jobs too.
A7: Header cells have comments (hover) explaining each column.
A9: Sheets
A10: Stats – master list of levelled stats: default value and whether it is a whole number. Adding a stat starts here.
A11: DamageTypes – master list of damage types. Column names in *_Data sheets (Dmg_<ID>) must match these IDs.
A12: Abilities – one row per ability. Minion AbilityN columns hold an AbilityID from here.
A13: 01U_Data – revised per-minion columns: Movement, per-damage-type multipliers, summon prerequisites.
A14: 01U_Levels – per-stat Min (level 1), Max (level 10), Curve and Skew. Grey L1–L10 columns are a live preview only; the game ignores them.
... A23: • Sheets are found by suffix (_Data, _Levels, _Relations) so per-faction pairs work fine.

Sheet Stats
A1: StatID | B1: Description | C1: Default | D1: WholeNumber
A2: Experience | B2: Total experience needed to be this level | C2: 0 | D2: TRUE
A3: Salary | B3: Gold cost to sustain this unit each payday | C3: 0 | D3: TRUE
A4: Health | B4: Total health of minion | C4: 1 | D4: TRUE
A5: Strength | B5: Damage done with physical effects | C5: 0 | D5: TRUE
A6: Accuracy | B6: Chance for attack to land on enemy | C6: 0 | D6: FALSE
A7: Dexterity | B7: Chance to dodge an attack | C7: 0 | D7: FALSE
A8: Fortitude | B8: Lessens damage from physical effects (melee and ranged) | C8: 0 | D8: TRUE
A9: Speed | B9: Movement and attack speed | C9: 1 | D9: FALSE
A10: Magic | B10: Damage done with magical effects | C10: 0 | D10: TRUE
A11: Resistance | B11: Lessens damage from magical effects (melee and ranged) | C11: 0 | D11: TRUE
A12: Luck | B12: Modifies all things a small amount | C12: 0 | D12: FALSE
A13: Weight | B13: Minion weight | C13: 0 | D13: FALSE
... A20: Anger | B20: Likelihood of getting angry | C20: 0 | D20: FALSE

Sheet LevelFormula
A1: Level stat formula
A3: t = (Level − 1) / (MaxLevel − 1) progress from 0 at level 1 to 1 at MaxLevel
A4: shaped = t ^ (2 ^ Curve) Curve bends the line; the ends stay fixed
A5: Value = Min + (Max − Min) × (1 + Skew) × shaped
A7: Curve (blank = 0)
A8: 0 → straight line: equal gain every level.
A9: > 0 → back-loaded: small gains early, big gains late. Curve 1 = t², Curve 2 = t⁴.
A10: < 0 → front-loaded: big gains early, levelling off late. Curve −1 = √t, Curve −2 = t^0.25.
A11: Level 1 is always Min and level 10 is always Max (before Skew), whatever the Curve.
A13: Skew (blank = 0)
A14: Scales the whole growth (Max − Min) without touching the level-1 value, i.e. it adjusts the slope.
A15: 0 → reaches Max exactly. 0.1 → 10% more growth (level 10 = Min + 1.1 × (Max − Min)). −0.2 → 20% less growth.
... A18: Rounding: stats marked WholeNumber on the Stats sheet are rounded, both in game and in the _Levels preview columns. The calculator below is unrounded.
A20: MaxLevel | B20: 10
A22: Calculator – edit the yellow cells
A23: Min (level 1) | B23: 100
A24: Max (level 10) | B24: 500
A25: Curve | B25: 1
A26: Skew | B26: 0
A28: Level | B28: 1 | C28: 2 | D28: 3 | E28: 4 | F28: 5 | G28: 6 | H28: 7 | I28: 8 | J28: 9 | K28: 10
A29: Linear (Curve 0, Skew 0) | B29: =$B$23+($B$24-$B$23)*((B28-1)/(MaxLevel-1)) -> 100 | C29: =$B$23+($B$24-$B$23)*((C28-1)/(MaxLevel-1)) -> 144.44444 | D29: =$B$23+($B$24-$B$23)*((D28-1)/(MaxLevel-1)) -> 188.88889 | E29: =$B$23+($B$24-$B$23)*((E28-1)/(MaxLevel-1)) -> 233.33333 | F29: =$B$23+($B$24-$B$23)*((F28-1)/(MaxLevel-1)) -> 277.77778 | G29: =$B$23+($B$24-$B$23)*((G28-1)/(MaxLevel-1)) -> 322.22222 | H29: =$B$23+($B$24-$B$23)*((H28-1)/(MaxLevel-1)) -> 366.66667 | I29: =$B$23+($B$24-$B$23)*((I28-1)/(MaxLevel-1)) -> 411.11111 | ... K29: =$B$23+($B$24-$B$23)*((K28-1)/(MaxLevel-1)) -> 500
A30: Result | B30: =$B$23+($B$24-$B$23)*(1+$B$26)*((B28-1)/(MaxLevel-1))^(2^$B$25) -> 100 | C30: =$B$23+($B$24-$B$23)*(1+$B$26)*((C28-1)/(MaxLevel-1))^(2^$B$25) -> 104.93827 | D30: =$B$23+($B$24-$B$23)*(1+$B$26)*((D28-1)/(MaxLevel-1))^(2^$B$25) -> 119.75309 | E30: =$B$23+($B$24-$B$23)*(1+$B$26)*((E28-1)/(MaxLevel-1))^(2^$B$25) -> 144.44444 | F30: =$B$23+($B$24-$B$23)*(1+$B$26)*((F28-1)/(MaxLevel-1))^(2^$B$25) -> 179.01235 | G30: =$B$23+($B$24-$B$23)*(1+$B$26)*((G28-1)/(MaxLevel-1))^(2^$B$25) -> 223.45679 | H30: =$B$23+($B$24-$B$23)*(1+$B$26)*((H28-1)/(MaxLevel-1))^(2^$B$25) -> 277.77778 | I30: =$B$23+($B$24-$B$23)*(1+$B$26)*((I28-1)/(MaxLevel-1))^(2^$B$25) -> 341.97531 | ... K30: =$B$23+($B$24-$B$23)*(1+$B$26)*((K28-1)/(MaxLevel-1))^(2^$B$25) -> 500
A48: Curve shapes (fraction of growth reached, Skew 0)
A49: Curve \ Level | B49: 1 | C49: 2 | D49: 3 | E49: 4 | F49: 5 | G49: 6 | H49: 7 | I49: 8 | J49: 9 | K49: 10
A50: -2 | B50: =((B49-1)/(MaxLevel-1))^(2^$A50) -> 0 | C50: =((C49-1)/(MaxLevel-1))^(2^$A50) -> 0.57735027 | D50: =((D49-1)/(MaxLevel-1))^(2^$A50) -> 0.68658905 | E50: =((E49-1)/(MaxLevel-1))^(2^$A50) -> 0.75983569 | F50: =((F49-1)/(MaxLevel-1))^(2^$A50) -> 0.81649658 | G50: =((G49-1)/(MaxLevel-1))^(2^$A50) -> 0.86334002 | H50: =((H49-1)/(MaxLevel-1))^(2^$A50) -> 0.903602 | I50: =((I49-1)/(MaxLevel-1))^(2^$A50) -> 0.93910442 | ... K50: =((K49-1)/(MaxLevel-1))^(2^$A50) -> 1
A51: -1 | B51: =((B49-1)/(MaxLevel-1))^(2^$A51) -> 0 | C51: =((C49-1)/(MaxLevel-1))^(2^$A51) -> 0.33333333 | D51: =((D49-1)/(MaxLevel-1))^(2^$A51) -> 0.47140452 | E51: =((E49-1)/(MaxLevel-1))^(2^$A51) -> 0.57735027 | F51: =((F49-1)/(MaxLevel-1))^(2^$A51) -> 0.66666667 | G51: =((G49-1)/(MaxLevel-1))^(2^$A51) -> 0.74535599 | H51: =((H49-1)/(MaxLevel-1))^(2^$A51) -> 0.81649658 | I51: =((I49-1)/(MaxLevel-1))^(2^$A51) -> 0.8819171 | ... K51: =((K49-1)/(MaxLevel-1))^(2^$A51) -> 1
A52: -0.5 | B52: =((B49-1)/(MaxLevel-1))^(2^$A52) -> 0 | C52: =((C49-1)/(MaxLevel-1))^(2^$A52) -> 0.21146994 | D52: =((D49-1)/(MaxLevel-1))^(2^$A52) -> 0.34523038 | E52: =((E49-1)/(MaxLevel-1))^(2^$A52) -> 0.45985861 | F52: =((F49-1)/(MaxLevel-1))^(2^$A52) -> 0.56359788 | G52: =((G49-1)/(MaxLevel-1))^(2^$A52) -> 0.65992576 | H52: =((H49-1)/(MaxLevel-1))^(2^$A52) -> 0.75073157 | I52: =((I49-1)/(MaxLevel-1))^(2^$A52) -> 0.83718841 | ... K52: =((K49-1)/(MaxLevel-1))^(2^$A52) -> 1
A53: 0 | B53: =((B49-1)/(MaxLevel-1))^(2^$A53) -> 0 | C53: =((C49-1)/(MaxLevel-1))^(2^$A53) -> 0.11111111 | D53: =((D49-1)/(MaxLevel-1))^(2^$A53) -> 0.22222222 | E53: =((E49-1)/(MaxLevel-1))^(2^$A53) -> 0.33333333 | F53: =((F49-1)/(MaxLevel-1))^(2^$A53) -> 0.44444444 | G53: =((G49-1)/(MaxLevel-1))^(2^$A53) -> 0.55555556 | H53: =((H49-1)/(MaxLevel-1))^(2^$A53) -> 0.66666667 | I53: =((I49-1)/(MaxLevel-1))^(2^$A53) -> 0.77777778 | ... K53: =((K49-1)/(MaxLevel-1))^(2^$A53) -> 1
A54: 0.5 | B54: =((B49-1)/(MaxLevel-1))^(2^$A54) -> 0 | C54: =((C49-1)/(MaxLevel-1))^(2^$A54) -> 0.044719537 | D54: =((D49-1)/(MaxLevel-1))^(2^$A54) -> 0.11918401 | E54: =((E49-1)/(MaxLevel-1))^(2^$A54) -> 0.21146994 | F54: =((F49-1)/(MaxLevel-1))^(2^$A54) -> 0.31764257 | G54: =((G49-1)/(MaxLevel-1))^(2^$A54) -> 0.43550201 | H54: =((H49-1)/(MaxLevel-1))^(2^$A54) -> 0.56359788 | I54: =((I49-1)/(MaxLevel-1))^(2^$A54) -> 0.70088443 | ... K54: =((K49-1)/(MaxLevel-1))^(2^$A54) -> 1
A55: 1 | B55: =((B49-1)/(MaxLevel-1))^(2^$A55) -> 0 | C55: =((C49-1)/(MaxLevel-1))^(2^$A55) -> 0.012345679 | D55: =((D49-1)/(MaxLevel-1))^(2^$A55) -> 0.049382716 | E55: =((E49-1)/(MaxLevel-1))^(2^$A55) -> 0.11111111 | F55: =((F49-1)/(MaxLevel-1))^(2^$A55) -> 0.19753086 | G55: =((G49-1)/(MaxLevel-1))^(2^$A55) -> 0.30864198 | H55: =((H49-1)/(MaxLevel-1))^(2^$A55) -> 0.44444444 | I55: =((I49-1)/(MaxLevel-1))^(2^$A55) -> 0.60493827 | ... K55: =((K49-1)/(MaxLevel-1))^(2^$A55) -> 1
A56: 2 | B56: =((B49-1)/(MaxLevel-1))^(2^$A56) -> 0 | C56: =((C49-1)/(MaxLevel-1))^(2^$A56) -> 0.00015241579 | D56: =((D49-1)/(MaxLevel-1))^(2^$A56) -> 0.0024386526 | E56: =((E49-1)/(MaxLevel-1))^(2^$A56) -> 0.012345679 | F56: =((F49-1)/(MaxLevel-1))^(2^$A56) -> 0.039018442 | G56: =((G49-1)/(MaxLevel-1))^(2^$A56) -> 0.095259869 | H56: =((H49-1)/(MaxLevel-1))^(2^$A56) -> 0.19753086 | I56: =((I49-1)/(MaxLevel-1))^(2^$A56) -> 0.36595031 | ... K56: =((K49-1)/(MaxLevel-1))^(2^$A56) -> 1

Sheet DamageTypes
A1: DamageTypeID | B1: DisplayName | C1: Category | D1: Description
A2: Slash | B2: Slashing | C2: Physical | D2: Blades, claws
A3: Pierce | B3: Piercing | C3: Physical | D3: Arrows, spears, bites
A4: Blunt | B4: Blunt | C4: Physical | D4: Clubs, fists, crushing
A5: Fire | B5: Fire | C5: Magical | D5: Placeholder – replace with your own list
A6: Cold | B6: Cold | C6: Magical
A7: Lightning | B7: Lightning | C7: Magical
A8: Poison | B8: Poison | C8: Magical
A9: Holy | B9: Holy | C9: Magical
A10: Unholy | B10: Unholy | C10: Magical

Sheet Abilities
A1: AbilityID | B1: DisplayName | C1: Description | D1: Kind | E1: Targeting | F1: Delivery | G1: DamageType | H1: BasePower | I1: ScalingStat | J1: ScalingFactor | K1: Range | L1: AreaRadius | M1: Cooldown | N1: CastTime | O1: StatusEffect | P1: StatusChance | Q1: StatusDuration | R1: StatusMagnitude
A2: A_Strike | B2: Strike | C2: A basic melee blow. | D2: Attack | E2: SingleEnemy | F2: Melee | G2: Slash | H2: 5 | I2: Strength | J2: 1 | K2: 1 | L2: 0 | M2: 1.5 | N2: 0
A3: A_Arrow | B3: Arrow Volley | C3: Looses a flight of arrows at one foe. | D3: Attack | E3: SingleEnemy | F3: Ranged | G3: Pierce | H3: 3 | I3: Strength | J3: 0.8 | K3: 6 | L3: 0 | M3: 2 | N3: 0.3
A4: A_Fireball | B4: Fireball | C4: Hurls fire that bursts on impact, setting targets alight. | D4: Attack | E4: AreaEnemy | F4: Magic | G4: Fire | H4: 8 | I4: Magic | J4: 1.2 | K4: 5 | L4: 1.5 | M4: 6 | N4: 0.8 | O4: Burn | P4: 0.5 | Q4: 3 | R4: 2
A5: A_Stoneskin | B5: Stoneskin | C5: Hardens the minion's hide, absorbing damage. | D5: Defence | E5: Self | F5: Magic | H5: 10 | I5: Fortitude | J5: 0.5 | K5: 0 | L5: 0 | M5: 20 | N5: 0.5 | O5: Shield | P5: 1 | Q5: 8 | R5: 15
A6: A_Howl | B6: Terrible Howl | C6: Nearby enemies may flee in fear. | D6: Debuff | E6: AreaEnemy | F6: Magic | G6: Unholy | H6: 0 | I6: Magic | J6: 0 | K6: 0 | L6: 3 | M6: 15 | N6: 0.5 | O6: Fear | P6: 0.4 | Q6: 3

Sheet 01U_Data
A1: FactionID | B1: MinionID | C1: Display Name | D1: Stance | E1: Movement | F1: Dmg_Slash | G1: Dmg_Pierce | H1: Dmg_Blunt | I1: Dmg_Fire | J1: Dmg_Cold | K1: Dmg_Lightning | L1: Dmg_Poison | M1: Dmg_Holy | N1: Dmg_Unholy | O1: ResearchPreference | P1: TrainPreference | Q1: BuildPreference | R1: PrayPreference | S1: TorturePreference | T1: Gain1 | U1: Ability1 | V1: Gain2 | W1: Ability2 | X1: Gain3 | Y1: Ability3 | Z1: Gain4 | AA1: Ability4 | AB1: Gain5 | AC1: Ability5 | AD1: Summonable | AE1: WorkerJobs | AF1: SummonWeight | AG1: PopulationCost | AH1: RequiredRooms | AI1: MinRoomTiles | AJ1: RequiredResearch
A2: 01U | B2: C1 | C2: Thanatos | D2: Commander | E2: LandOnly | M2: 2 | N2: 0.5 | O2: 0.2 | P2: 0.6 | Q2: 0.1 | R2: 0.1 | S2: 0 | T2: 1 | U2: A_Strike | V2: 4 | W2: A_Howl | AD2: FALSE | AE2: FALSE | AF2: 0 | AG2: 0
A3: 01U | B3: C2 | C3: Alecto | D3: Commander | AD3: FALSE | AE3: FALSE | AF3: 0 | AG3: 0
A4: 01U | B4: C3 | C4: Megaera | D4: Commander | AD4: FALSE | AE4: FALSE | AF4: 0 | AG4: 0
A5: 01U | B5: C4 | C5: Tisiphone | D5: Commander | AD5: FALSE | AE5: FALSE | AF5: 0 | AG5: 0
A6: 01U | B6: T1F | C6: Spartos | D6: Fighter | AD6: TRUE | AE6: FALSE | AF6: 1 | AG6: 1
A7: 01U | B7: T1M | C7: Empusa | D7: Mage | AD7: TRUE | AE7: FALSE | AF7: 1 | AG7: 1
A8: 01U | B8: T1R | C8: Stymphalian Bird | D8: Ranger | E8: Flying | G8: 2 | I8: 0.5 | K8: 2 | O8: 0.6 | P8: 0.2 | Q8: 0 | R8: 0.1 | S8: 0.1 | T8: 1 | U8: A_Arrow | V8: 5 | W8: A_Fireball | AD8: TRUE | AE8: FALSE | AF8: 1 | AG8: 1 | AH8: RoomA | AI8: 9
A9: 01U | B9: T1S | C9: Hound of Erebus | D9: Scout | AD9: TRUE | AE9: FALSE | AF9: 1 | AG9: 1
A10: 01U | B10: T1U | C10: Telchine | D10: Utility | AD10: TRUE | AE10: FALSE | AF10: 1 | AG10: 1
A11: 01U | B11: T2F | C11: Minotaur | D11: Fighter | E11: LandOnly | F11: 0.5 | G11: 0.5 | H11: 1.5 | O11: 0 | P11: 0.7 | Q11: 0.2 | R11: 0 | S11: 0.1 | T11: 1 | U11: A_Strike | V11: 3 | W11: A_Stoneskin | AD11: TRUE | AE11: FALSE | AF11: 1 | AG11: 1 | AH11: RoomA;RoomB | AI11: 9;4 | AJ11: Labyrinths
A12: 01U | B12: T2M | C12: Lampad | D12: Mage | AD12: TRUE | AE12: FALSE | AF12: 1 | AG12: 1
A13: 01U | B13: T2R | C13: Centaur Archer | D13: Ranger | AD13: TRUE | AE13: FALSE | AF13: 1 | AG13: 1
A14: 01U | B14: T2S | C14: Orthus | D14: Scout | AD14: TRUE | AE14: FALSE | AF14: 1 | AG14: 1
A15: 01U | B15: T2U | C15: Charon | D15: Utility | AD15: TRUE | AE15: FALSE | AF15: 1 | AG15: 1
A16: 01U | B16: T3F | C16: Gegenes | D16: Fighter | AD16: TRUE | AE16: FALSE | AF16: 1 | AG16: 1
A17: 01U | B17: T3M | C17: Gorgon | D17: Mage | AD17: TRUE | AE17: FALSE | AF17: 1 | AG17: 1
A18: 01U | B18: T3R | C18: Ker | D18: Ranger | AD18: TRUE | AE18: FALSE | AF18: 1 | AG18: 1
A19: 01U | B19: T3S | C19: Harpy | D19: Scout | AD19: TRUE | AE19: FALSE | AF19: 1 | AG19: 1
A20: 01U | B20: T3U | C20: Oneiroi | D20: Utility | AD20: TRUE | AE20: FALSE | AF20: 1 | AG20: 1
A21: 01U | B21: U1 | C21: Askalaphos | D21: Unique | AD21: TRUE | AE21: FALSE | AF21: 1 | AG21: 1
A22: 01U | B22: U2 | C22: Cerberus | D22: Unique | AD22: TRUE | AE22: FALSE | AF22: 1 | AG22: 1
A23: 01U | B23: U3 | C23: Typhon | D23: Unique | AD23: TRUE | AE23: FALSE | AF23: 1 | AG23: 1
A24: 01U | B24: W | C24: Eidolon | D24: Worker | E24: LandOnly | O24: 0 | P24: 0 | Q24: 1 | R24: 0 | S24: 0 | AD24: FALSE | AE24: TRUE | AF24: 0 | AG24: 0
A25: 01U | B25: G | C25: Hades | D25: General | AD25: FALSE | AE25: FALSE | AF25: 0 | AG25: 0

Sheet 01U_Levels
A1: FactionID | B1: MinionID | C1: Stat | D1: Min | E1: Max | F1: Curve | G1: Skew | H1: L1 | I1: L2 | J1: L3 | K1: L4 | L1: L5 | M1: L6 | N1: L7 | O1: L8 | P1: L9 | Q1: L10
A2: 01U | B2: C1 | C2: Experience | D2: 0 | E2: 20000 | F2: 1 | G2: 0 | H2: =IF(OR(D2="",E2=""),"",IF(IFERROR(INDEX(Stats!$D:$D,MATCH($C2,Stats!$A:$A,0)),FALSE),ROUND(D2+(E2-D2)*(1+G2)*((1-1)/(MaxLevel-1))^(2^F2),0),D2+(E2-D2)*(1+G2)*((1-1)/(MaxLevel-1))^(2^F2))) -> 0 | I2: =IF(OR(D2="",E2=""),"",IF(IFERROR(INDEX(Stats!$D:$D,MATCH($C2,Stats!$A:$A,0)),FALSE),ROUND(D2+(E2-D2)*(1+G2)*((2-1)/(MaxLevel-1))^(2^F2),0),D2+(E2-D2)*(1+G2)*((2-1)/(MaxLevel-1))^(2^F2))) -> 247 | J2: =IF(OR(D2="",E2=""),"",IF(IFERROR(INDEX(Stats!$D:$D,MATCH($C2,Stats!$A:$A,0)),FALSE),ROUND(D2+(E2-D2)*(1+G2)*((3-1)/(MaxLevel-1))^(2^F2),0),D2+(E2-D2)*(1+G2)*((3-1)/(MaxLevel-1))^(2^F2))) -> 988 | K2: =IF(OR(D2="",E2=""),"",IF(IFERROR(INDEX(Stats!$D:$D,MATCH($C2,Stats!$A:$A,0)),FALSE),ROUND(D2+(E2-D2)*(1+G2)*((4-1)/(MaxLevel-1))^(2^F2),0),D2+(E2-D2)*(1+G2)*((4-1)/(MaxLevel-1))^(2^F2))) -> 2222 | L2: =IF(OR(D2="",E2=""),"",IF(IFERROR(INDEX(Stats!$D:$D,MATCH($C2,Stats!$A:$A,0)),FALSE),ROUND(D2+(E2-D2)*(1+G2)*((5-1)/(MaxLevel-1))^(2^F2),0),D2+(E2-D2)*(1+G2)*((5-1)/(MaxLevel-1))^(2^F2))) -> 3951 | M2: =IF(OR(D2="",E2=""),"",IF(IFERROR(INDEX(Stats!$D:$D,MATCH($C2,Stats!$A:$A,0)),FALSE),ROUND(D2+(E2-D2)*(1+G2)*((6-1)/(MaxLevel-1))^(2^F2),0),D2+(E2-D2)*(1+G2)*((6-1)/(MaxLevel-1))^(2^F2))) -> 6173 | N2: =IF(OR(D2="",E2=""),"",IF(IFERROR(INDEX(Stats!$D:$D,MATCH($C2,Stats!$A:$A,0)),FALSE),ROUND(D2+(E2-D2)*(1+G2)*((7-1)/(MaxLevel-1))^(2^F2),0),D2+(E2-D2)*(1+G2)*((7-1)/(MaxLevel-1))^(2^F2))) -> 8889 | O2: =IF(OR(D2="",E2=""),"",IF(IFERROR(INDEX(Stats!$D:$D,MATCH($C2,Stats!$A:$A,0)),FALSE),ROUND(D2+(E2-D2)*(1+G2)*((8-1)/(MaxLevel-1))^(2^F2),0),D2+(E2-D2)*(1+G2)*((8-1)/(MaxLevel-1))^(2^F2))) -> 12099 | P2: =IF(OR(D2="",E2=""),"",IF(IFERROR(INDEX(Stats!$D:$D,MATCH($C2,Stats!$A:$A,0)),FALSE),ROUND(D2+(E2-D2)*(1+G2)*((9-1)/(MaxLevel-1))^(2^F2),0),D2+(E2-D2)*(1+G2)*((9-1)/(MaxLevel-1))^(2^F2))) -> 15802 | Q2: =IF(OR(D2="",E2=""),"",IF(IFERROR(INDEX(Stats!$D:$D,MATCH($C2,Stats!$A:$A,0)),FALSE),ROUND(D2+(E2-D2)*(1+G2)*((10-1)/(MaxLevel-1))^(2^F2),0),D2+(E2-D2)*(1+G2)*((10-1)/(MaxLevel-1))^(2^F2))) -> 20000
A3: 01U | B3: C1 | C3: Salary | D3: 50 | E3: 300 | F3: 0 | G3: 0 | H3: =IF(OR(D3="",E3=""),"",IF(IFERROR(INDEX(Stats!$D:$D,MATCH($C3,Stats!$A:$A,0)),FALSE),ROUND(D3+(E3-D3)*(1+G3)*((1-1)/(MaxLevel-1))^(2^F3),0),D3+(E3-D3)*(1+G3)*((1-1)/(MaxLevel-1))^(2^F3))) -> 50 | I3: =IF(OR(D3="",E3=""),"",IF(IFERROR(INDEX(Stats!$D:$D,MATCH($C3,Stats!$A:$A,0)),FALSE),ROUND(D3+(E3-D3)*(1+G3)*((2-1)/(MaxLevel-1))^(2^F3),0),D3+(E3-D3)*(1+G3)*((2-1)/(MaxLevel-1))^(2^F3))) -> 78 | J3: =IF(OR(D3="",E3=""),"",IF(IFERROR(INDEX(Stats!$D:$D,MATCH($C3,Stats!$A:$A,0)),FALSE),ROUND(D3+(E3-D3)*(1+G3)*((3-1)/(MaxLevel-1))^(2^F3),0),D3+(E3-D3)*(1+G3)*((3-1)/(MaxLevel-1))^(2^F3))) -> 106 | K3: =IF(OR(D3="",E3=""),"",IF(IFERROR(INDEX(Stats!$D:$D,MATCH($C3,Stats!$A:$A,0)),FALSE),ROUND(D3+(E3-D3)*(1+G3)*((4-1)/(MaxLevel-1))^(2^F3),0),D3+(E3-D3)*(1+G3)*((4-1)/(MaxLevel-1))^(2^F3))) -> 133 | L3: =IF(OR(D3="",E3=""),"",IF(IFERROR(INDEX(Stats!$D:$D,MATCH($C3,Stats!$A:$A,0)),FALSE),ROUND(D3+(E3-D3)*(1+G3)*((5-1)/(MaxLevel-1))^(2^F3),0),D3+(E3-D3)*(1+G3)*((5-1)/(MaxLevel-1))^(2^F3))) -> 161 | M3: =IF(OR(D3="",E3=""),"",IF(IFERROR(INDEX(Stats!$D:$D,MATCH($C3,Stats!$A:$A,0)),FALSE),ROUND(D3+(E3-D3)*(1+G3)*((6-1)/(MaxLevel-1))^(2^F3),0),D3+(E3-D3)*(1+G3)*((6-1)/(MaxLevel-1))^(2^F3))) -> 189 | N3: =IF(OR(D3="",E3=""),"",IF(IFERROR(INDEX(Stats!$D:$D,MATCH($C3,Stats!$A:$A,0)),FALSE),ROUND(D3+(E3-D3)*(1+G3)*((7-1)/(MaxLevel-1))^(2^F3),0),D3+(E3-D3)*(1+G3)*((7-1)/(MaxLevel-1))^(2^F3))) -> 217 | O3: =IF(OR(D3="",E3=""),"",IF(IFERROR(INDEX(Stats!$D:$D,MATCH($C3,Stats!$A:$A,0)),FALSE),ROUND(D3+(E3-D3)*(1+G3)*((8-1)/(MaxLevel-1))^(2^F3),0),D3+(E3-D3)*(1+G3)*((8-1)/(MaxLevel-1))^(2^F3))) -> 244 | P3: =IF(OR(D3="",E3=""),"",IF(IFERROR(INDEX(Stats!$D:$D,MATCH($C3,Stats!$A:$A,0)),FALSE),ROUND(D3+(E3-D3)*(1+G3)*((9-1)/(MaxLevel-1))^(2^F3),0),D3+(E3-D3)*(1+G3)*((9-1)/(MaxLevel-1))^(2^F3))) -> 272 | Q3: =IF(OR(D3="",E3=""),"",IF(IFERROR(INDEX(Stats!$D:$D,MATCH($C3,Stats!$A:$A,0)),FALSE),ROUND(D3+(E3-D3)*(1+G3)*((10-1)/(MaxLevel-1))^(2^F3),0),D3+(E3-D3)*(1+G3)*((10-1)/(MaxLevel-1))^(2^F3))) -> 300
A4: 01U | B4: C1 | C4: Health | D4: 400 | E4: 1600 | F4: 0 | G4: 0 | H4: =IF(OR(D4="",E4=""),"",IF(IFERROR(INDEX(Stats!$D:$D,MATCH($C4,Stats!$A:$A,0)),FALSE),ROUND(D4+(E4-D4)*(1+G4)*((1-1)/(MaxLevel-1))^(2^F4),0),D4+(E4-D4)*(1+G4)*((1-1)/(MaxLevel-1))^(2^F4))) -> 400 | I4: =IF(OR(D4="",E4=""),"",IF(IFERROR(INDEX(Stats!$D:$D,MATCH($C4,Stats!$A:$A,0)),FALSE),ROUND(D4+(E4-D4)*(1+G4)*((2-1)/(MaxLevel-1))^(2^F4),0),D4+(E4-D4)*(1+G4)*((2-1)/(MaxLevel-1))^(2^F4))) -> 533 | J4: =IF(OR(D4="",E4=""),"",IF(IFERROR(INDEX(Stats!$D:$D,MATCH($C4,Stats!$A:$A,0)),FALSE),ROUND(D4+(E4-D4)*(1+G4)*((3-1)/(MaxLevel-1))^(2^F4),0),D4+(E4-D4)*(1+G4)*((3-1)/(MaxLevel-1))^(2^F4))) -> 667 | K4: =IF(OR(D4="",E4=""),"",IF(IFERROR(INDEX(Stats!$D:$D,MATCH($C4,Stats!$A:$A,0)),FALSE),ROUND(D4+(E4-D4)*(1+G4)*((4-1)/(MaxLevel-1))^(2^F4),0),D4+(E4-D4)*(1+G4)*((4-1)/(MaxLevel-1))^(2^F4))) -> 800 | L4: =IF(OR(D4="",E4=""),"",IF(IFERROR(INDEX(Stats!$D:$D,MATCH($C4,Stats!$A:$A,0)),FALSE),ROUND(D4+(E4-D4)*(1+G4)*((5-1)/(MaxLevel-1))^(2^F4),0),D4+(E4-D4)*(1+G4)*((5-1)/(MaxLevel-1))^(2^F4))) -> 933 | M4: =IF(OR(D4="",E4=""),"",IF(IFERROR(INDEX(Stats!$D:$D,MATCH($C4,Stats!$A:$A,0)),FALSE),ROUND(D4+(E4-D4)*(1+G4)*((6-1)/(MaxLevel-1))^(2^F4),0),D4+(E4-D4)*(1+G4)*((6-1)/(MaxLevel-1))^(2^F4))) -> 1067 | N4: =IF(OR(D4="",E4=""),"",IF(IFERROR(INDEX(Stats!$D:$D,MATCH($C4,Stats!$A:$A,0)),FALSE),ROUND(D4+(E4-D4)*(1+G4)*((7-1)/(MaxLevel-1))^(2^F4),0),D4+(E4-D4)*(1+G4)*((7-1)/(MaxLevel-1))^(2^F4))) -> 1200 | O4: =IF(OR(D4="",E4=""),"",IF(IFERROR(INDEX(Stats!$D:$D,MATCH($C4,Stats!$A:$A,0)),FALSE),ROUND(D4+(E4-D4)*(1+G4)*((8-1)/(MaxLevel-1))^(2^F4),0),D4+(E4-D4)*(1+G4)*((8-1)/(MaxLevel-1))^(2^F4))) -> 1333 | P4: =IF(OR(D4="",E4=""),"",IF(IFERROR(INDEX(Stats!$D:$D,MATCH($C4,Stats!$A:$A,0)),FALSE),ROUND(D4+(E4-D4)*(1+G4)*((9-1)/(MaxLevel-1))^(2^F4),0),D4+(E4-D4)*(1+G4)*((9-1)/(MaxLevel-1))^(2^F4))) -> 1467 | Q4: =IF(OR(D4="",E4=""),"",IF(IFERROR(INDEX(Stats!$D:$D,MATCH($C4,Stats!$A:$A,0)),FALSE),ROUND(D4+(E4-D4)*(1+G4)*((10-1)/(MaxLevel-1))^(2^F4),0),D4+(E4-D4)*(1+G4)*((10-1)/(MaxLevel-1))^(2^F4))) -> 1600
A5: 01U | B5: C1 | C5: Strength | D5: 30 | E5: 120 | F5: 0 | G5: 0 | H5: =IF(OR(D5="",E5=""),"",IF(IFERROR(INDEX(Stats!$D:$D,MATCH($C5,Stats!$A:$A,0)),FALSE),ROUND(D5+(E5-D5)*(1+G5)*((1-1)/(MaxLevel-1))^(2^F5),0),D5+(E5-D5)*(1+G5)*((1-1)/(MaxLevel-1))^(2^F5))) -> 30 | I5: =IF(OR(D5="",E5=""),"",IF(IFERROR(INDEX(Stats!$D:$D,MATCH($C5,Stats!$A:$A,0)),FALSE),ROUND(D5+(E5-D5)*(1+G5)*((2-1)/(MaxLevel-1))^(2^F5),0),D5+(E5-D5)*(1+G5)*((2-1)/(MaxLevel-1))^(2^F5))) -> 40 | J5: =IF(OR(D5="",E5=""),"",IF(IFERROR(INDEX(Stats!$D:$D,MATCH($C5,Stats!$A:$A,0)),FALSE),ROUND(D5+(E5-D5)*(1+G5)*((3-1)/(MaxLevel-1))^(2^F5),0),D5+(E5-D5)*(1+G5)*((3-1)/(MaxLevel-1))^(2^F5))) -> 50 | K5: =IF(OR(D5="",E5=""),"",IF(IFERROR(INDEX(Stats!$D:$D,MATCH($C5,Stats!$A:$A,0)),FALSE),ROUND(D5+(E5-D5)*(1+G5)*((4-1)/(MaxLevel-1))^(2^F5),0),D5+(E5-D5)*(1+G5)*((4-1)/(MaxLevel-1))^(2^F5))) -> 60 | L5: =IF(OR(D5="",E5=""),"",IF(IFERROR(INDEX(Stats!$D:$D,MATCH($C5,Stats!$A:$A,0)),FALSE),ROUND(D5+(E5-D5)*(1+G5)*((5-1)/(MaxLevel-1))^(2^F5),0),D5+(E5-D5)*(1+G5)*((5-1)/(MaxLevel-1))^(2^F5))) -> 70 | M5: =IF(OR(D5="",E5=""),"",IF(IFERROR(INDEX(Stats!$D:$D,MATCH($C5,Stats!$A:$A,0)),FALSE),ROUND(D5+(E5-D5)*(1+G5)*((6-1)/(MaxLevel-1))^(2^F5),0),D5+(E5-D5)*(1+G5)*((6-1)/(MaxLevel-1))^(2^F5))) -> 80 | N5: =IF(OR(D5="",E5=""),"",IF(IFERROR(INDEX(Stats!$D:$D,MATCH($C5,Stats!$A:$A,0)),FALSE),ROUND(D5+(E5-D5)*(1+G5)*((7-1)/(MaxLevel-1))^(2^F5),0),D5+(E5-D5)*(1+G5)*((7-1)/(MaxLevel-1))^(2^F5))) -> 90 | O5: =IF(OR(D5="",E5=""),"",IF(IFERROR(INDEX(Stats!$D:$D,MATCH($C5,Stats!$A:$A,0)),FALSE),ROUND(D5+(E5-D5)*(1+G5)*((8-1)/(MaxLevel-1))^(2^F5),0),D5+(E5-D5)*(1+G5)*((8-1)/(MaxLevel-1))^(2^F5))) -> 100 | P5: =IF(OR(D5="",E5=""),"",IF(IFERROR(INDEX(Stats!$D:$D,MATCH($C5,Stats!$A:$A,0)),FALSE),ROUND(D5+(E5-D5)*(1+G5)*((9-1)/(MaxLevel-1))^(2^F5),0),D5+(E5-D5)*(1+G5)*((9-1)/(MaxLevel-1))^(2^F5))) -> 110 | Q5: =IF(OR(D5="",E5=""),"",IF(IFERROR(INDEX(Stats!$D:$D,MATCH($C5,Stats!$A:$A,0)),FALSE),ROUND(D5+(E5-D5)*(1+G5)*((10-1)/(MaxLevel-1))^(2^F5),0),D5+(E5-D5)*(1+G5)*((10-1)/(MaxLevel-1))^(2^F5))) -> 120
A6: 01U | B6: C1 | C6: Accuracy | D6: 0.7 | E6: 0.95 | F6: -1 | G6: 0 | H6: =IF(OR(D6="",E6=""),"",IF(IFERROR(INDEX(Stats!$D:$D,MATCH($C6,Stats!$A:$A,0)),FALSE),ROUND(D6+(E6-D6)*(1+G6)*((1-1)/(MaxLevel-1))^(2^F6),0),D6+(E6-D6)*(1+G6)*((1-1)/(MaxLevel-1))^(2^F6))) -> 0.7 | I6: =IF(OR(D6="",E6=""),"",IF(IFERROR(INDEX(Stats!$D:$D,MATCH($C6,Stats!$A:$A,0)),FALSE),ROUND(D6+(E6-D6)*(1+G6)*((2-1)/(MaxLevel-1))^(2^F6),0),D6+(E6-D6)*(1+G6)*((2-1)/(MaxLevel-1))^(2^F6))) -> 0.78333333 | J6: =IF(OR(D6="",E6=""),"",IF(IFERROR(INDEX(Stats!$D:$D,MATCH($C6,Stats!$A:$A,0)),FALSE),ROUND(D6+(E6-D6)*(1+G6)*((3-1)/(MaxLevel-1))^(2^F6),0),D6+(E6-D6)*(1+G6)*((3-1)/(MaxLevel-1))^(2^F6))) -> 0.81785113 | K6: =IF(OR(D6="",E6=""),"",IF(IFERROR(INDEX(Stats!$D:$D,MATCH($C6,Stats!$A:$A,0)),FALSE),ROUND(D6+(E6-D6)*(1+G6)*((4-1)/(MaxLevel-1))^(2^F6),0),D6+(E6-D6)*(1+G6)*((4-1)/(MaxLevel-1))^(2^F6))) -> 0.84433757 | L6: =IF(OR(D6="",E6=""),"",IF(IFERROR(INDEX(Stats!$D:$D,MATCH($C6,Stats!$A:$A,0)),FALSE),ROUND(D6+(E6-D6)*(1+G6)*((5-1)/(MaxLevel-1))^(2^F6),0),D6+(E6-D6)*(1+G6)*((5-1)/(MaxLevel-1))^(2^F6))) -> 0.86666667 | M6: =IF(OR(D6="",E6=""),"",IF(IFERROR(INDEX(Stats!$D:$D,MATCH($C6,Stats!$A:$A,0)),FALSE),ROUND(D6+(E6-D6)*(1+G6)*((6-1)/(MaxLevel-1))^(2^F6),0),D6+(E6-D6)*(1+G6)*((6-1)/(MaxLevel-1))^(2^F6))) -> 0.886339 | N6: =IF(OR(D6="",E6=""),"",IF(IFERROR(INDEX(Stats!$D:$D,MATCH($C6,Stats!$A:$A,0)),FALSE),ROUND(D6+(E6-D6)*(1+G6)*((7-1)/(MaxLevel-1))^(2^F6),0),D6+(E6-D6)*(1+G6)*((7-1)/(MaxLevel-1))^(2^F6))) -> 0.90412415 | O6: =IF(OR(D6="",E6=""),"",IF(IFERROR(INDEX(Stats!$D:$D,MATCH($C6,Stats!$A:$A,0)),FALSE),ROUND(D6+(E6-D6)*(1+G6)*((8-1)/(MaxLevel-1))^(2^F6),0),D6+(E6-D6)*(1+G6)*((8-1)/(MaxLevel-1))^(2^F6))) -> 0.92047928 | P6: =IF(OR(D6="",E6=""),"",IF(IFERROR(INDEX(Stats!$D:$D,MATCH($C6,Stats!$A:$A,0)),FALSE),ROUND(D6+(E6-D6)*(1+G6)*((9-1)/(MaxLevel-1))^(2^F6),0),D6+(E6-D6)*(1+G6)*((9-1)/(MaxLevel-1))^(2^F6))) -> 0.93570226 | Q6: =IF(OR(D6="",E6=""),"",IF(IFERROR(INDEX(Stats!$D:$D,MATCH($C6,Stats!$A:$A,0)),FALSE),ROUND(D6+(E6-D6)*(1+G6)*((10-1)/(MaxLevel-1))^(2^F6),0),D6+(E6-D6)*(1+G6)*((10-1)/(MaxLevel-1))^(2^F6))) -> 0.95
A7: 01U | B7: C1 | C7: Dexterity | D7: 0.1 | E7: 0.3 | F7: 0 | G7: 0 | H7: =IF(OR(D7="",E7=""),"",IF(IFERROR(INDEX(Stats!$D:$D,MATCH($C7,Stats!$A:$A,0)),FALSE),ROUND(D7+(E7-D7)*(1+G7)*((1-1)/(MaxLevel-1))^(2^F7),0),D7+(E7-D7)*(1+G7)*((1-1)/(MaxLevel-1))^(2^F7))) -> 0.1 | I7: =IF(OR(D7="",E7=""),"",IF(IFERROR(INDEX(Stats!$D:$D,MATCH($C7,Stats!$A:$A,0)),FALSE),ROUND(D7+(E7-D7)*(1+G7)*((2-1)/(MaxLevel-1))^(2^F7),0),D7+(E7-D7)*(1+G7)*((2-1)/(MaxLevel-1))^(2^F7))) -> 0.12222222 | J7: =IF(OR(D7="",E7=""),"",IF(IFERROR(INDEX(Stats!$D:$D,MATCH($C7,Stats!$A:$A,0)),FALSE),ROUND(D7+(E7-D7)*(1+G7)*((3-1)/(MaxLevel-1))^(2^F7),0),D7+(E7-D7)*(1+G7)*((3-1)/(MaxLevel-1))^(2^F7))) -> 0.14444444 | K7: =IF(OR(D7="",E7=""),"",IF(IFERROR(INDEX(Stats!$D:$D,MATCH($C7,Stats!$A:$A,0)),FALSE),ROUND(D7+(E7-D7)*(1+G7)*((4-1)/(MaxLevel-1))^(2^F7),0),D7+(E7-D7)*(1+G7)*((4-1)/(MaxLevel-1))^(2^F7))) -> 0.16666667 | L7: =IF(OR(D7="",E7=""),"",IF(IFERROR(INDEX(Stats!$D:$D,MATCH($C7,Stats!$A:$A,0)),FALSE),ROUND(D7+(E7-D7)*(1+G7)*((5-1)/(MaxLevel-1))^(2^F7),0),D7+(E7-D7)*(1+G7)*((5-1)/(MaxLevel-1))^(2^F7))) -> 0.18888889 | M7: =IF(OR(D7="",E7=""),"",IF(IFERROR(INDEX(Stats!$D:$D,MATCH($C7,Stats!$A:$A,0)),FALSE),ROUND(D7+(E7-D7)*(1+G7)*((6-1)/(MaxLevel-1))^(2^F7),0),D7+(E7-D7)*(1+G7)*((6-1)/(MaxLevel-1))^(2^F7))) -> 0.21111111 | N7: =IF(OR(D7="",E7=""),"",IF(IFERROR(INDEX(Stats!$D:$D,MATCH($C7,Stats!$A:$A,0)),FALSE),ROUND(D7+(E7-D7)*(1+G7)*((7-1)/(MaxLevel-1))^(2^F7),0),D7+(E7-D7)*(1+G7)*((7-1)/(MaxLevel-1))^(2^F7))) -> 0.23333333 | O7: =IF(OR(D7="",E7=""),"",IF(IFERROR(INDEX(Stats!$D:$D,MATCH($C7,Stats!$A:$A,0)),FALSE),ROUND(D7+(E7-D7)*(1+G7)*((8-1)/(MaxLevel-1))^(2^F7),0),D7+(E7-D7)*(1+G7)*((8-1)/(MaxLevel-1))^(2^F7))) -> 0.25555556 | P7: =IF(OR(D7="",E7=""),"",IF(IFERROR(INDEX(Stats!$D:$D,MATCH($C7,Stats!$A:$A,0)),FALSE),ROUND(D7+(E7-D7)*(1+G7)*((9-1)/(MaxLevel-1))^(2^F7),0),D7+(E7-D7)*(1+G7)*((9-1)/(MaxLevel-1))^(2^F7))) -> 0.27777778 | Q7: =IF(OR(D7="",E7=""),"",IF(IFERROR(INDEX(Stats!$D:$D,MATCH($C7,Stats!$A:$A,0)),FALSE),ROUND(D7+(E7-D7)*(1+G7)*((10-1)/(MaxLevel-1))^(2^F7),0),D7+(E7-D7)*(1+G7)*((10-1)/(MaxLevel-1))^(2^F7))) -> 0.3
A8: 01U | B8: C1 | C8: Fortitude | H8: =IF(OR(D8="",E8=""),"",IF(IFERROR(INDEX(Stats!$D:$D,MATCH($C8,Stats!$A:$A,0)),FALSE),ROUND(D8+(E8-D8)*(1+G8)*((1-1)/(MaxLevel-1))^(2^F8),0),D8+(E8-D8)*(1+G8)*((1-1)/(MaxLevel-1))^(2^F8))) | I8: =IF(OR(D8="",E8=""),"",IF(IFERROR(INDEX(Stats!$D:$D,MATCH($C8,Stats!$A:$A,0)),FALSE),ROUND(D8+(E8-D8)*(1+G8)*((2-1)/(MaxLevel-1))^(2^F8),0),D8+(E8-D8)*(1+G8)*((2-1)/(MaxLevel-1))^(2^F8))) | J8: =IF(OR(D8="",E8=""),"",IF(IFERROR(INDEX(Stats!$D:$D,MATCH($C8,Stats!$A:$A,0)),FALSE),ROUND(D8+(E8-D8)*(1+G8)*((3-1)/(MaxLevel-1))^(2^F8),0),D8+(E8-D8)*(1+G8)*((3-1)/(MaxLevel-1))^(2^F8))) | K8: =IF(OR(D8="",E8=""),"",IF(IFERROR(INDEX(Stats!$D:$D,MATCH($C8,Stats!$A:$A,0)),FALSE),ROUND(D8+(E8-D8)*(1+G8)*((4-1)/(MaxLevel-1))^(2^F8),0),D8+(E8-D8)*(1+G8)*((4-1)/(MaxLevel-1))^(2^F8))) | L8: =IF(OR(D8="",E8=""),"",IF(IFERROR(INDEX(Stats!$D:$D,MATCH($C8,Stats!$A:$A,0)),FALSE),ROUND(D8+(E8-D8)*(1+G8)*((5-1)/(MaxLevel-1))^(2^F8),0),D8+(E8-D8)*(1+G8)*((5-1)/(MaxLevel-1))^(2^F8))) | M8: =IF(OR(D8="",E8=""),"",IF(IFERROR(INDEX(Stats!$D:$D,MATCH($C8,Stats!$A:$A,0)),FALSE),ROUND(D8+(E8-D8)*(1+G8)*((6-1)/(MaxLevel-1))^(2^F8),0),D8+(E8-D8)*(1+G8)*((6-1)/(MaxLevel-1))^(2^F8))) | N8: =IF(OR(D8="",E8=""),"",IF(IFERROR(INDEX(Stats!$D:$D,MATCH($C8,Stats!$A:$A,0)),FALSE),ROUND(D8+(E8-D8)*(1+G8)*((7-1)/(MaxLevel-1))^(2^F8),0),D8+(E8-D8)*(1+G8)*((7-1)/(MaxLevel-1))^(2^F8))) | O8: =IF(OR(D8="",E8=""),"",IF(IFERROR(INDEX(Stats!$D:$D,MATCH($C8,Stats!$A:$A,0)),FALSE),ROUND(D8+(E8-D8)*(1+G8)*((8-1)/(MaxLevel-1))^(2^F8),0),D8+(E8-D8)*(1+G8)*((8-1)/(MaxLevel-1))^(2^F8))) | P8: =IF(OR(D8="",E8=""),"",IF(IFERROR(INDEX(Stats!$D:$D,MATCH($C8,Stats!$A:$A,0)),FALSE),ROUND(D8+(E8-D8)*(1+G8)*((9-1)/(MaxLevel-1))^(2^F8),0),D8+(E8-D8)*(1+G8)*((9-1)/(MaxLevel-1))^(2^F8))) | Q8: =IF(OR(D8="",E8=""),"",IF(IFERROR(INDEX(Stats!$D:$D,MATCH($C8,Stats!$A:$A,0)),FALSE),ROUND(D8+(E8-D8)*(1+G8)*((10-1)/(MaxLevel-1))^(2^F8),0),D8+(E8-D8)*(1+G8)*((10-1)/(MaxLevel-1))^(2^F8)))
A9: 01U | B9: C1 | C9: Speed | H9: =IF(OR(D9="",E9=""),"",IF(IFERROR(INDEX(Stats!$D:$D,MATCH($C9,Stats!$A:$A,0)),FALSE),ROUND(D9+(E9-D9)*(1+G9)*((1-1)/(MaxLevel-1))^(2^F9),0),D9+(E9-D9)*(1+G9)*((1-1)/(MaxLevel-1))^(2^F9))) | I9: =IF(OR(D9="",E9=""),"",IF(IFERROR(INDEX(Stats!$D:$D,MATCH($C9,Stats!$A:$A,0)),FALSE),ROUND(D9+(E9-D9)*(1+G9)*((2-1)/(MaxLevel-1))^(2^F9),0),D9+(E9-D9)*(1+G9)*((2-1)/(MaxLevel-1))^(2^F9))) | J9: =IF(OR(D9="",E9=""),"",IF(IFERROR(INDEX(Stats!$D:$D,MATCH($C9,Stats!$A:$A,0)),FALSE),ROUND(D9+(E9-D9)*(1+G9)*((3-1)/(MaxLevel-1))^(2^F9),0),D9+(E9-D9)*(1+G9)*((3-1)/(MaxLevel-1))^(2^F9))) | K9: =IF(OR(D9="",E9=""),"",IF(IFERROR(INDEX(Stats!$D:$D,MATCH($C9,Stats!$A:$A,0)),FALSE),ROUND(D9+(E9-D9)*(1+G9)*((4-1)/(MaxLevel-1))^(2^F9),0),D9+(E9-D9)*(1+G9)*((4-1)/(MaxLevel-1))^(2^F9))) | L9: =IF(OR(D9="",E9=""),"",IF(IFERROR(INDEX(Stats!$D:$D,MATCH($C9,Stats!$A:$A,0)),FALSE),ROUND(D9+(E9-D9)*(1+G9)*((5-1)/(MaxLevel-1))^(2^F9),0),D9+(E9-D9)*(1+G9)*((5-1)/(MaxLevel-1))^(2^F9))) | M9: =IF(OR(D9="",E9=""),"",IF(IFERROR(INDEX(Stats!$D:$D,MATCH($C9,Stats!$A:$A,0)),FALSE),ROUND(D9+(E9-D9)*(1+G9)*((6-1)/(MaxLevel-1))^(2^F9),0),D9+(E9-D9)*(1+G9)*((6-1)/(MaxLevel-1))^(2^F9))) | N9: =IF(OR(D9="",E9=""),"",IF(IFERROR(INDEX(Stats!$D:$D,MATCH($C9,Stats!$A:$A,0)),FALSE),ROUND(D9+(E9-D9)*(1+G9)*((7-1)/(MaxLevel-1))^(2^F9),0),D9+(E9-D9)*(1+G9)*((7-1)/(MaxLevel-1))^(2^F9))) | O9: =IF(OR(D9="",E9=""),"",IF(IFERROR(INDEX(Stats!$D:$D,MATCH($C9,Stats!$A:$A,0)),FALSE),ROUND(D9+(E9-D9)*(1+G9)*((8-1)/(MaxLevel-1))^(2^F9),0),D9+(E9-D9)*(1+G9)*((8-1)/(MaxLevel-1))^(2^F9))) | P9: =IF(OR(D9="",E9=""),"",IF(IFERROR(INDEX(Stats!$D:$D,MATCH($C9,Stats!$A:$A,0)),FALSE),ROUND(D9+(E9-D9)*(1+G9)*((9-1)/(MaxLevel-1))^(2^F9),0),D9+(E9-D9)*(1+G9)*((9-1)/(MaxLevel-1))^(2^F9))) | Q9: =IF(OR(D9="",E9=""),"",IF(IFERROR(INDEX(Stats!$D:$D,MATCH($C9,Stats!$A:$A,0)),FALSE),ROUND(D9+(E9-D9)*(1+G9)*((10-1)/(MaxLevel-1))^(2^F9),0),D9+(E9-D9)*(1+G9)*((10-1)/(MaxLevel-1))^(2^F9)))
A10: 01U | B10: C1 | C10: Magic | H10: =IF(OR(D10="",E10=""),"",IF(IFERROR(INDEX(Stats!$D:$D,MATCH($C10,Stats!$A:$A,0)),FALSE),ROUND(D10+(E10-D10)*(1+G10)*((1-1)/(MaxLevel-1))^(2^F10),0),D10+(E10-D10)*(1+G10)*((1-1)/(MaxLevel-1))^(2^F10))) | I10: =IF(OR(D10="",E10=""),"",IF(IFERROR(INDEX(Stats!$D:$D,MATCH($C10,Stats!$A:$A,0)),FALSE),ROUND(D10+(E10-D10)*(1+G10)*((2-1)/(MaxLevel-1))^(2^F10),0),D10+(E10-D10)*(1+G10)*((2-1)/(MaxLevel-1))^(2^F10))) | J10: =IF(OR(D10="",E10=""),"",IF(IFERROR(INDEX(Stats!$D:$D,MATCH($C10,Stats!$A:$A,0)),FALSE),ROUND(D10+(E10-D10)*(1+G10)*((3-1)/(MaxLevel-1))^(2^F10),0),D10+(E10-D10)*(1+G10)*((3-1)/(MaxLevel-1))^(2^F10))) | K10: =IF(OR(D10="",E10=""),"",IF(IFERROR(INDEX(Stats!$D:$D,MATCH($C10,Stats!$A:$A,0)),FALSE),ROUND(D10+(E10-D10)*(1+G10)*((4-1)/(MaxLevel-1))^(2^F10),0),D10+(E10-D10)*(1+G10)*((4-1)/(MaxLevel-1))^(2^F10))) | L10: =IF(OR(D10="",E10=""),"",IF(IFERROR(INDEX(Stats!$D:$D,MATCH($C10,Stats!$A:$A,0)),FALSE),ROUND(D10+(E10-D10)*(1+G10)*((5-1)/(MaxLevel-1))^(2^F10),0),D10+(E10-D10)*(1+G10)*((5-1)/(MaxLevel-1))^(2^F10))) | M10: =IF(OR(D10="",E10=""),"",IF(IFERROR(INDEX(Stats!$D:$D,MATCH($C10,Stats!$A:$A,0)),FALSE),ROUND(D10+(E10-D10)*(1+G10)*((6-1)/(MaxLevel-1))^(2^F10),0),D10+(E10-D10)*(1+G10)*((6-1)/(MaxLevel-1))^(2^F10))) | N10: =IF(OR(D10="",E10=""),"",IF(IFERROR(INDEX(Stats!$D:$D,MATCH($C10,Stats!$A:$A,0)),FALSE),ROUND(D10+(E10-D10)*(1+G10)*((7-1)/(MaxLevel-1))^(2^F10),0),D10+(E10-D10)*(1+G10)*((7-1)/(MaxLevel-1))^(2^F10))) | O10: =IF(OR(D10="",E10=""),"",IF(IFERROR(INDEX(Stats!$D:$D,MATCH($C10,Stats!$A:$A,0)),FALSE),ROUND(D10+(E10-D10)*(1+G10)*((8-1)/(MaxLevel-1))^(2^F10),0),D10+(E10-D10)*(1+G10)*((8-1)/(MaxLevel-1))^(2^F10))) | P10: =IF(OR(D10="",E10=""),"",IF(IFERROR(INDEX(Stats!$D:$D,MATCH($C10,Stats!$A:$A,0)),FALSE),ROUND(D10+(E10-D10)*(1+G10)*((9-1)/(MaxLevel-1))^(2^F10),0),D10+(E10-D10)*(1+G10)*((9-1)/(MaxLevel-1))^(2^F10))) | Q10: =IF(OR(D10="",E10=""),"",IF(IFERROR(INDEX(Stats!$D:$D,MATCH($C10,Stats!$A:$A,0)),FALSE),ROUND(D10+(E10-D10)*(1+G10)*((10-1)/(MaxLevel-1))^(2^F10),0),D10+(E10-D10)*(1+G10)*((10-1)/(MaxLevel-1))^(2^F10)))
A11: 01U | B11: C1 | C11: Resistance | H11: =IF(OR(D11="",E11=""),"",IF(IFERROR(INDEX(Stats!$D:$D,MATCH($C11,Stats!$A:$A,0)),FALSE),ROUND(D11+(E11-D11)*(1+G11)*((1-1)/(MaxLevel-1))^(2^F11),0),D11+(E11-D11)*(1+G11)*((1-1)/(MaxLevel-1))^(2^F11))) | I11: =IF(OR(D11="",E11=""),"",IF(IFERROR(INDEX(Stats!$D:$D,MATCH($C11,Stats!$A:$A,0)),FALSE),ROUND(D11+(E11-D11)*(1+G11)*((2-1)/(MaxLevel-1))^(2^F11),0),D11+(E11-D11)*(1+G11)*((2-1)/(MaxLevel-1))^(2^F11))) | J11: =IF(OR(D11="",E11=""),"",IF(IFERROR(INDEX(Stats!$D:$D,MATCH($C11,Stats!$A:$A,0)),FALSE),ROUND(D11+(E11-D11)*(1+G11)*((3-1)/(MaxLevel-1))^(2^F11),0),D11+(E11-D11)*(1+G11)*((3-1)/(MaxLevel-1))^(2^F11))) | K11: =IF(OR(D11="",E11=""),"",IF(IFERROR(INDEX(Stats!$D:$D,MATCH($C11,Stats!$A:$A,0)),FALSE),ROUND(D11+(E11-D11)*(1+G11)*((4-1)/(MaxLevel-1))^(2^F11),0),D11+(E11-D11)*(1+G11)*((4-1)/(MaxLevel-1))^(2^F11))) | L11: =IF(OR(D11="",E11=""),"",IF(IFERROR(INDEX(Stats!$D:$D,MATCH($C11,Stats!$A:$A,0)),FALSE),ROUND(D11+(E11-D11)*(1+G11)*((5-1)/(MaxLevel-1))^(2^F11),0),D11+(E11-D11)*(1+G11)*((5-1)/(MaxLevel-1))^(2^F11))) | M11: =IF(OR(D11="",E11=""),"",IF(IFERROR(INDEX(Stats!$D:$D,MATCH($C11,Stats!$A:$A,0)),FALSE),ROUND(D11+(E11-D11)*(1+G11)*((6-1)/(MaxLevel-1))^(2^F11),0),D11+(E11-D11)*(1+G11)*((6-1)/(MaxLevel-1))^(2^F11))) | N11: =IF(OR(D11="",E11=""),"",IF(IFERROR(INDEX(Stats!$D:$D,MATCH($C11,Stats!$A:$A,0)),FALSE),ROUND(D11+(E11-D11)*(1+G11)*((7-1)/(MaxLevel-1))^(2^F11),0),D11+(E11-D11)*(1+G11)*((7-1)/(MaxLevel-1))^(2^F11))) | O11: =IF(OR(D11="",E11=""),"",IF(IFERROR(INDEX(Stats!$D:$D,MATCH($C11,Stats!$A:$A,0)),FALSE),ROUND(D11+(E11-D11)*(1+G11)*((8-1)/(MaxLevel-1))^(2^F11),0),D11+(E11-D11)*(1+G11)*((8-1)/(MaxLevel-1))^(2^F11))) | P11: =IF(OR(D11="",E11=""),"",IF(IFERROR(INDEX(Stats!$D:$D,MATCH($C11,Stats!$A:$A,0)),FALSE),ROUND(D11+(E11-D11)*(1+G11)*((9-1)/(MaxLevel-1))^(2^F11),0),D11+(E11-D11)*(1+G11)*((9-1)/(MaxLevel-1))^(2^F11))) | Q11: =IF(OR(D11="",E11=""),"",IF(IFERROR(INDEX(Stats!$D:$D,MATCH($C11,Stats!$A:$A,0)),FALSE),ROUND(D11+(E11-D11)*(1+G11)*((10-1)/(MaxLevel-1))^(2^F11),0),D11+(E11-D11)*(1+G11)*((10-1)/(MaxLevel-1))^(2^F11)))
A12: 01U | B12: C1 | C12: Luck | H12: =IF(OR(D12="",E12=""),"",IF(IFERROR(INDEX(Stats!$D:$D,MATCH($C12,Stats!$A:$A,0)),FALSE),ROUND(D12+(E12-D12)*(1+G12)*((1-1)/(MaxLevel-1))^(2^F12),0),D12+(E12-D12)*(1+G12)*((1-1)/(MaxLevel-1))^(2^F12))) | I12: =IF(OR(D12="",E12=""),"",IF(IFERROR(INDEX(Stats!$D:$D,MATCH($C12,Stats!$A:$A,0)),FALSE),ROUND(D12+(E12-D12)*(1+G12)*((2-1)/(MaxLevel-1))^(2^F12),0),D12+(E12-D12)*(1+G12)*((2-1)/(MaxLevel-1))^(2^F12))) | J12: =IF(OR(D12="",E12=""),"",IF(IFERROR(INDEX(Stats!$D:$D,MATCH($C12,Stats!$A:$A,0)),FALSE),ROUND(D12+(E12-D12)*(1+G12)*((3-1)/(MaxLevel-1))^(2^F12),0),D12+(E12-D12)*(1+G12)*((3-1)/(MaxLevel-1))^(2^F12))) | K12: =IF(OR(D12="",E12=""),"",IF(IFERROR(INDEX(Stats!$D:$D,MATCH($C12,Stats!$A:$A,0)),FALSE),ROUND(D12+(E12-D12)*(1+G12)*((4-1)/(MaxLevel-1))^(2^F12),0),D12+(E12-D12)*(1+G12)*((4-1)/(MaxLevel-1))^(2^F12))) | L12: =IF(OR(D12="",E12=""),"",IF(IFERROR(INDEX(Stats!$D:$D,MATCH($C12,Stats!$A:$A,0)),FALSE),ROUND(D12+(E12-D12)*(1+G12)*((5-1)/(MaxLevel-1))^(2^F12),0),D12+(E12-D12)*(1+G12)*((5-1)/(MaxLevel-1))^(2^F12))) | M12: =IF(OR(D12="",E12=""),"",IF(IFERROR(INDEX(Stats!$D:$D,MATCH($C12,Stats!$A:$A,0)),FALSE),ROUND(D12+(E12-D12)*(1+G12)*((6-1)/(MaxLevel-1))^(2^F12),0),D12+(E12-D12)*(1+G12)*((6-1)/(MaxLevel-1))^(2^F12))) | N12: =IF(OR(D12="",E12=""),"",IF(IFERROR(INDEX(Stats!$D:$D,MATCH($C12,Stats!$A:$A,0)),FALSE),ROUND(D12+(E12-D12)*(1+G12)*((7-1)/(MaxLevel-1))^(2^F12),0),D12+(E12-D12)*(1+G12)*((7-1)/(MaxLevel-1))^(2^F12))) | O12: =IF(OR(D12="",E12=""),"",IF(IFERROR(INDEX(Stats!$D:$D,MATCH($C12,Stats!$A:$A,0)),FALSE),ROUND(D12+(E12-D12)*(1+G12)*((8-1)/(MaxLevel-1))^(2^F12),0),D12+(E12-D12)*(1+G12)*((8-1)/(MaxLevel-1))^(2^F12))) | P12: =IF(OR(D12="",E12=""),"",IF(IFERROR(INDEX(Stats!$D:$D,MATCH($C12,Stats!$A:$A,0)),FALSE),ROUND(D12+(E12-D12)*(1+G12)*((9-1)/(MaxLevel-1))^(2^F12),0),D12+(E12-D12)*(1+G12)*((9-1)/(MaxLevel-1))^(2^F12))) | Q12: =IF(OR(D12="",E12=""),"",IF(IFERROR(INDEX(Stats!$D:$D,MATCH($C12,Stats!$A:$A,0)),FALSE),ROUND(D12+(E12-D12)*(1+G12)*((10-1)/(MaxLevel-1))^(2^F12),0),D12+(E12-D12)*(1+G12)*((10-1)/(MaxLevel-1))^(2^F12)))
A13: 01U | B13: C1 | C13: Weight | H13: =IF(OR(D13="",E13=""),"",IF(IFERROR(INDEX(Stats!$D:$D,MATCH($C13,Stats!$A:$A,0)),FALSE),ROUND(D13+(E13-D13)*(1+G13)*((1-1)/(MaxLevel-1))^(2^F13),0),D13+(E13-D13)*(1+G13)*((1-1)/(MaxLevel-1))^(2^F13))) | I13: =IF(OR(D13="",E13=""),"",IF(IFERROR(INDEX(Stats!$D:$D,MATCH($C13,Stats!$A:$A,0)),FALSE),ROUND(D13+(E13-D13)*(1+G13)*((2-1)/(MaxLevel-1))^(2^F13),0),D13+(E13-D13)*(1+G13)*((2-1)/(MaxLevel-1))^(2^F13))) | J13: =IF(OR(D13="",E13=""),"",IF(IFERROR(INDEX(Stats!$D:$D,MATCH($C13,Stats!$A:$A,0)),FALSE),ROUND(D13+(E13-D13)*(1+G13)*((3-1)/(MaxLevel-1))^(2^F13),0),D13+(E13-D13)*(1+G13)*((3-1)/(MaxLevel-1))^(2^F13))) | K13: =IF(OR(D13="",E13=""),"",IF(IFERROR(INDEX(Stats!$D:$D,MATCH($C13,Stats!$A:$A,0)),FALSE),ROUND(D13+(E13-D13)*(1+G13)*((4-1)/(MaxLevel-1))^(2^F13),0),D13+(E13-D13)*(1+G13)*((4-1)/(MaxLevel-1))^(2^F13))) | L13: =IF(OR(D13="",E13=""),"",IF(IFERROR(INDEX(Stats!$D:$D,MATCH($C13,Stats!$A:$A,0)),FALSE),ROUND(D13+(E13-D13)*(1+G13)*((5-1)/(MaxLevel-1))^(2^F13),0),D13+(E13-D13)*(1+G13)*((5-1)/(MaxLevel-1))^(2^F13))) | M13: =IF(OR(D13="",E13=""),"",IF(IFERROR(INDEX(Stats!$D:$D,MATCH($C13,Stats!$A:$A,0)),FALSE),ROUND(D13+(E13-D13)*(1+G13)*((6-1)/(MaxLevel-1))^(2^F13),0),D13+(E13-D13)*(1+G13)*((6-1)/(MaxLevel-1))^(2^F13))) | N13: =IF(OR(D13="",E13=""),"",IF(IFERROR(INDEX(Stats!$D:$D,MATCH($C13,Stats!$A:$A,0)),FALSE),ROUND(D13+(E13-D13)*(1+G13)*((7-1)/(MaxLevel-1))^(2^F13),0),D13+(E13-D13)*(1+G13)*((7-1)/(MaxLevel-1))^(2^F13))) | O13: =IF(OR(D13="",E13=""),"",IF(IFERROR(INDEX(Stats!$D:$D,MATCH($C13,Stats!$A:$A,0)),FALSE),ROUND(D13+(E13-D13)*(1+G13)*((8-1)/(MaxLevel-1))^(2^F13),0),D13+(E13-D13)*(1+G13)*((8-1)/(MaxLevel-1))^(2^F13))) | P13: =IF(OR(D13="",E13=""),"",IF(IFERROR(INDEX(Stats!$D:$D,MATCH($C13,Stats!$A:$A,0)),FALSE),ROUND(D13+(E13-D13)*(1+G13)*((9-1)/(MaxLevel-1))^(2^F13),0),D13+(E13-D13)*(1+G13)*((9-1)/(MaxLevel-1))^(2^F13))) | Q13: =IF(OR(D13="",E13=""),"",IF(IFERROR(INDEX(Stats!$D:$D,MATCH($C13,Stats!$A:$A,0)),FALSE),ROUND(D13+(E13-D13)*(1+G13)*((10-1)/(MaxLevel-1))^(2^F13),0),D13+(E13-D13)*(1+G13)*((10-1)/(MaxLevel-1))^(2^F13)))
A14: 01U | B14: C1 | C14: WorkingCost | H14: =IF(OR(D14="",E14=""),"",IF(IFERROR(INDEX(Stats!$D:$D,MATCH($C14,Stats!$A:$A,0)),FALSE),ROUND(D14+(E14-D14)*(1+G14)*((1-1)/(MaxLevel-1))^(2^F14),0),D14+(E14-D14)*(1+G14)*((1-1)/(MaxLevel-1))^(2^F14))) | I14: =IF(OR(D14="",E14=""),"",IF(IFERROR(INDEX(Stats!$D:$D,MATCH($C14,Stats!$A:$A,0)),FALSE),ROUND(D14+(E14-D14)*(1+G14)*((2-1)/(MaxLevel-1))^(2^F14),0),D14+(E14-D14)*(1+G14)*((2-1)/(MaxLevel-1))^(2^F14))) | J14: =IF(OR(D14="",E14=""),"",IF(IFERROR(INDEX(Stats!$D:$D,MATCH($C14,Stats!$A:$A,0)),FALSE),ROUND(D14+(E14-D14)*(1+G14)*((3-1)/(MaxLevel-1))^(2^F14),0),D14+(E14-D14)*(1+G14)*((3-1)/(MaxLevel-1))^(2^F14))) | K14: =IF(OR(D14="",E14=""),"",IF(IFERROR(INDEX(Stats!$D:$D,MATCH($C14,Stats!$A:$A,0)),FALSE),ROUND(D14+(E14-D14)*(1+G14)*((4-1)/(MaxLevel-1))^(2^F14),0),D14+(E14-D14)*(1+G14)*((4-1)/(MaxLevel-1))^(2^F14))) | L14: =IF(OR(D14="",E14=""),"",IF(IFERROR(INDEX(Stats!$D:$D,MATCH($C14,Stats!$A:$A,0)),FALSE),ROUND(D14+(E14-D14)*(1+G14)*((5-1)/(MaxLevel-1))^(2^F14),0),D14+(E14-D14)*(1+G14)*((5-1)/(MaxLevel-1))^(2^F14))) | M14: =IF(OR(D14="",E14=""),"",IF(IFERROR(INDEX(Stats!$D:$D,MATCH($C14,Stats!$A:$A,0)),FALSE),ROUND(D14+(E14-D14)*(1+G14)*((6-1)/(MaxLevel-1))^(2^F14),0),D14+(E14-D14)*(1+G14)*((6-1)/(MaxLevel-1))^(2^F14))) | N14: =IF(OR(D14="",E14=""),"",IF(IFERROR(INDEX(Stats!$D:$D,MATCH($C14,Stats!$A:$A,0)),FALSE),ROUND(D14+(E14-D14)*(1+G14)*((7-1)/(MaxLevel-1))^(2^F14),0),D14+(E14-D14)*(1+G14)*((7-1)/(MaxLevel-1))^(2^F14))) | O14: =IF(OR(D14="",E14=""),"",IF(IFERROR(INDEX(Stats!$D:$D,MATCH($C14,Stats!$A:$A,0)),FALSE),ROUND(D14+(E14-D14)*(1+G14)*((8-1)/(MaxLevel-1))^(2^F14),0),D14+(E14-D14)*(1+G14)*((8-1)/(MaxLevel-1))^(2^F14))) | P14: =IF(OR(D14="",E14=""),"",IF(IFERROR(INDEX(Stats!$D:$D,MATCH($C14,Stats!$A:$A,0)),FALSE),ROUND(D14+(E14-D14)*(1+G14)*((9-1)/(MaxLevel-1))^(2^F14),0),D14+(E14-D14)*(1+G14)*((9-1)/(MaxLevel-1))^(2^F14))) | Q14: =IF(OR(D14="",E14=""),"",IF(IFERROR(INDEX(Stats!$D:$D,MATCH($C14,Stats!$A:$A,0)),FALSE),ROUND(D14+(E14-D14)*(1+G14)*((10-1)/(MaxLevel-1))^(2^F14),0),D14+(E14-D14)*(1+G14)*((10-1)/(MaxLevel-1))^(2^F14)))
A15: 01U | B15: C1 | C15: SkillResearch | H15: =IF(OR(D15="",E15=""),"",IF(IFERROR(INDEX(Stats!$D:$D,MATCH($C15,Stats!$A:$A,0)),FALSE),ROUND(D15+(E15-D15)*(1+G15)*((1-1)/(MaxLevel-1))^(2^F15),0),D15+(E15-D15)*(1+G15)*((1-1)/(MaxLevel-1))^(2^F15))) | I15: =IF(OR(D15="",E15=""),"",IF(IFERROR(INDEX(Stats!$D:$D,MATCH($C15,Stats!$A:$A,0)),FALSE),ROUND(D15+(E15-D15)*(1+G15)*((2-1)/(MaxLevel-1))^(2^F15),0),D15+(E15-D15)*(1+G15)*((2-1)/(MaxLevel-1))^(2^F15))) | J15: =IF(OR(D15="",E15=""),"",IF(IFERROR(INDEX(Stats!$D:$D,MATCH($C15,Stats!$A:$A,0)),FALSE),ROUND(D15+(E15-D15)*(1+G15)*((3-1)/(MaxLevel-1))^(2^F15),0),D15+(E15-D15)*(1+G15)*((3-1)/(MaxLevel-1))^(2^F15))) | K15: =IF(OR(D15="",E15=""),"",IF(IFERROR(INDEX(Stats!$D:$D,MATCH($C15,Stats!$A:$A,0)),FALSE),ROUND(D15+(E15-D15)*(1+G15)*((4-1)/(MaxLevel-1))^(2^F15),0),D15+(E15-D15)*(1+G15)*((4-1)/(MaxLevel-1))^(2^F15))) | L15: =IF(OR(D15="",E15=""),"",IF(IFERROR(INDEX(Stats!$D:$D,MATCH($C15,Stats!$A:$A,0)),FALSE),ROUND(D15+(E15-D15)*(1+G15)*((5-1)/(MaxLevel-1))^(2^F15),0),D15+(E15-D15)*(1+G15)*((5-1)/(MaxLevel-1))^(2^F15))) | M15: =IF(OR(D15="",E15=""),"",IF(IFERROR(INDEX(Stats!$D:$D,MATCH($C15,Stats!$A:$A,0)),FALSE),ROUND(D15+(E15-D15)*(1+G15)*((6-1)/(MaxLevel-1))^(2^F15),0),D15+(E15-D15)*(1+G15)*((6-1)/(MaxLevel-1))^(2^F15))) | N15: =IF(OR(D15="",E15=""),"",IF(IFERROR(INDEX(Stats!$D:$D,MATCH($C15,Stats!$A:$A,0)),FALSE),ROUND(D15+(E15-D15)*(1+G15)*((7-1)/(MaxLevel-1))^(2^F15),0),D15+(E15-D15)*(1+G15)*((7-1)/(MaxLevel-1))^(2^F15))) | O15: =IF(OR(D15="",E15=""),"",IF(IFERROR(INDEX(Stats!$D:$D,MATCH($C15,Stats!$A:$A,0)),FALSE),ROUND(D15+(E15-D15)*(1+G15)*((8-1)/(MaxLevel-1))^(2^F15),0),D15+(E15-D15)*(1+G15)*((8-1)/(MaxLevel-1))^(2^F15))) | P15: =IF(OR(D15="",E15=""),"",IF(IFERROR(INDEX(Stats!$D:$D,MATCH($C15,Stats!$A:$A,0)),FALSE),ROUND(D15+(E15-D15)*(1+G15)*((9-1)/(MaxLevel-1))^(2^F15),0),D15+(E15-D15)*(1+G15)*((9-1)/(MaxLevel-1))^(2^F15))) | Q15: =IF(OR(D15="",E15=""),"",IF(IFERROR(INDEX(Stats!$D:$D,MATCH($C15,Stats!$A:$A,0)),FALSE),ROUND(D15+(E15-D15)*(1+G15)*((10-1)/(MaxLevel-1))^(2^F15),0),D15+(E15-D15)*(1+G15)*((10-1)/(MaxLevel-1))^(2^F15)))
A16: 01U | B16: C1 | C16: SkillTrain | H16: =IF(OR(D16="",E16=""),"",IF(IFERROR(INDEX(Stats!$D:$D,MATCH($C16,Stats!$A:$A,0)),FALSE),ROUND(D16+(E16-D16)*(1+G16)*((1-1)/(MaxLevel-1))^(2^F16),0),D16+(E16-D16)*(1+G16)*((1-1)/(MaxLevel-1))^(2^F16))) | I16: =IF(OR(D16="",E16=""),"",IF(IFERROR(INDEX(Stats!$D:$D,MATCH($C16,Stats!$A:$A,0)),FALSE),ROUND(D16+(E16-D16)*(1+G16)*((2-1)/(MaxLevel-1))^(2^F16),0),D16+(E16-D16)*(1+G16)*((2-1)/(MaxLevel-1))^(2^F16))) | J16: =IF(OR(D16="",E16=""),"",IF(IFERROR(INDEX(Stats!$D:$D,MATCH($C16,Stats!$A:$A,0)),FALSE),ROUND(D16+(E16-D16)*(1+G16)*((3-1)/(MaxLevel-1))^(2^F16),0),D16+(E16-D16)*(1+G16)*((3-1)/(MaxLevel-1))^(2^F16))) | K16: =IF(OR(D16="",E16=""),"",IF(IFERROR(INDEX(Stats!$D:$D,MATCH($C16,Stats!$A:$A,0)),FALSE),ROUND(D16+(E16-D16)*(1+G16)*((4-1)/(MaxLevel-1))^(2^F16),0),D16+(E16-D16)*(1+G16)*((4-1)/(MaxLevel-1))^(2^F16))) | L16: =IF(OR(D16="",E16=""),"",IF(IFERROR(INDEX(Stats!$D:$D,MATCH($C16,Stats!$A:$A,0)),FALSE),ROUND(D16+(E16-D16)*(1+G16)*((5-1)/(MaxLevel-1))^(2^F16),0),D16+(E16-D16)*(1+G16)*((5-1)/(MaxLevel-1))^(2^F16))) | M16: =IF(OR(D16="",E16=""),"",IF(IFERROR(INDEX(Stats!$D:$D,MATCH($C16,Stats!$A:$A,0)),FALSE),ROUND(D16+(E16-D16)*(1+G16)*((6-1)/(MaxLevel-1))^(2^F16),0),D16+(E16-D16)*(1+G16)*((6-1)/(MaxLevel-1))^(2^F16))) | N16: =IF(OR(D16="",E16=""),"",IF(IFERROR(INDEX(Stats!$D:$D,MATCH($C16,Stats!$A:$A,0)),FALSE),ROUND(D16+(E16-D16)*(1+G16)*((7-1)/(MaxLevel-1))^(2^F16),0),D16+(E16-D16)*(1+G16)*((7-1)/(MaxLevel-1))^(2^F16))) | O16: =IF(OR(D16="",E16=""),"",IF(IFERROR(INDEX(Stats!$D:$D,MATCH($C16,Stats!$A:$A,0)),FALSE),ROUND(D16+(E16-D16)*(1+G16)*((8-1)/(MaxLevel-1))^(2^F16),0),D16+(E16-D16)*(1+G16)*((8-1)/(MaxLevel-1))^(2^F16))) | P16: =IF(OR(D16="",E16=""),"",IF(IFERROR(INDEX(Stats!$D:$D,MATCH($C16,Stats!$A:$A,0)),FALSE),ROUND(D16+(E16-D16)*(1+G16)*((9-1)/(MaxLevel-1))^(2^F16),0),D16+(E16-D16)*(1+G16)*((9-1)/(MaxLevel-1))^(2^F16))) | Q16: =IF(OR(D16="",E16=""),"",IF(IFERROR(INDEX(Stats!$D:$D,MATCH($C16,Stats!$A:$A,0)),FALSE),ROUND(D16+(E16-D16)*(1+G16)*((10-1)/(MaxLevel-1))^(2^F16),0),D16+(E16-D16)*(1+G16)*((10-1)/(MaxLevel-1))^(2^F16)))
A17: 01U | B17: C1 | C17: SkillBuild | H17: =IF(OR(D17="",E17=""),"",IF(IFERROR(INDEX(Stats!$D:$D,MATCH($C17,Stats!$A:$A,0)),FALSE),ROUND(D17+(E17-D17)*(1+G17)*((1-1)/(MaxLevel-1))^(2^F17),0),D17+(E17-D17)*(1+G17)*((1-1)/(MaxLevel-1))^(2^F17))) | I17: =IF(OR(D17="",E17=""),"",IF(IFERROR(INDEX(Stats!$D:$D,MATCH($C17,Stats!$A:$A,0)),FALSE),ROUND(D17+(E17-D17)*(1+G17)*((2-1)/(MaxLevel-1))^(2^F17),0),D17+(E17-D17)*(1+G17)*((2-1)/(MaxLevel-1))^(2^F17))) | J17: =IF(OR(D17="",E17=""),"",IF(IFERROR(INDEX(Stats!$D:$D,MATCH($C17,Stats!$A:$A,0)),FALSE),ROUND(D17+(E17-D17)*(1+G17)*((3-1)/(MaxLevel-1))^(2^F17),0),D17+(E17-D17)*(1+G17)*((3-1)/(MaxLevel-1))^(2^F17))) | K17: =IF(OR(D17="",E17=""),"",IF(IFERROR(INDEX(Stats!$D:$D,MATCH($C17,Stats!$A:$A,0)),FALSE),ROUND(D17+(E17-D17)*(1+G17)*((4-1)/(MaxLevel-1))^(2^F17),0),D17+(E17-D17)*(1+G17)*((4-1)/(MaxLevel-1))^(2^F17))) | L17: =IF(OR(D17="",E17=""),"",IF(IFERROR(INDEX(Stats!$D:$D,MATCH($C17,Stats!$A:$A,0)),FALSE),ROUND(D17+(E17-D17)*(1+G17)*((5-1)/(MaxLevel-1))^(2^F17),0),D17+(E17-D17)*(1+G17)*((5-1)/(MaxLevel-1))^(2^F17))) | M17: =IF(OR(D17="",E17=""),"",IF(IFERROR(INDEX(Stats!$D:$D,MATCH($C17,Stats!$A:$A,0)),FALSE),ROUND(D17+(E17-D17)*(1+G17)*((6-1)/(MaxLevel-1))^(2^F17),0),D17+(E17-D17)*(1+G17)*((6-1)/(MaxLevel-1))^(2^F17))) | N17: =IF(OR(D17="",E17=""),"",IF(IFERROR(INDEX(Stats!$D:$D,MATCH($C17,Stats!$A:$A,0)),FALSE),ROUND(D17+(E17-D17)*(1+G17)*((7-1)/(MaxLevel-1))^(2^F17),0),D17+(E17-D17)*(1+G17)*((7-1)/(MaxLevel-1))^(2^F17))) | O17: =IF(OR(D17="",E17=""),"",IF(IFERROR(INDEX(Stats!$D:$D,MATCH($C17,Stats!$A:$A,0)),FALSE),ROUND(D17+(E17-D17)*(1+G17)*((8-1)/(MaxLevel-1))^(2^F17),0),D17+(E17-D17)*(1+G17)*((8-1)/(MaxLevel-1))^(2^F17))) | P17: =IF(OR(D17="",E17=""),"",IF(IFERROR(INDEX(Stats!$D:$D,MATCH($C17,Stats!$A:$A,0)),FALSE),ROUND(D17+(E17-D17)*(1+G17)*((9-1)/(MaxLevel-1))^(2^F17),0),D17+(E17-D17)*(1+G17)*((9-1)/(MaxLevel-1))^(2^F17))) | Q17: =IF(OR(D17="",E17=""),"",IF(IFERROR(INDEX(Stats!$D:$D,MATCH($C17,Stats!$A:$A,0)),FALSE),ROUND(D17+(E17-D17)*(1+G17)*((10-1)/(MaxLevel-1))^(2^F17),0),D17+(E17-D17)*(1+G17)*((10-1)/(MaxLevel-1))^(2^F17)))
A18: 01U | B18: C1 | C18: SkillPray | H18: =IF(OR(D18="",E18=""),"",IF(IFERROR(INDEX(Stats!$D:$D,MATCH($C18,Stats!$A:$A,0)),FALSE),ROUND(D18+(E18-D18)*(1+G18)*((1-1)/(MaxLevel-1))^(2^F18),0),D18+(E18-D18)*(1+G18)*((1-1)/(MaxLevel-1))^(2^F18))) | I18: =IF(OR(D18="",E18=""),"",IF(IFERROR(INDEX(Stats!$D:$D,MATCH($C18,Stats!$A:$A,0)),FALSE),ROUND(D18+(E18-D18)*(1+G18)*((2-1)/(MaxLevel-1))^(2^F18),0),D18+(E18-D18)*(1+G18)*((2-1)/(MaxLevel-1))^(2^F18))) | J18: =IF(OR(D18="",E18=""),"",IF(IFERROR(INDEX(Stats!$D:$D,MATCH($C18,Stats!$A:$A,0)),FALSE),ROUND(D18+(E18-D18)*(1+G18)*((3-1)/(MaxLevel-1))^(2^F18),0),D18+(E18-D18)*(1+G18)*((3-1)/(MaxLevel-1))^(2^F18))) | K18: =IF(OR(D18="",E18=""),"",IF(IFERROR(INDEX(Stats!$D:$D,MATCH($C18,Stats!$A:$A,0)),FALSE),ROUND(D18+(E18-D18)*(1+G18)*((4-1)/(MaxLevel-1))^(2^F18),0),D18+(E18-D18)*(1+G18)*((4-1)/(MaxLevel-1))^(2^F18))) | L18: =IF(OR(D18="",E18=""),"",IF(IFERROR(INDEX(Stats!$D:$D,MATCH($C18,Stats!$A:$A,0)),FALSE),ROUND(D18+(E18-D18)*(1+G18)*((5-1)/(MaxLevel-1))^(2^F18),0),D18+(E18-D18)*(1+G18)*((5-1)/(MaxLevel-1))^(2^F18))) | M18: =IF(OR(D18="",E18=""),"",IF(IFERROR(INDEX(Stats!$D:$D,MATCH($C18,Stats!$A:$A,0)),FALSE),ROUND(D18+(E18-D18)*(1+G18)*((6-1)/(MaxLevel-1))^(2^F18),0),D18+(E18-D18)*(1+G18)*((6-1)/(MaxLevel-1))^(2^F18))) | N18: =IF(OR(D18="",E18=""),"",IF(IFERROR(INDEX(Stats!$D:$D,MATCH($C18,Stats!$A:$A,0)),FALSE),ROUND(D18+(E18-D18)*(1+G18)*((7-1)/(MaxLevel-1))^(2^F18),0),D18+(E18-D18)*(1+G18)*((7-1)/(MaxLevel-1))^(2^F18))) | O18: =IF(OR(D18="",E18=""),"",IF(IFERROR(INDEX(Stats!$D:$D,MATCH($C18,Stats!$A:$A,0)),FALSE),ROUND(D18+(E18-D18)*(1+G18)*((8-1)/(MaxLevel-1))^(2^F18),0),D18+(E18-D18)*(1+G18)*((8-1)/(MaxLevel-1))^(2^F18))) | P18: =IF(OR(D18="",E18=""),"",IF(IFERROR(INDEX(Stats!$D:$D,MATCH($C18,Stats!$A:$A,0)),FALSE),ROUND(D18+(E18-D18)*(1+G18)*((9-1)/(MaxLevel-1))^(2^F18),0),D18+(E18-D18)*(1+G18)*((9-1)/(MaxLevel-1))^(2^F18))) | Q18: =IF(OR(D18="",E18=""),"",IF(IFERROR(INDEX(Stats!$D:$D,MATCH($C18,Stats!$A:$A,0)),FALSE),ROUND(D18+(E18-D18)*(1+G18)*((10-1)/(MaxLevel-1))^(2^F18),0),D18+(E18-D18)*(1+G18)*((10-1)/(MaxLevel-1))^(2^F18)))
A19: 01U | B19: C1 | C19: SkillTorture | H19: =IF(OR(D19="",E19=""),"",IF(IFERROR(INDEX(Stats!$D:$D,MATCH($C19,Stats!$A:$A,0)),FALSE),ROUND(D19+(E19-D19)*(1+G19)*((1-1)/(MaxLevel-1))^(2^F19),0),D19+(E19-D19)*(1+G19)*((1-1)/(MaxLevel-1))^(2^F19))) | I19: =IF(OR(D19="",E19=""),"",IF(IFERROR(INDEX(Stats!$D:$D,MATCH($C19,Stats!$A:$A,0)),FALSE),ROUND(D19+(E19-D19)*(1+G19)*((2-1)/(MaxLevel-1))^(2^F19),0),D19+(E19-D19)*(1+G19)*((2-1)/(MaxLevel-1))^(2^F19))) | J19: =IF(OR(D19="",E19=""),"",IF(IFERROR(INDEX(Stats!$D:$D,MATCH($C19,Stats!$A:$A,0)),FALSE),ROUND(D19+(E19-D19)*(1+G19)*((3-1)/(MaxLevel-1))^(2^F19),0),D19+(E19-D19)*(1+G19)*((3-1)/(MaxLevel-1))^(2^F19))) | K19: =IF(OR(D19="",E19=""),"",IF(IFERROR(INDEX(Stats!$D:$D,MATCH($C19,Stats!$A:$A,0)),FALSE),ROUND(D19+(E19-D19)*(1+G19)*((4-1)/(MaxLevel-1))^(2^F19),0),D19+(E19-D19)*(1+G19)*((4-1)/(MaxLevel-1))^(2^F19))) | L19: =IF(OR(D19="",E19=""),"",IF(IFERROR(INDEX(Stats!$D:$D,MATCH($C19,Stats!$A:$A,0)),FALSE),ROUND(D19+(E19-D19)*(1+G19)*((5-1)/(MaxLevel-1))^(2^F19),0),D19+(E19-D19)*(1+G19)*((5-1)/(MaxLevel-1))^(2^F19))) | M19: =IF(OR(D19="",E19=""),"",IF(IFERROR(INDEX(Stats!$D:$D,MATCH($C19,Stats!$A:$A,0)),FALSE),ROUND(D19+(E19-D19)*(1+G19)*((6-1)/(MaxLevel-1))^(2^F19),0),D19+(E19-D19)*(1+G19)*((6-1)/(MaxLevel-1))^(2^F19))) | N19: =IF(OR(D19="",E19=""),"",IF(IFERROR(INDEX(Stats!$D:$D,MATCH($C19,Stats!$A:$A,0)),FALSE),ROUND(D19+(E19-D19)*(1+G19)*((7-1)/(MaxLevel-1))^(2^F19),0),D19+(E19-D19)*(1+G19)*((7-1)/(MaxLevel-1))^(2^F19))) | O19: =IF(OR(D19="",E19=""),"",IF(IFERROR(INDEX(Stats!$D:$D,MATCH($C19,Stats!$A:$A,0)),FALSE),ROUND(D19+(E19-D19)*(1+G19)*((8-1)/(MaxLevel-1))^(2^F19),0),D19+(E19-D19)*(1+G19)*((8-1)/(MaxLevel-1))^(2^F19))) | P19: =IF(OR(D19="",E19=""),"",IF(IFERROR(INDEX(Stats!$D:$D,MATCH($C19,Stats!$A:$A,0)),FALSE),ROUND(D19+(E19-D19)*(1+G19)*((9-1)/(MaxLevel-1))^(2^F19),0),D19+(E19-D19)*(1+G19)*((9-1)/(MaxLevel-1))^(2^F19))) | Q19: =IF(OR(D19="",E19=""),"",IF(IFERROR(INDEX(Stats!$D:$D,MATCH($C19,Stats!$A:$A,0)),FALSE),ROUND(D19+(E19-D19)*(1+G19)*((10-1)/(MaxLevel-1))^(2^F19),0),D19+(E19-D19)*(1+G19)*((10-1)/(MaxLevel-1))^(2^F19)))
A20: 01U | B20: C1 | C20: Anger | D20: 0.3 | E20: 0.1 | F20: 0 | G20: 0 | H20: =IF(OR(D20="",E20=""),"",IF(IFERROR(INDEX(Stats!$D:$D,MATCH($C20,Stats!$A:$A,0)),FALSE),ROUND(D20+(E20-D20)*(1+G20)*((1-1)/(MaxLevel-1))^(2^F20),0),D20+(E20-D20)*(1+G20)*((1-1)/(MaxLevel-1))^(2^F20))) -> 0.3 | I20: =IF(OR(D20="",E20=""),"",IF(IFERROR(INDEX(Stats!$D:$D,MATCH($C20,Stats!$A:$A,0)),FALSE),ROUND(D20+(E20-D20)*(1+G20)*((2-1)/(MaxLevel-1))^(2^F20),0),D20+(E20-D20)*(1+G20)*((2-1)/(MaxLevel-1))^(2^F20))) -> 0.27777778 | J20: =IF(OR(D20="",E20=""),"",IF(IFERROR(INDEX(Stats!$D:$D,MATCH($C20,Stats!$A:$A,0)),FALSE),ROUND(D20+(E20-D20)*(1+G20)*((3-1)/(MaxLevel-1))^(2^F20),0),D20+(E20-D20)*(1+G20)*((3-1)/(MaxLevel-1))^(2^F20))) -> 0.25555556 | K20: =IF(OR(D20="",E20=""),"",IF(IFERROR(INDEX(Stats!$D:$D,MATCH($C20,Stats!$A:$A,0)),FALSE),ROUND(D20+(E20-D20)*(1+G20)*((4-1)/(MaxLevel-1))^(2^F20),0),D20+(E20-D20)*(1+G20)*((4-1)/(MaxLevel-1))^(2^F20))) -> 0.23333333 | L20: =IF(OR(D20="",E20=""),"",IF(IFERROR(INDEX(Stats!$D:$D,MATCH($C20,Stats!$A:$A,0)),FALSE),ROUND(D20+(E20-D20)*(1+G20)*((5-1)/(MaxLevel-1))^(2^F20),0),D20+(E20-D20)*(1+G20)*((5-1)/(MaxLevel-1))^(2^F20))) -> 0.21111111 | M20: =IF(OR(D20="",E20=""),"",IF(IFERROR(INDEX(Stats!$D:$D,MATCH($C20,Stats!$A:$A,0)),FALSE),ROUND(D20+(E20-D20)*(1+G20)*((6-1)/(MaxLevel-1))^(2^F20),0),D20+(E20-D20)*(1+G20)*((6-1)/(MaxLevel-1))^(2^F20))) -> 0.18888889 | N20: =IF(OR(D20="",E20=""),"",IF(IFERROR(INDEX(Stats!$D:$D,MATCH($C20,Stats!$A:$A,0)),FALSE),ROUND(D20+(E20-D20)*(1+G20)*((7-1)/(MaxLevel-1))^(2^F20),0),D20+(E20-D20)*(1+G20)*((7-1)/(MaxLevel-1))^(2^F20))) -> 0.16666667 | O20: =IF(OR(D20="",E20=""),"",IF(IFERROR(INDEX(Stats!$D:$D,MATCH($C20,Stats!$A:$A,0)),FALSE),ROUND(D20+(E20-D20)*(1+G20)*((8-1)/(MaxLevel-1))^(2^F20),0),D20+(E20-D20)*(1+G20)*((8-1)/(MaxLevel-1))^(2^F20))) -> 0.14444444 | P20: =IF(OR(D20="",E20=""),"",IF(IFERROR(INDEX(Stats!$D:$D,MATCH($C20,Stats!$A:$A,0)),FALSE),ROUND(D20+(E20-D20)*(1+G20)*((9-1)/(MaxLevel-1))^(2^F20),0),D20+(E20-D20)*(1+G20)*((9-1)/(MaxLevel-1))^(2^F20))) -> 0.12222222 | Q20: =IF(OR(D20="",E20=""),"",IF(IFERROR(INDEX(Stats!$D:$D,MATCH($C20,Stats!$A:$A,0)),FALSE),ROUND(D20+(E20-D20)*(1+G20)*((10-1)/(MaxLevel-1))^(2^F20),0),D20+(E20-D20)*(1+G20)*((10-1)/(MaxLevel-1))^(2^F20))) -> 0.1
A21: 01U | B21: C2 | C21: Experience | D21: 0 | E21: 20000 | F21: 1 | G21: 0 | H21: =IF(OR(D21="",E21=""),"",IF(IFERROR(INDEX(Stats!$D:$D,MATCH($C21,Stats!$A:$A,0)),FALSE),ROUND(D21+(E21-D21)*(1+G21)*((1-1)/(MaxLevel-1))^(2^F21),0),D21+(E21-D21)*(1+G21)*((1-1)/(MaxLevel-1))^(2^F21))) -> 0 | I21: =IF(OR(D21="",E21=""),"",IF(IFERROR(INDEX(Stats!$D:$D,MATCH($C21,Stats!$A:$A,0)),FALSE),ROUND(D21+(E21-D21)*(1+G21)*((2-1)/(MaxLevel-1))^(2^F21),0),D21+(E21-D21)*(1+G21)*((2-1)/(MaxLevel-1))^(2^F21))) -> 247 | J21: =IF(OR(D21="",E21=""),"",IF(IFERROR(INDEX(Stats!$D:$D,MATCH($C21,Stats!$A:$A,0)),FALSE),ROUND(D21+(E21-D21)*(1+G21)*((3-1)/(MaxLevel-1))^(2^F21),0),D21+(E21-D21)*(1+G21)*((3-1)/(MaxLevel-1))^(2^F21))) -> 988 | K21: =IF(OR(D21="",E21=""),"",IF(IFERROR(INDEX(Stats!$D:$D,MATCH($C21,Stats!$A:$A,0)),FALSE),ROUND(D21+(E21-D21)*(1+G21)*((4-1)/(MaxLevel-1))^(2^F21),0),D21+(E21-D21)*(1+G21)*((4-1)/(MaxLevel-1))^(2^F21))) -> 2222 | L21: =IF(OR(D21="",E21=""),"",IF(IFERROR(INDEX(Stats!$D:$D,MATCH($C21,Stats!$A:$A,0)),FALSE),ROUND(D21+(E21-D21)*(1+G21)*((5-1)/(MaxLevel-1))^(2^F21),0),D21+(E21-D21)*(1+G21)*((5-1)/(MaxLevel-1))^(2^F21))) -> 3951 | M21: =IF(OR(D21="",E21=""),"",IF(IFERROR(INDEX(Stats!$D:$D,MATCH($C21,Stats!$A:$A,0)),FALSE),ROUND(D21+(E21-D21)*(1+G21)*((6-1)/(MaxLevel-1))^(2^F21),0),D21+(E21-D21)*(1+G21)*((6-1)/(MaxLevel-1))^(2^F21))) -> 6173 | N21: =IF(OR(D21="",E21=""),"",IF(IFERROR(INDEX(Stats!$D:$D,MATCH($C21,Stats!$A:$A,0)),FALSE),ROUND(D21+(E21-D21)*(1+G21)*((7-1)/(MaxLevel-1))^(2^F21),0),D21+(E21-D21)*(1+G21)*((7-1)/(MaxLevel-1))^(2^F21))) -> 8889 | O21: =IF(OR(D21="",E21=""),"",IF(IFERROR(INDEX(Stats!$D:$D,MATCH($C21,Stats!$A:$A,0)),FALSE),ROUND(D21+(E21-D21)*(1+G21)*((8-1)/(MaxLevel-1))^(2^F21),0),D21+(E21-D21)*(1+G21)*((8-1)/(MaxLevel-1))^(2^F21))) -> 12099 | P21: =IF(OR(D21="",E21=""),"",IF(IFERROR(INDEX(Stats!$D:$D,MATCH($C21,Stats!$A:$A,0)),FALSE),ROUND(D21+(E21-D21)*(1+G21)*((9-1)/(MaxLevel-1))^(2^F21),0),D21+(E21-D21)*(1+G21)*((9-1)/(MaxLevel-1))^(2^F21))) -> 15802 | Q21: =IF(OR(D21="",E21=""),"",IF(IFERROR(INDEX(Stats!$D:$D,MATCH($C21,Stats!$A:$A,0)),FALSE),ROUND(D21+(E21-D21)*(1+G21)*((10-1)/(MaxLevel-1))^(2^F21),0),D21+(E21-D21)*(1+G21)*((10-1)/(MaxLevel-1))^(2^F21))) -> 20000
A22: 01U | B22: C2 | C22: Salary | D22: 50 | E22: 300 | F22: 0 | G22: 0 | H22: =IF(OR(D22="",E22=""),"",IF(IFERROR(INDEX(Stats!$D:$D,MATCH($C22,Stats!$A:$A,0)),FALSE),ROUND(D22+(E22-D22)*(1+G22)*((1-1)/(MaxLevel-1))^(2^F22),0),D22+(E22-D22)*(1+G22)*((1-1)/(MaxLevel-1))^(2^F22))) -> 50 | I22: =IF(OR(D22="",E22=""),"",IF(IFERROR(INDEX(Stats!$D:$D,MATCH($C22,Stats!$A:$A,0)),FALSE),ROUND(D22+(E22-D22)*(1+G22)*((2-1)/(MaxLevel-1))^(2^F22),0),D22+(E22-D22)*(1+G22)*((2-1)/(MaxLevel-1))^(2^F22))) -> 78 | J22: =IF(OR(D22="",E22=""),"",IF(IFERROR(INDEX(Stats!$D:$D,MATCH($C22,Stats!$A:$A,0)),FALSE),ROUND(D22+(E22-D22)*(1+G22)*((3-1)/(MaxLevel-1))^(2^F22),0),D22+(E22-D22)*(1+G22)*((3-1)/(MaxLevel-1))^(2^F22))) -> 106 | K22: =IF(OR(D22="",E22=""),"",IF(IFERROR(INDEX(Stats!$D:$D,MATCH($C22,Stats!$A:$A,0)),FALSE),ROUND(D22+(E22-D22)*(1+G22)*((4-1)/(MaxLevel-1))^(2^F22),0),D22+(E22-D22)*(1+G22)*((4-1)/(MaxLevel-1))^(2^F22))) -> 133 | L22: =IF(OR(D22="",E22=""),"",IF(IFERROR(INDEX(Stats!$D:$D,MATCH($C22,Stats!$A:$A,0)),FALSE),ROUND(D22+(E22-D22)*(1+G22)*((5-1)/(MaxLevel-1))^(2^F22),0),D22+(E22-D22)*(1+G22)*((5-1)/(MaxLevel-1))^(2^F22))) -> 161 | M22: =IF(OR(D22="",E22=""),"",IF(IFERROR(INDEX(Stats!$D:$D,MATCH($C22,Stats!$A:$A,0)),FALSE),ROUND(D22+(E22-D22)*(1+G22)*((6-1)/(MaxLevel-1))^(2^F22),0),D22+(E22-D22)*(1+G22)*((6-1)/(MaxLevel-1))^(2^F22))) -> 189 | N22: =IF(OR(D22="",E22=""),"",IF(IFERROR(INDEX(Stats!$D:$D,MATCH($C22,Stats!$A:$A,0)),FALSE),ROUND(D22+(E22-D22)*(1+G22)*((7-1)/(MaxLevel-1))^(2^F22),0),D22+(E22-D22)*(1+G22)*((7-1)/(MaxLevel-1))^(2^F22))) -> 217 | O22: =IF(OR(D22="",E22=""),"",IF(IFERROR(INDEX(Stats!$D:$D,MATCH($C22,Stats!$A:$A,0)),FALSE),ROUND(D22+(E22-D22)*(1+G22)*((8-1)/(MaxLevel-1))^(2^F22),0),D22+(E22-D22)*(1+G22)*((8-1)/(MaxLevel-1))^(2^F22))) -> 244 | P22: =IF(OR(D22="",E22=""),"",IF(IFERROR(INDEX(Stats!$D:$D,MATCH($C22,Stats!$A:$A,0)),FALSE),ROUND(D22+(E22-D22)*(1+G22)*((9-1)/(MaxLevel-1))^(2^F22),0),D22+(E22-D22)*(1+G22)*((9-1)/(MaxLevel-1))^(2^F22))) -> 272 | Q22: =IF(OR(D22="",E22=""),"",IF(IFERROR(INDEX(Stats!$D:$D,MATCH($C22,Stats!$A:$A,0)),FALSE),ROUND(D22+(E22-D22)*(1+G22)*((10-1)/(MaxLevel-1))^(2^F22),0),D22+(E22-D22)*(1+G22)*((10-1)/(MaxLevel-1))^(2^F22))) -> 300
A23: 01U | B23: C2 | C23: Health | D23: 400 | E23: 1600 | F23: 0 | G23: 0 | H23: =IF(OR(D23="",E23=""),"",IF(IFERROR(INDEX(Stats!$D:$D,MATCH($C23,Stats!$A:$A,0)),FALSE),ROUND(D23+(E23-D23)*(1+G23)*((1-1)/(MaxLevel-1))^(2^F23),0),D23+(E23-D23)*(1+G23)*((1-1)/(MaxLevel-1))^(2^F23))) -> 400 | I23: =IF(OR(D23="",E23=""),"",IF(IFERROR(INDEX(Stats!$D:$D,MATCH($C23,Stats!$A:$A,0)),FALSE),ROUND(D23+(E23-D23)*(1+G23)*((2-1)/(MaxLevel-1))^(2^F23),0),D23+(E23-D23)*(1+G23)*((2-1)/(MaxLevel-1))^(2^F23))) -> 533 | J23: =IF(OR(D23="",E23=""),"",IF(IFERROR(INDEX(Stats!$D:$D,MATCH($C23,Stats!$A:$A,0)),FALSE),ROUND(D23+(E23-D23)*(1+G23)*((3-1)/(MaxLevel-1))^(2^F23),0),D23+(E23-D23)*(1+G23)*((3-1)/(MaxLevel-1))^(2^F23))) -> 667 | K23: =IF(OR(D23="",E23=""),"",IF(IFERROR(INDEX(Stats!$D:$D,MATCH($C23,Stats!$A:$A,0)),FALSE),ROUND(D23+(E23-D23)*(1+G23)*((4-1)/(MaxLevel-1))^(2^F23),0),D23+(E23-D23)*(1+G23)*((4-1)/(MaxLevel-1))^(2^F23))) -> 800 | L23: =IF(OR(D23="",E23=""),"",IF(IFERROR(INDEX(Stats!$D:$D,MATCH($C23,Stats!$A:$A,0)),FALSE),ROUND(D23+(E23-D23)*(1+G23)*((5-1)/(MaxLevel-1))^(2^F23),0),D23+(E23-D23)*(1+G23)*((5-1)/(MaxLevel-1))^(2^F23))) -> 933 | M23: =IF(OR(D23="",E23=""),"",IF(IFERROR(INDEX(Stats!$D:$D,MATCH($C23,Stats!$A:$A,0)),FALSE),ROUND(D23+(E23-D23)*(1+G23)*((6-1)/(MaxLevel-1))^(2^F23),0),D23+(E23-D23)*(1+G23)*((6-1)/(MaxLevel-1))^(2^F23))) -> 1067 | N23: =IF(OR(D23="",E23=""),"",IF(IFERROR(INDEX(Stats!$D:$D,MATCH($C23,Stats!$A:$A,0)),FALSE),ROUND(D23+(E23-D23)*(1+G23)*((7-1)/(MaxLevel-1))^(2^F23),0),D23+(E23-D23)*(1+G23)*((7-1)/(MaxLevel-1))^(2^F23))) -> 1200 | O23: =IF(OR(D23="",E23=""),"",IF(IFERROR(INDEX(Stats!$D:$D,MATCH($C23,Stats!$A:$A,0)),FALSE),ROUND(D23+(E23-D23)*(1+G23)*((8-1)/(MaxLevel-1))^(2^F23),0),D23+(E23-D23)*(1+G23)*((8-1)/(MaxLevel-1))^(2^F23))) -> 1333 | P23: =IF(OR(D23="",E23=""),"",IF(IFERROR(INDEX(Stats!$D:$D,MATCH($C23,Stats!$A:$A,0)),FALSE),ROUND(D23+(E23-D23)*(1+G23)*((9-1)/(MaxLevel-1))^(2^F23),0),D23+(E23-D23)*(1+G23)*((9-1)/(MaxLevel-1))^(2^F23))) -> 1467 | Q23: =IF(OR(D23="",E23=""),"",IF(IFERROR(INDEX(Stats!$D:$D,MATCH($C23,Stats!$A:$A,0)),FALSE),ROUND(D23+(E23-D23)*(1+G23)*((10-1)/(MaxLevel-1))^(2^F23),0),D23+(E23-D23)*(1+G23)*((10-1)/(MaxLevel-1))^(2^F23))) -> 1600
A24: 01U | B24: C2 | C24: Strength | D24: 30 | E24: 120 | F24: 0 | G24: 0 | H24: =IF(OR(D24="",E24=""),"",IF(IFERROR(INDEX(Stats!$D:$D,MATCH($C24,Stats!$A:$A,0)),FALSE),ROUND(D24+(E24-D24)*(1+G24)*((1-1)/(MaxLevel-1))^(2^F24),0),D24+(E24-D24)*(1+G24)*((1-1)/(MaxLevel-1))^(2^F24))) -> 30 | I24: =IF(OR(D24="",E24=""),"",IF(IFERROR(INDEX(Stats!$D:$D,MATCH($C24,Stats!$A:$A,0)),FALSE),ROUND(D24+(E24-D24)*(1+G24)*((2-1)/(MaxLevel-1))^(2^F24),0),D24+(E24-D24)*(1+G24)*((2-1)/(MaxLevel-1))^(2^F24))) -> 40 | J24: =IF(OR(D24="",E24=""),"",IF(IFERROR(INDEX(Stats!$D:$D,MATCH($C24,Stats!$A:$A,0)),FALSE),ROUND(D24+(E24-D24)*(1+G24)*((3-1)/(MaxLevel-1))^(2^F24),0),D24+(E24-D24)*(1+G24)*((3-1)/(MaxLevel-1))^(2^F24))) -> 50 | K24: =IF(OR(D24="",E24=""),"",IF(IFERROR(INDEX(Stats!$D:$D,MATCH($C24,Stats!$A:$A,0)),FALSE),ROUND(D24+(E24-D24)*(1+G24)*((4-1)/(MaxLevel-1))^(2^F24),0),D24+(E24-D24)*(1+G24)*((4-1)/(MaxLevel-1))^(2^F24))) -> 60 | L24: =IF(OR(D24="",E24=""),"",IF(IFERROR(INDEX(Stats!$D:$D,MATCH($C24,Stats!$A:$A,0)),FALSE),ROUND(D24+(E24-D24)*(1+G24)*((5-1)/(MaxLevel-1))^(2^F24),0),D24+(E24-D24)*(1+G24)*((5-1)/(MaxLevel-1))^(2^F24))) -> 70 | M24: =IF(OR(D24="",E24=""),"",IF(IFERROR(INDEX(Stats!$D:$D,MATCH($C24,Stats!$A:$A,0)),FALSE),ROUND(D24+(E24-D24)*(1+G24)*((6-1)/(MaxLevel-1))^(2^F24),0),D24+(E24-D24)*(1+G24)*((6-1)/(MaxLevel-1))^(2^F24))) -> 80 | N24: =IF(OR(D24="",E24=""),"",IF(IFERROR(INDEX(Stats!$D:$D,MATCH($C24,Stats!$A:$A,0)),FALSE),ROUND(D24+(E24-D24)*(1+G24)*((7-1)/(MaxLevel-1))^(2^F24),0),D24+(E24-D24)*(1+G24)*((7-1)/(MaxLevel-1))^(2^F24))) -> 90 | O24: =IF(OR(D24="",E24=""),"",IF(IFERROR(INDEX(Stats!$D:$D,MATCH($C24,Stats!$A:$A,0)),FALSE),ROUND(D24+(E24-D24)*(1+G24)*((8-1)/(MaxLevel-1))^(2^F24),0),D24+(E24-D24)*(1+G24)*((8-1)/(MaxLevel-1))^(2^F24))) -> 100 | P24: =IF(OR(D24="",E24=""),"",IF(IFERROR(INDEX(Stats!$D:$D,MATCH($C24,Stats!$A:$A,0)),FALSE),ROUND(D24+(E24-D24)*(1+G24)*((9-1)/(MaxLevel-1))^(2^F24),0),D24+(E24-D24)*(1+G24)*((9-1)/(MaxLevel-1))^(2^F24))) -> 110 | Q24: =IF(OR(D24="",E24=""),"",IF(IFERROR(INDEX(Stats!$D:$D,MATCH($C24,Stats!$A:$A,0)),FALSE),ROUND(D24+(E24-D24)*(1+G24)*((10-1)/(MaxLevel-1))^(2^F24),0),D24+(E24-D24)*(1+G24)*((10-1)/(MaxLevel-1))^(2^F24))) -> 120
A25: 01U | B25: C2 | C25: Accuracy | D25: 0.7 | E25: 0.95 | F25: -1 | G25: 0 | H25: =IF(OR(D25="",E25=""),"",IF(IFERROR(INDEX(Stats!$D:$D,MATCH($C25,Stats!$A:$A,0)),FALSE),ROUND(D25+(E25-D25)*(1+G25)*((1-1)/(MaxLevel-1))^(2^F25),0),D25+(E25-D25)*(1+G25)*((1-1)/(MaxLevel-1))^(2^F25))) -> 0.7 | I25: =IF(OR(D25="",E25=""),"",IF(IFERROR(INDEX(Stats!$D:$D,MATCH($C25,Stats!$A:$A,0)),FALSE),ROUND(D25+(E25-D25)*(1+G25)*((2-1)/(MaxLevel-1))^(2^F25),0),D25+(E25-D25)*(1+G25)*((2-1)/(MaxLevel-1))^(2^F25))) -> 0.78333333 | J25: =IF(OR(D25="",E25=""),"",IF(IFERROR(INDEX(Stats!$D:$D,MATCH($C25,Stats!$A:$A,0)),FALSE),ROUND(D25+(E25-D25)*(1+G25)*((3-1)/(MaxLevel-1))^(2^F25),0),D25+(E25-D25)*(1+G25)*((3-1)/(MaxLevel-1))^(2^F25))) -> 0.81785113 | K25: =IF(OR(D25="",E25=""),"",IF(IFERROR(INDEX(Stats!$D:$D,MATCH($C25,Stats!$A:$A,0)),FALSE),ROUND(D25+(E25-D25)*(1+G25)*((4-1)/(MaxLevel-1))^(2^F25),0),D25+(E25-D25)*(1+G25)*((4-1)/(MaxLevel-1))^(2^F25))) -> 0.84433757 | L25: =IF(OR(D25="",E25=""),"",IF(IFERROR(INDEX(Stats!$D:$D,MATCH($C25,Stats!$A:$A,0)),FALSE),ROUND(D25+(E25-D25)*(1+G25)*((5-1)/(MaxLevel-1))^(2^F25),0),D25+(E25-D25)*(1+G25)*((5-1)/(MaxLevel-1))^(2^F25))) -> 0.86666667 | M25: =IF(OR(D25="",E25=""),"",IF(IFERROR(INDEX(Stats!$D:$D,MATCH($C25,Stats!$A:$A,0)),FALSE),ROUND(D25+(E25-D25)*(1+G25)*((6-1)/(MaxLevel-1))^(2^F25),0),D25+(E25-D25)*(1+G25)*((6-1)/(MaxLevel-1))^(2^F25))) -> 0.886339 | N25: =IF(OR(D25="",E25=""),"",IF(IFERROR(INDEX(Stats!$D:$D,MATCH($C25,Stats!$A:$A,0)),FALSE),ROUND(D25+(E25-D25)*(1+G25)*((7-1)/(MaxLevel-1))^(2^F25),0),D25+(E25-D25)*(1+G25)*((7-1)/(MaxLevel-1))^(2^F25))) -> 0.90412415 | O25: =IF(OR(D25="",E25=""),"",IF(IFERROR(INDEX(Stats!$D:$D,MATCH($C25,Stats!$A:$A,0)),FALSE),ROUND(D25+(E25-D25)*(1+G25)*((8-1)/(MaxLevel-1))^(2^F25),0),D25+(E25-D25)*(1+G25)*((8-1)/(MaxLevel-1))^(2^F25))) -> 0.92047928 | P25: =IF(OR(D25="",E25=""),"",IF(IFERROR(INDEX(Stats!$D:$D,MATCH($C25,Stats!$A:$A,0)),FALSE),ROUND(D25+(E25-D25)*(1+G25)*((9-1)/(MaxLevel-1))^(2^F25),0),D25+(E25-D25)*(1+G25)*((9-1)/(MaxLevel-1))^(2^F25))) -> 0.93570226 | Q25: =IF(OR(D25="",E25=""),"",IF(IFERROR(INDEX(Stats!$D:$D,MATCH($C25,Stats!$A:$A,0)),FALSE),ROUND(D25+(E25-D25)*(1+G25)*((10-1)/(MaxLevel-1))^(2^F25),0),D25+(E25-D25)*(1+G25)*((10-1)/(MaxLevel-1))^(2^F25))) -> 0.95
A26: 01U | B26: C2 | C26: Dexterity | D26: 0.1 | E26: 0.3 | F26: 0 | G26: 0 | H26: =IF(OR(D26="",E26=""),"",IF(IFERROR(INDEX(Stats!$D:$D,MATCH($C26,Stats!$A:$A,0)),FALSE),ROUND(D26+(E26-D26)*(1+G26)*((1-1)/(MaxLevel-1))^(2^F26),0),D26+(E26-D26)*(1+G26)*((1-1)/(MaxLevel-1))^(2^F26))) -> 0.1 | I26: =IF(OR(D26="",E26=""),"",IF(IFERROR(INDEX(Stats!$D:$D,MATCH($C26,Stats!$A:$A,0)),FALSE),ROUND(D26+(E26-D26)*(1+G26)*((2-1)/(MaxLevel-1))^(2^F26),0),D26+(E26-D26)*(1+G26)*((2-1)/(MaxLevel-1))^(2^F26))) -> 0.12222222 | J26: =IF(OR(D26="",E26=""),"",IF(IFERROR(INDEX(Stats!$D:$D,MATCH($C26,Stats!$A:$A,0)),FALSE),ROUND(D26+(E26-D26)*(1+G26)*((3-1)/(MaxLevel-1))^(2^F26),0),D26+(E26-D26)*(1+G26)*((3-1)/(MaxLevel-1))^(2^F26))) -> 0.14444444 | K26: =IF(OR(D26="",E26=""),"",IF(IFERROR(INDEX(Stats!$D:$D,MATCH($C26,Stats!$A:$A,0)),FALSE),ROUND(D26+(E26-D26)*(1+G26)*((4-1)/(MaxLevel-1))^(2^F26),0),D26+(E26-D26)*(1+G26)*((4-1)/(MaxLevel-1))^(2^F26))) -> 0.16666667 | L26: =IF(OR(D26="",E26=""),"",IF(IFERROR(INDEX(Stats!$D:$D,MATCH($C26,Stats!$A:$A,0)),FALSE),ROUND(D26+(E26-D26)*(1+G26)*((5-1)/(MaxLevel-1))^(2^F26),0),D26+(E26-D26)*(1+G26)*((5-1)/(MaxLevel-1))^(2^F26))) -> 0.18888889 | M26: =IF(OR(D26="",E26=""),"",IF(IFERROR(INDEX(Stats!$D:$D,MATCH($C26,Stats!$A:$A,0)),FALSE),ROUND(D26+(E26-D26)*(1+G26)*((6-1)/(MaxLevel-1))^(2^F26),0),D26+(E26-D26)*(1+G26)*((6-1)/(MaxLevel-1))^(2^F26))) -> 0.21111111 | N26: =IF(OR(D26="",E26=""),"",IF(IFERROR(INDEX(Stats!$D:$D,MATCH($C26,Stats!$A:$A,0)),FALSE),ROUND(D26+(E26-D26)*(1+G26)*((7-1)/(MaxLevel-1))^(2^F26),0),D26+(E26-D26)*(1+G26)*((7-1)/(MaxLevel-1))^(2^F26))) -> 0.23333333 | O26: =IF(OR(D26="",E26=""),"",IF(IFERROR(INDEX(Stats!$D:$D,MATCH($C26,Stats!$A:$A,0)),FALSE),ROUND(D26+(E26-D26)*(1+G26)*((8-1)/(MaxLevel-1))^(2^F26),0),D26+(E26-D26)*(1+G26)*((8-1)/(MaxLevel-1))^(2^F26))) -> 0.25555556 | P26: =IF(OR(D26="",E26=""),"",IF(IFERROR(INDEX(Stats!$D:$D,MATCH($C26,Stats!$A:$A,0)),FALSE),ROUND(D26+(E26-D26)*(1+G26)*((9-1)/(MaxLevel-1))^(2^F26),0),D26+(E26-D26)*(1+G26)*((9-1)/(MaxLevel-1))^(2^F26))) -> 0.27777778 | Q26: =IF(OR(D26="",E26=""),"",IF(IFERROR(INDEX(Stats!$D:$D,MATCH($C26,Stats!$A:$A,0)),FALSE),ROUND(D26+(E26-D26)*(1+G26)*((10-1)/(MaxLevel-1))^(2^F26),0),D26+(E26-D26)*(1+G26)*((10-1)/(MaxLevel-1))^(2^F26))) -> 0.3
A27: 01U | B27: C2 | C27: Fortitude | H27: =IF(OR(D27="",E27=""),"",IF(IFERROR(INDEX(Stats!$D:$D,MATCH($C27,Stats!$A:$A,0)),FALSE),ROUND(D27+(E27-D27)*(1+G27)*((1-1)/(MaxLevel-1))^(2^F27),0),D27+(E27-D27)*(1+G27)*((1-1)/(MaxLevel-1))^(2^F27))) | I27: =IF(OR(D27="",E27=""),"",IF(IFERROR(INDEX(Stats!$D:$D,MATCH($C27,Stats!$A:$A,0)),FALSE),ROUND(D27+(E27-D27)*(1+G27)*((2-1)/(MaxLevel-1))^(2^F27),0),D27+(E27-D27)*(1+G27)*((2-1)/(MaxLevel-1))^(2^F27))) | J27: =IF(OR(D27="",E27=""),"",IF(IFERROR(INDEX(Stats!$D:$D,MATCH($C27,Stats!$A:$A,0)),FALSE),ROUND(D27+(E27-D27)*(1+G27)*((3-1)/(MaxLevel-1))^(2^F27),0),D27+(E27-D27)*(1+G27)*((3-1)/(MaxLevel-1))^(2^F27))) | K27: =IF(OR(D27="",E27=""),"",IF(IFERROR(INDEX(Stats!$D:$D,MATCH($C27,Stats!$A:$A,0)),FALSE),ROUND(D27+(E27-D27)*(1+G27)*((4-1)/(MaxLevel-1))^(2^F27),0),D27+(E27-D27)*(1+G27)*((4-1)/(MaxLevel-1))^(2^F27))) | L27: =IF(OR(D27="",E27=""),"",IF(IFERROR(INDEX(Stats!$D:$D,MATCH($C27,Stats!$A:$A,0)),FALSE),ROUND(D27+(E27-D27)*(1+G27)*((5-1)/(MaxLevel-1))^(2^F27),0),D27+(E27-D27)*(1+G27)*((5-1)/(MaxLevel-1))^(2^F27))) | M27: =IF(OR(D27="",E27=""),"",IF(IFERROR(INDEX(Stats!$D:$D,MATCH($C27,Stats!$A:$A,0)),FALSE),ROUND(D27+(E27-D27)*(1+G27)*((6-1)/(MaxLevel-1))^(2^F27),0),D27+(E27-D27)*(1+G27)*((6-1)/(MaxLevel-1))^(2^F27))) | N27: =IF(OR(D27="",E27=""),"",IF(IFERROR(INDEX(Stats!$D:$D,MATCH($C27,Stats!$A:$A,0)),FALSE),ROUND(D27+(E27-D27)*(1+G27)*((7-1)/(MaxLevel-1))^(2^F27),0),D27+(E27-D27)*(1+G27)*((7-1)/(MaxLevel-1))^(2^F27))) | O27: =IF(OR(D27="",E27=""),"",IF(IFERROR(INDEX(Stats!$D:$D,MATCH($C27,Stats!$A:$A,0)),FALSE),ROUND(D27+(E27-D27)*(1+G27)*((8-1)/(MaxLevel-1))^(2^F27),0),D27+(E27-D27)*(1+G27)*((8-1)/(MaxLevel-1))^(2^F27))) | P27: =IF(OR(D27="",E27=""),"",IF(IFERROR(INDEX(Stats!$D:$D,MATCH($C27,Stats!$A:$A,0)),FALSE),ROUND(D27+(E27-D27)*(1+G27)*((9-1)/(MaxLevel-1))^(2^F27),0),D27+(E27-D27)*(1+G27)*((9-1)/(MaxLevel-1))^(2^F27))) | Q27: =IF(OR(D27="",E27=""),"",IF(IFERROR(INDEX(Stats!$D:$D,MATCH($C27,Stats!$A:$A,0)),FALSE),ROUND(D27+(E27-D27)*(1+G27)*((10-1)/(MaxLevel-1))^(2^F27),0),D27+(E27-D27)*(1+G27)*((10-1)/(MaxLevel-1))^(2^F27)))
A28: 01U | B28: C2 | C28: Speed | H28: =IF(OR(D28="",E28=""),"",IF(IFERROR(INDEX(Stats!$D:$D,MATCH($C28,Stats!$A:$A,0)),FALSE),ROUND(D28+(E28-D28)*(1+G28)*((1-1)/(MaxLevel-1))^(2^F28),0),D28+(E28-D28)*(1+G28)*((1-1)/(MaxLevel-1))^(2^F28))) | I28: =IF(OR(D28="",E28=""),"",IF(IFERROR(INDEX(Stats!$D:$D,MATCH($C28,Stats!$A:$A,0)),FALSE),ROUND(D28+(E28-D28)*(1+G28)*((2-1)/(MaxLevel-1))^(2^F28),0),D28+(E28-D28)*(1+G28)*((2-1)/(MaxLevel-1))^(2^F28))) | J28: =IF(OR(D28="",E28=""),"",IF(IFERROR(INDEX(Stats!$D:$D,MATCH($C28,Stats!$A:$A,0)),FALSE),ROUND(D28+(E28-D28)*(1+G28)*((3-1)/(MaxLevel-1))^(2^F28),0),D28+(E28-D28)*(1+G28)*((3-1)/(MaxLevel-1))^(2^F28))) | K28: =IF(OR(D28="",E28=""),"",IF(IFERROR(INDEX(Stats!$D:$D,MATCH($C28,Stats!$A:$A,0)),FALSE),ROUND(D28+(E28-D28)*(1+G28)*((4-1)/(MaxLevel-1))^(2^F28),0),D28+(E28-D28)*(1+G28)*((4-1)/(MaxLevel-1))^(2^F28))) | L28: =IF(OR(D28="",E28=""),"",IF(IFERROR(INDEX(Stats!$D:$D,MATCH($C28,Stats!$A:$A,0)),FALSE),ROUND(D28+(E28-D28)*(1+G28)*((5-1)/(MaxLevel-1))^(2^F28),0),D28+(E28-D28)*(1+G28)*((5-1)/(MaxLevel-1))^(2^F28))) | M28: =IF(OR(D28="",E28=""),"",IF(IFERROR(INDEX(Stats!$D:$D,MATCH($C28,Stats!$A:$A,0)),FALSE),ROUND(D28+(E28-D28)*(1+G28)*((6-1)/(MaxLevel-1))^(2^F28),0),D28+(E28-D28)*(1+G28)*((6-1)/(MaxLevel-1))^(2^F28))) | N28: =IF(OR(D28="",E28=""),"",IF(IFERROR(INDEX(Stats!$D:$D,MATCH($C28,Stats!$A:$A,0)),FALSE),ROUND(D28+(E28-D28)*(1+G28)*((7-1)/(MaxLevel-1))^(2^F28),0),D28+(E28-D28)*(1+G28)*((7-1)/(MaxLevel-1))^(2^F28))) | O28: =IF(OR(D28="",E28=""),"",IF(IFERROR(INDEX(Stats!$D:$D,MATCH($C28,Stats!$A:$A,0)),FALSE),ROUND(D28+(E28-D28)*(1+G28)*((8-1)/(MaxLevel-1))^(2^F28),0),D28+(E28-D28)*(1+G28)*((8-1)/(MaxLevel-1))^(2^F28))) | P28: =IF(OR(D28="",E28=""),"",IF(IFERROR(INDEX(Stats!$D:$D,MATCH($C28,Stats!$A:$A,0)),FALSE),ROUND(D28+(E28-D28)*(1+G28)*((9-1)/(MaxLevel-1))^(2^F28),0),D28+(E28-D28)*(1+G28)*((9-1)/(MaxLevel-1))^(2^F28))) | Q28: =IF(OR(D28="",E28=""),"",IF(IFERROR(INDEX(Stats!$D:$D,MATCH($C28,Stats!$A:$A,0)),FALSE),ROUND(D28+(E28-D28)*(1+G28)*((10-1)/(MaxLevel-1))^(2^F28),0),D28+(E28-D28)*(1+G28)*((10-1)/(MaxLevel-1))^(2^F28)))
A29: 01U | B29: C2 | C29: Magic | H29: =IF(OR(D29="",E29=""),"",IF(IFERROR(INDEX(Stats!$D:$D,MATCH($C29,Stats!$A:$A,0)),FALSE),ROUND(D29+(E29-D29)*(1+G29)*((1-1)/(MaxLevel-1))^(2^F29),0),D29+(E29-D29)*(1+G29)*((1-1)/(MaxLevel-1))^(2^F29))) | I29: =IF(OR(D29="",E29=""),"",IF(IFERROR(INDEX(Stats!$D:$D,MATCH($C29,Stats!$A:$A,0)),FALSE),ROUND(D29+(E29-D29)*(1+G29)*((2-1)/(MaxLevel-1))^(2^F29),0),D29+(E29-D29)*(1+G29)*((2-1)/(MaxLevel-1))^(2^F29))) | J29: =IF(OR(D29="",E29=""),"",IF(IFERROR(INDEX(Stats!$D:$D,MATCH($C29,Stats!$A:$A,0)),FALSE),ROUND(D29+(E29-D29)*(1+G29)*((3-1)/(MaxLevel-1))^(2^F29),0),D29+(E29-D29)*(1+G29)*((3-1)/(MaxLevel-1))^(2^F29))) | K29: =IF(OR(D29="",E29=""),"",IF(IFERROR(INDEX(Stats!$D:$D,MATCH($C29,Stats!$A:$A,0)),FALSE),ROUND(D29+(E29-D29)*(1+G29)*((4-1)/(MaxLevel-1))^(2^F29),0),D29+(E29-D29)*(1+G29)*((4-1)/(MaxLevel-1))^(2^F29))) | L29: =IF(OR(D29="",E29=""),"",IF(IFERROR(INDEX(Stats!$D:$D,MATCH($C29,Stats!$A:$A,0)),FALSE),ROUND(D29+(E29-D29)*(1+G29)*((5-1)/(MaxLevel-1))^(2^F29),0),D29+(E29-D29)*(1+G29)*((5-1)/(MaxLevel-1))^(2^F29))) | M29: =IF(OR(D29="",E29=""),"",IF(IFERROR(INDEX(Stats!$D:$D,MATCH($C29,Stats!$A:$A,0)),FALSE),ROUND(D29+(E29-D29)*(1+G29)*((6-1)/(MaxLevel-1))^(2^F29),0),D29+(E29-D29)*(1+G29)*((6-1)/(MaxLevel-1))^(2^F29))) | N29: =IF(OR(D29="",E29=""),"",IF(IFERROR(INDEX(Stats!$D:$D,MATCH($C29,Stats!$A:$A,0)),FALSE),ROUND(D29+(E29-D29)*(1+G29)*((7-1)/(MaxLevel-1))^(2^F29),0),D29+(E29-D29)*(1+G29)*((7-1)/(MaxLevel-1))^(2^F29))) | O29: =IF(OR(D29="",E29=""),"",IF(IFERROR(INDEX(Stats!$D:$D,MATCH($C29,Stats!$A:$A,0)),FALSE),ROUND(D29+(E29-D29)*(1+G29)*((8-1)/(MaxLevel-1))^(2^F29),0),D29+(E29-D29)*(1+G29)*((8-1)/(MaxLevel-1))^(2^F29))) | P29: =IF(OR(D29="",E29=""),"",IF(IFERROR(INDEX(Stats!$D:$D,MATCH($C29,Stats!$A:$A,0)),FALSE),ROUND(D29+(E29-D29)*(1+G29)*((9-1)/(MaxLevel-1))^(2^F29),0),D29+(E29-D29)*(1+G29)*((9-1)/(MaxLevel-1))^(2^F29))) | Q29: =IF(OR(D29="",E29=""),"",IF(IFERROR(INDEX(Stats!$D:$D,MATCH($C29,Stats!$A:$A,0)),FALSE),ROUND(D29+(E29-D29)*(1+G29)*((10-1)/(MaxLevel-1))^(2^F29),0),D29+(E29-D29)*(1+G29)*((10-1)/(MaxLevel-1))^(2^F29)))
A30: 01U | B30: C2 | C30: Resistance | H30: =IF(OR(D30="",E30=""),"",IF(IFERROR(INDEX(Stats!$D:$D,MATCH($C30,Stats!$A:$A,0)),FALSE),ROUND(D30+(E30-D30)*(1+G30)*((1-1)/(MaxLevel-1))^(2^F30),0),D30+(E30-D30)*(1+G30)*((1-1)/(MaxLevel-1))^(2^F30))) | I30: =IF(OR(D30="",E30=""),"",IF(IFERROR(INDEX(Stats!$D:$D,MATCH($C30,Stats!$A:$A,0)),FALSE),ROUND(D30+(E30-D30)*(1+G30)*((2-1)/(MaxLevel-1))^(2^F30),0),D30+(E30-D30)*(1+G30)*((2-1)/(MaxLevel-1))^(2^F30))) | J30: =IF(OR(D30="",E30=""),"",IF(IFERROR(INDEX(Stats!$D:$D,MATCH($C30,Stats!$A:$A,0)),FALSE),ROUND(D30+(E30-D30)*(1+G30)*((3-1)/(MaxLevel-1))^(2^F30),0),D30+(E30-D30)*(1+G30)*((3-1)/(MaxLevel-1))^(2^F30))) | K30: =IF(OR(D30="",E30=""),"",IF(IFERROR(INDEX(Stats!$D:$D,MATCH($C30,Stats!$A:$A,0)),FALSE),ROUND(D30+(E30-D30)*(1+G30)*((4-1)/(MaxLevel-1))^(2^F30),0),D30+(E30-D30)*(1+G30)*((4-1)/(MaxLevel-1))^(2^F30))) | L30: =IF(OR(D30="",E30=""),"",IF(IFERROR(INDEX(Stats!$D:$D,MATCH($C30,Stats!$A:$A,0)),FALSE),ROUND(D30+(E30-D30)*(1+G30)*((5-1)/(MaxLevel-1))^(2^F30),0),D30+(E30-D30)*(1+G30)*((5-1)/(MaxLevel-1))^(2^F30))) | M30: =IF(OR(D30="",E30=""),"",IF(IFERROR(INDEX(Stats!$D:$D,MATCH($C30,Stats!$A:$A,0)),FALSE),ROUND(D30+(E30-D30)*(1+G30)*((6-1)/(MaxLevel-1))^(2^F30),0),D30+(E30-D30)*(1+G30)*((6-1)/(MaxLevel-1))^(2^F30))) | N30: =IF(OR(D30="",E30=""),"",IF(IFERROR(INDEX(Stats!$D:$D,MATCH($C30,Stats!$A:$A,0)),FALSE),ROUND(D30+(E30-D30)*(1+G30)*((7-1)/(MaxLevel-1))^(2^F30),0),D30+(E30-D30)*(1+G30)*((7-1)/(MaxLevel-1))^(2^F30))) | O30: =IF(OR(D30="",E30=""),"",IF(IFERROR(INDEX(Stats!$D:$D,MATCH($C30,Stats!$A:$A,0)),FALSE),ROUND(D30+(E30-D30)*(1+G30)*((8-1)/(MaxLevel-1))^(2^F30),0),D30+(E30-D30)*(1+G30)*((8-1)/(MaxLevel-1))^(2^F30))) | P30: =IF(OR(D30="",E30=""),"",IF(IFERROR(INDEX(Stats!$D:$D,MATCH($C30,Stats!$A:$A,0)),FALSE),ROUND(D30+(E30-D30)*(1+G30)*((9-1)/(MaxLevel-1))^(2^F30),0),D30+(E30-D30)*(1+G30)*((9-1)/(MaxLevel-1))^(2^F30))) | Q30: =IF(OR(D30="",E30=""),"",IF(IFERROR(INDEX(Stats!$D:$D,MATCH($C30,Stats!$A:$A,0)),FALSE),ROUND(D30+(E30-D30)*(1+G30)*((10-1)/(MaxLevel-1))^(2^F30),0),D30+(E30-D30)*(1+G30)*((10-1)/(MaxLevel-1))^(2^F30)))
A31: 01U | B31: C2 | C31: Luck | H31: =IF(OR(D31="",E31=""),"",IF(IFERROR(INDEX(Stats!$D:$D,MATCH($C31,Stats!$A:$A,0)),FALSE),ROUND(D31+(E31-D31)*(1+G31)*((1-1)/(MaxLevel-1))^(2^F31),0),D31+(E31-D31)*(1+G31)*((1-1)/(MaxLevel-1))^(2^F31))) | I31: =IF(OR(D31="",E31=""),"",IF(IFERROR(INDEX(Stats!$D:$D,MATCH($C31,Stats!$A:$A,0)),FALSE),ROUND(D31+(E31-D31)*(1+G31)*((2-1)/(MaxLevel-1))^(2^F31),0),D31+(E31-D31)*(1+G31)*((2-1)/(MaxLevel-1))^(2^F31))) | J31: =IF(OR(D31="",E31=""),"",IF(IFERROR(INDEX(Stats!$D:$D,MATCH($C31,Stats!$A:$A,0)),FALSE),ROUND(D31+(E31-D31)*(1+G31)*((3-1)/(MaxLevel-1))^(2^F31),0),D31+(E31-D31)*(1+G31)*((3-1)/(MaxLevel-1))^(2^F31))) | K31: =IF(OR(D31="",E31=""),"",IF(IFERROR(INDEX(Stats!$D:$D,MATCH($C31,Stats!$A:$A,0)),FALSE),ROUND(D31+(E31-D31)*(1+G31)*((4-1)/(MaxLevel-1))^(2^F31),0),D31+(E31-D31)*(1+G31)*((4-1)/(MaxLevel-1))^(2^F31))) | L31: =IF(OR(D31="",E31=""),"",IF(IFERROR(INDEX(Stats!$D:$D,MATCH($C31,Stats!$A:$A,0)),FALSE),ROUND(D31+(E31-D31)*(1+G31)*((5-1)/(MaxLevel-1))^(2^F31),0),D31+(E31-D31)*(1+G31)*((5-1)/(MaxLevel-1))^(2^F31))) | M31: =IF(OR(D31="",E31=""),"",IF(IFERROR(INDEX(Stats!$D:$D,MATCH($C31,Stats!$A:$A,0)),FALSE),ROUND(D31+(E31-D31)*(1+G31)*((6-1)/(MaxLevel-1))^(2^F31),0),D31+(E31-D31)*(1+G31)*((6-1)/(MaxLevel-1))^(2^F31))) | N31: =IF(OR(D31="",E31=""),"",IF(IFERROR(INDEX(Stats!$D:$D,MATCH($C31,Stats!$A:$A,0)),FALSE),ROUND(D31+(E31-D31)*(1+G31)*((7-1)/(MaxLevel-1))^(2^F31),0),D31+(E31-D31)*(1+G31)*((7-1)/(MaxLevel-1))^(2^F31))) | O31: =IF(OR(D31="",E31=""),"",IF(IFERROR(INDEX(Stats!$D:$D,MATCH($C31,Stats!$A:$A,0)),FALSE),ROUND(D31+(E31-D31)*(1+G31)*((8-1)/(MaxLevel-1))^(2^F31),0),D31+(E31-D31)*(1+G31)*((8-1)/(MaxLevel-1))^(2^F31))) | P31: =IF(OR(D31="",E31=""),"",IF(IFERROR(INDEX(Stats!$D:$D,MATCH($C31,Stats!$A:$A,0)),FALSE),ROUND(D31+(E31-D31)*(1+G31)*((9-1)/(MaxLevel-1))^(2^F31),0),D31+(E31-D31)*(1+G31)*((9-1)/(MaxLevel-1))^(2^F31))) | Q31: =IF(OR(D31="",E31=""),"",IF(IFERROR(INDEX(Stats!$D:$D,MATCH($C31,Stats!$A:$A,0)),FALSE),ROUND(D31+(E31-D31)*(1+G31)*((10-1)/(MaxLevel-1))^(2^F31),0),D31+(E31-D31)*(1+G31)*((10-1)/(MaxLevel-1))^(2^F31)))
A32: 01U | B32: C2 | C32: Weight | H32: =IF(OR(D32="",E32=""),"",IF(IFERROR(INDEX(Stats!$D:$D,MATCH($C32,Stats!$A:$A,0)),FALSE),ROUND(D32+(E32-D32)*(1+G32)*((1-1)/(MaxLevel-1))^(2^F32),0),D32+(E32-D32)*(1+G32)*((1-1)/(MaxLevel-1))^(2^F32))) | I32: =IF(OR(D32="",E32=""),"",IF(IFERROR(INDEX(Stats!$D:$D,MATCH($C32,Stats!$A:$A,0)),FALSE),ROUND(D32+(E32-D32)*(1+G32)*((2-1)/(MaxLevel-1))^(2^F32),0),D32+(E32-D32)*(1+G32)*((2-1)/(MaxLevel-1))^(2^F32))) | J32: =IF(OR(D32="",E32=""),"",IF(IFERROR(INDEX(Stats!$D:$D,MATCH($C32,Stats!$A:$A,0)),FALSE),ROUND(D32+(E32-D32)*(1+G32)*((3-1)/(MaxLevel-1))^(2^F32),0),D32+(E32-D32)*(1+G32)*((3-1)/(MaxLevel-1))^(2^F32))) | K32: =IF(OR(D32="",E32=""),"",IF(IFERROR(INDEX(Stats!$D:$D,MATCH($C32,Stats!$A:$A,0)),FALSE),ROUND(D32+(E32-D32)*(1+G32)*((4-1)/(MaxLevel-1))^(2^F32),0),D32+(E32-D32)*(1+G32)*((4-1)/(MaxLevel-1))^(2^F32))) | L32: =IF(OR(D32="",E32=""),"",IF(IFERROR(INDEX(Stats!$D:$D,MATCH($C32,Stats!$A:$A,0)),FALSE),ROUND(D32+(E32-D32)*(1+G32)*((5-1)/(MaxLevel-1))^(2^F32),0),D32+(E32-D32)*(1+G32)*((5-1)/(MaxLevel-1))^(2^F32))) | M32: =IF(OR(D32="",E32=""),"",IF(IFERROR(INDEX(Stats!$D:$D,MATCH($C32,Stats!$A:$A,0)),FALSE),ROUND(D32+(E32-D32)*(1+G32)*((6-1)/(MaxLevel-1))^(2^F32),0),D32+(E32-D32)*(1+G32)*((6-1)/(MaxLevel-1))^(2^F32))) | N32: =IF(OR(D32="",E32=""),"",IF(IFERROR(INDEX(Stats!$D:$D,MATCH($C32,Stats!$A:$A,0)),FALSE),ROUND(D32+(E32-D32)*(1+G32)*((7-1)/(MaxLevel-1))^(2^F32),0),D32+(E32-D32)*(1+G32)*((7-1)/(MaxLevel-1))^(2^F32))) | O32: =IF(OR(D32="",E32=""),"",IF(IFERROR(INDEX(Stats!$D:$D,MATCH($C32,Stats!$A:$A,0)),FALSE),ROUND(D32+(E32-D32)*(1+G32)*((8-1)/(MaxLevel-1))^(2^F32),0),D32+(E32-D32)*(1+G32)*((8-1)/(MaxLevel-1))^(2^F32))) | P32: =IF(OR(D32="",E32=""),"",IF(IFERROR(INDEX(Stats!$D:$D,MATCH($C32,Stats!$A:$A,0)),FALSE),ROUND(D32+(E32-D32)*(1+G32)*((9-1)/(MaxLevel-1))^(2^F32),0),D32+(E32-D32)*(1+G32)*((9-1)/(MaxLevel-1))^(2^F32))) | Q32: =IF(OR(D32="",E32=""),"",IF(IFERROR(INDEX(Stats!$D:$D,MATCH($C32,Stats!$A:$A,0)),FALSE),ROUND(D32+(E32-D32)*(1+G32)*((10-1)/(MaxLevel-1))^(2^F32),0),D32+(E32-D32)*(1+G32)*((10-1)/(MaxLevel-1))^(2^F32)))
A33: 01U | B33: C2 | C33: WorkingCost | H33: =IF(OR(D33="",E33=""),"",IF(IFERROR(INDEX(Stats!$D:$D,MATCH($C33,Stats!$A:$A,0)),FALSE),ROUND(D33+(E33-D33)*(1+G33)*((1-1)/(MaxLevel-1))^(2^F33),0),D33+(E33-D33)*(1+G33)*((1-1)/(MaxLevel-1))^(2^F33))) | I33: =IF(OR(D33="",E33=""),"",IF(IFERROR(INDEX(Stats!$D:$D,MATCH($C33,Stats!$A:$A,0)),FALSE),ROUND(D33+(E33-D33)*(1+G33)*((2-1)/(MaxLevel-1))^(2^F33),0),D33+(E33-D33)*(1+G33)*((2-1)/(MaxLevel-1))^(2^F33))) | J33: =IF(OR(D33="",E33=""),"",IF(IFERROR(INDEX(Stats!$D:$D,MATCH($C33,Stats!$A:$A,0)),FALSE),ROUND(D33+(E33-D33)*(1+G33)*((3-1)/(MaxLevel-1))^(2^F33),0),D33+(E33-D33)*(1+G33)*((3-1)/(MaxLevel-1))^(2^F33))) | K33: =IF(OR(D33="",E33=""),"",IF(IFERROR(INDEX(Stats!$D:$D,MATCH($C33,Stats!$A:$A,0)),FALSE),ROUND(D33+(E33-D33)*(1+G33)*((4-1)/(MaxLevel-1))^(2^F33),0),D33+(E33-D33)*(1+G33)*((4-1)/(MaxLevel-1))^(2^F33))) | L33: =IF(OR(D33="",E33=""),"",IF(IFERROR(INDEX(Stats!$D:$D,MATCH($C33,Stats!$A:$A,0)),FALSE),ROUND(D33+(E33-D33)*(1+G33)*((5-1)/(MaxLevel-1))^(2^F33),0),D33+(E33-D33)*(1+G33)*((5-1)/(MaxLevel-1))^(2^F33))) | M33: =IF(OR(D33="",E33=""),"",IF(IFERROR(INDEX(Stats!$D:$D,MATCH($C33,Stats!$A:$A,0)),FALSE),ROUND(D33+(E33-D33)*(1+G33)*((6-1)/(MaxLevel-1))^(2^F33),0),D33+(E33-D33)*(1+G33)*((6-1)/(MaxLevel-1))^(2^F33))) | N33: =IF(OR(D33="",E33=""),"",IF(IFERROR(INDEX(Stats!$D:$D,MATCH($C33,Stats!$A:$A,0)),FALSE),ROUND(D33+(E33-D33)*(1+G33)*((7-1)/(MaxLevel-1))^(2^F33),0),D33+(E33-D33)*(1+G33)*((7-1)/(MaxLevel-1))^(2^F33))) | O33: =IF(OR(D33="",E33=""),"",IF(IFERROR(INDEX(Stats!$D:$D,MATCH($C33,Stats!$A:$A,0)),FALSE),ROUND(D33+(E33-D33)*(1+G33)*((8-1)/(MaxLevel-1))^(2^F33),0),D33+(E33-D33)*(1+G33)*((8-1)/(MaxLevel-1))^(2^F33))) | P33: =IF(OR(D33="",E33=""),"",IF(IFERROR(INDEX(Stats!$D:$D,MATCH($C33,Stats!$A:$A,0)),FALSE),ROUND(D33+(E33-D33)*(1+G33)*((9-1)/(MaxLevel-1))^(2^F33),0),D33+(E33-D33)*(1+G33)*((9-1)/(MaxLevel-1))^(2^F33))) | Q33: =IF(OR(D33="",E33=""),"",IF(IFERROR(INDEX(Stats!$D:$D,MATCH($C33,Stats!$A:$A,0)),FALSE),ROUND(D33+(E33-D33)*(1+G33)*((10-1)/(MaxLevel-1))^(2^F33),0),D33+(E33-D33)*(1+G33)*((10-1)/(MaxLevel-1))^(2^F33)))
A34: 01U | B34: C2 | C34: SkillResearch | H34: =IF(OR(D34="",E34=""),"",IF(IFERROR(INDEX(Stats!$D:$D,MATCH($C34,Stats!$A:$A,0)),FALSE),ROUND(D34+(E34-D34)*(1+G34)*((1-1)/(MaxLevel-1))^(2^F34),0),D34+(E34-D34)*(1+G34)*((1-1)/(MaxLevel-1))^(2^F34))) | I34: =IF(OR(D34="",E34=""),"",IF(IFERROR(INDEX(Stats!$D:$D,MATCH($C34,Stats!$A:$A,0)),FALSE),ROUND(D34+(E34-D34)*(1+G34)*((2-1)/(MaxLevel-1))^(2^F34),0),D34+(E34-D34)*(1+G34)*((2-1)/(MaxLevel-1))^(2^F34))) | J34: =IF(OR(D34="",E34=""),"",IF(IFERROR(INDEX(Stats!$D:$D,MATCH($C34,Stats!$A:$A,0)),FALSE),ROUND(D34+(E34-D34)*(1+G34)*((3-1)/(MaxLevel-1))^(2^F34),0),D34+(E34-D34)*(1+G34)*((3-1)/(MaxLevel-1))^(2^F34))) | K34: =IF(OR(D34="",E34=""),"",IF(IFERROR(INDEX(Stats!$D:$D,MATCH($C34,Stats!$A:$A,0)),FALSE),ROUND(D34+(E34-D34)*(1+G34)*((4-1)/(MaxLevel-1))^(2^F34),0),D34+(E34-D34)*(1+G34)*((4-1)/(MaxLevel-1))^(2^F34))) | L34: =IF(OR(D34="",E34=""),"",IF(IFERROR(INDEX(Stats!$D:$D,MATCH($C34,Stats!$A:$A,0)),FALSE),ROUND(D34+(E34-D34)*(1+G34)*((5-1)/(MaxLevel-1))^(2^F34),0),D34+(E34-D34)*(1+G34)*((5-1)/(MaxLevel-1))^(2^F34))) | M34: =IF(OR(D34="",E34=""),"",IF(IFERROR(INDEX(Stats!$D:$D,MATCH($C34,Stats!$A:$A,0)),FALSE),ROUND(D34+(E34-D34)*(1+G34)*((6-1)/(MaxLevel-1))^(2^F34),0),D34+(E34-D34)*(1+G34)*((6-1)/(MaxLevel-1))^(2^F34))) | N34: =IF(OR(D34="",E34=""),"",IF(IFERROR(INDEX(Stats!$D:$D,MATCH($C34,Stats!$A:$A,0)),FALSE),ROUND(D34+(E34-D34)*(1+G34)*((7-1)/(MaxLevel-1))^(2^F34),0),D34+(E34-D34)*(1+G34)*((7-1)/(MaxLevel-1))^(2^F34))) | O34: =IF(OR(D34="",E34=""),"",IF(IFERROR(INDEX(Stats!$D:$D,MATCH($C34,Stats!$A:$A,0)),FALSE),ROUND(D34+(E34-D34)*(1+G34)*((8-1)/(MaxLevel-1))^(2^F34),0),D34+(E34-D34)*(1+G34)*((8-1)/(MaxLevel-1))^(2^F34))) | P34: =IF(OR(D34="",E34=""),"",IF(IFERROR(INDEX(Stats!$D:$D,MATCH($C34,Stats!$A:$A,0)),FALSE),ROUND(D34+(E34-D34)*(1+G34)*((9-1)/(MaxLevel-1))^(2^F34),0),D34+(E34-D34)*(1+G34)*((9-1)/(MaxLevel-1))^(2^F34))) | Q34: =IF(OR(D34="",E34=""),"",IF(IFERROR(INDEX(Stats!$D:$D,MATCH($C34,Stats!$A:$A,0)),FALSE),ROUND(D34+(E34-D34)*(1+G34)*((10-1)/(MaxLevel-1))^(2^F34),0),D34+(E34-D34)*(1+G34)*((10-1)/(MaxLevel-1))^(2^F34)))
A35: 01U | B35: C2 | C35: SkillTrain | H35: =IF(OR(D35="",E35=""),"",IF(IFERROR(INDEX(Stats!$D:$D,MATCH($C35,Stats!$A:$A,0)),FALSE),ROUND(D35+(E35-D35)*(1+G35)*((1-1)/(MaxLevel-1))^(2^F35),0),D35+(E35-D35)*(1+G35)*((1-1)/(MaxLevel-1))^(2^F35))) | I35: =IF(OR(D35="",E35=""),"",IF(IFERROR(INDEX(Stats!$D:$D,MATCH($C35,Stats!$A:$A,0)),FALSE),ROUND(D35+(E35-D35)*(1+G35)*((2-1)/(MaxLevel-1))^(2^F35),0),D35+(E35-D35)*(1+G35)*((2-1)/(MaxLevel-1))^(2^F35))) | J35: =IF(OR(D35="",E35=""),"",IF(IFERROR(INDEX(Stats!$D:$D,MATCH($C35,Stats!$A:$A,0)),FALSE),ROUND(D35+(E35-D35)*(1+G35)*((3-1)/(MaxLevel-1))^(2^F35),0),D35+(E35-D35)*(1+G35)*((3-1)/(MaxLevel-1))^(2^F35))) | K35: =IF(OR(D35="",E35=""),"",IF(IFERROR(INDEX(Stats!$D:$D,MATCH($C35,Stats!$A:$A,0)),FALSE),ROUND(D35+(E35-D35)*(1+G35)*((4-1)/(MaxLevel-1))^(2^F35),0),D35+(E35-D35)*(1+G35)*((4-1)/(MaxLevel-1))^(2^F35))) | L35: =IF(OR(D35="",E35=""),"",IF(IFERROR(INDEX(Stats!$D:$D,MATCH($C35,Stats!$A:$A,0)),FALSE),ROUND(D35+(E35-D35)*(1+G35)*((5-1)/(MaxLevel-1))^(2^F35),0),D35+(E35-D35)*(1+G35)*((5-1)/(MaxLevel-1))^(2^F35))) | M35: =IF(OR(D35="",E35=""),"",IF(IFERROR(INDEX(Stats!$D:$D,MATCH($C35,Stats!$A:$A,0)),FALSE),ROUND(D35+(E35-D35)*(1+G35)*((6-1)/(MaxLevel-1))^(2^F35),0),D35+(E35-D35)*(1+G35)*((6-1)/(MaxLevel-1))^(2^F35))) | N35: =IF(OR(D35="",E35=""),"",IF(IFERROR(INDEX(Stats!$D:$D,MATCH($C35,Stats!$A:$A,0)),FALSE),ROUND(D35+(E35-D35)*(1+G35)*((7-1)/(MaxLevel-1))^(2^F35),0),D35+(E35-D35)*(1+G35)*((7-1)/(MaxLevel-1))^(2^F35))) | O35: =IF(OR(D35="",E35=""),"",IF(IFERROR(INDEX(Stats!$D:$D,MATCH($C35,Stats!$A:$A,0)),FALSE),ROUND(D35+(E35-D35)*(1+G35)*((8-1)/(MaxLevel-1))^(2^F35),0),D35+(E35-D35)*(1+G35)*((8-1)/(MaxLevel-1))^(2^F35))) | P35: =IF(OR(D35="",E35=""),"",IF(IFERROR(INDEX(Stats!$D:$D,MATCH($C35,Stats!$A:$A,0)),FALSE),ROUND(D35+(E35-D35)*(1+G35)*((9-1)/(MaxLevel-1))^(2^F35),0),D35+(E35-D35)*(1+G35)*((9-1)/(MaxLevel-1))^(2^F35))) | Q35: =IF(OR(D35="",E35=""),"",IF(IFERROR(INDEX(Stats!$D:$D,MATCH($C35,Stats!$A:$A,0)),FALSE),ROUND(D35+(E35-D35)*(1+G35)*((10-1)/(MaxLevel-1))^(2^F35),0),D35+(E35-D35)*(1+G35)*((10-1)/(MaxLevel-1))^(2^F35)))
A36: 01U | B36: C2 | C36: SkillBuild | H36: =IF(OR(D36="",E36=""),"",IF(IFERROR(INDEX(Stats!$D:$D,MATCH($C36,Stats!$A:$A,0)),FALSE),ROUND(D36+(E36-D36)*(1+G36)*((1-1)/(MaxLevel-1))^(2^F36),0),D36+(E36-D36)*(1+G36)*((1-1)/(MaxLevel-1))^(2^F36))) | I36: =IF(OR(D36="",E36=""),"",IF(IFERROR(INDEX(Stats!$D:$D,MATCH($C36,Stats!$A:$A,0)),FALSE),ROUND(D36+(E36-D36)*(1+G36)*((2-1)/(MaxLevel-1))^(2^F36),0),D36+(E36-D36)*(1+G36)*((2-1)/(MaxLevel-1))^(2^F36))) | J36: =IF(OR(D36="",E36=""),"",IF(IFERROR(INDEX(Stats!$D:$D,MATCH($C36,Stats!$A:$A,0)),FALSE),ROUND(D36+(E36-D36)*(1+G36)*((3-1)/(MaxLevel-1))^(2^F36),0),D36+(E36-D36)*(1+G36)*((3-1)/(MaxLevel-1))^(2^F36))) | K36: =IF(OR(D36="",E36=""),"",IF(IFERROR(INDEX(Stats!$D:$D,MATCH($C36,Stats!$A:$A,0)),FALSE),ROUND(D36+(E36-D36)*(1+G36)*((4-1)/(MaxLevel-1))^(2^F36),0),D36+(E36-D36)*(1+G36)*((4-1)/(MaxLevel-1))^(2^F36))) | L36: =IF(OR(D36="",E36=""),"",IF(IFERROR(INDEX(Stats!$D:$D,MATCH($C36,Stats!$A:$A,0)),FALSE),ROUND(D36+(E36-D36)*(1+G36)*((5-1)/(MaxLevel-1))^(2^F36),0),D36+(E36-D36)*(1+G36)*((5-1)/(MaxLevel-1))^(2^F36))) | M36: =IF(OR(D36="",E36=""),"",IF(IFERROR(INDEX(Stats!$D:$D,MATCH($C36,Stats!$A:$A,0)),FALSE),ROUND(D36+(E36-D36)*(1+G36)*((6-1)/(MaxLevel-1))^(2^F36),0),D36+(E36-D36)*(1+G36)*((6-1)/(MaxLevel-1))^(2^F36))) | N36: =IF(OR(D36="",E36=""),"",IF(IFERROR(INDEX(Stats!$D:$D,MATCH($C36,Stats!$A:$A,0)),FALSE),ROUND(D36+(E36-D36)*(1+G36)*((7-1)/(MaxLevel-1))^(2^F36),0),D36+(E36-D36)*(1+G36)*((7-1)/(MaxLevel-1))^(2^F36))) | O36: =IF(OR(D36="",E36=""),"",IF(IFERROR(INDEX(Stats!$D:$D,MATCH($C36,Stats!$A:$A,0)),FALSE),ROUND(D36+(E36-D36)*(1+G36)*((8-1)/(MaxLevel-1))^(2^F36),0),D36+(E36-D36)*(1+G36)*((8-1)/(MaxLevel-1))^(2^F36))) | P36: =IF(OR(D36="",E36=""),"",IF(IFERROR(INDEX(Stats!$D:$D,MATCH($C36,Stats!$A:$A,0)),FALSE),ROUND(D36+(E36-D36)*(1+G36)*((9-1)/(MaxLevel-1))^(2^F36),0),D36+(E36-D36)*(1+G36)*((9-1)/(MaxLevel-1))^(2^F36))) | Q36: =IF(OR(D36="",E36=""),"",IF(IFERROR(INDEX(Stats!$D:$D,MATCH($C36,Stats!$A:$A,0)),FALSE),ROUND(D36+(E36-D36)*(1+G36)*((10-1)/(MaxLevel-1))^(2^F36),0),D36+(E36-D36)*(1+G36)*((10-1)/(MaxLevel-1))^(2^F36)))
A37: 01U | B37: C2 | C37: SkillPray | H37: =IF(OR(D37="",E37=""),"",IF(IFERROR(INDEX(Stats!$D:$D,MATCH($C37,Stats!$A:$A,0)),FALSE),ROUND(D37+(E37-D37)*(1+G37)*((1-1)/(MaxLevel-1))^(2^F37),0),D37+(E37-D37)*(1+G37)*((1-1)/(MaxLevel-1))^(2^F37))) | I37: =IF(OR(D37="",E37=""),"",IF(IFERROR(INDEX(Stats!$D:$D,MATCH($C37,Stats!$A:$A,0)),FALSE),ROUND(D37+(E37-D37)*(1+G37)*((2-1)/(MaxLevel-1))^(2^F37),0),D37+(E37-D37)*(1+G37)*((2-1)/(MaxLevel-1))^(2^F37))) | J37: =IF(OR(D37="",E37=""),"",IF(IFERROR(INDEX(Stats!$D:$D,MATCH($C37,Stats!$A:$A,0)),FALSE),ROUND(D37+(E37-D37)*(1+G37)*((3-1)/(MaxLevel-1))^(2^F37),0),D37+(E37-D37)*(1+G37)*((3-1)/(MaxLevel-1))^(2^F37))) | K37: =IF(OR(D37="",E37=""),"",IF(IFERROR(INDEX(Stats!$D:$D,MATCH($C37,Stats!$A:$A,0)),FALSE),ROUND(D37+(E37-D37)*(1+G37)*((4-1)/(MaxLevel-1))^(2^F37),0),D37+(E37-D37)*(1+G37)*((4-1)/(MaxLevel-1))^(2^F37))) | L37: =IF(OR(D37="",E37=""),"",IF(IFERROR(INDEX(Stats!$D:$D,MATCH($C37,Stats!$A:$A,0)),FALSE),ROUND(D37+(E37-D37)*(1+G37)*((5-1)/(MaxLevel-1))^(2^F37),0),D37+(E37-D37)*(1+G37)*((5-1)/(MaxLevel-1))^(2^F37))) | M37: =IF(OR(D37="",E37=""),"",IF(IFERROR(INDEX(Stats!$D:$D,MATCH($C37,Stats!$A:$A,0)),FALSE),ROUND(D37+(E37-D37)*(1+G37)*((6-1)/(MaxLevel-1))^(2^F37),0),D37+(E37-D37)*(1+G37)*((6-1)/(MaxLevel-1))^(2^F37))) | N37: =IF(OR(D37="",E37=""),"",IF(IFERROR(INDEX(Stats!$D:$D,MATCH($C37,Stats!$A:$A,0)),FALSE),ROUND(D37+(E37-D37)*(1+G37)*((7-1)/(MaxLevel-1))^(2^F37),0),D37+(E37-D37)*(1+G37)*((7-1)/(MaxLevel-1))^(2^F37))) | O37: =IF(OR(D37="",E37=""),"",IF(IFERROR(INDEX(Stats!$D:$D,MATCH($C37,Stats!$A:$A,0)),FALSE),ROUND(D37+(E37-D37)*(1+G37)*((8-1)/(MaxLevel-1))^(2^F37),0),D37+(E37-D37)*(1+G37)*((8-1)/(MaxLevel-1))^(2^F37))) | P37: =IF(OR(D37="",E37=""),"",IF(IFERROR(INDEX(Stats!$D:$D,MATCH($C37,Stats!$A:$A,0)),FALSE),ROUND(D37+(E37-D37)*(1+G37)*((9-1)/(MaxLevel-1))^(2^F37),0),D37+(E37-D37)*(1+G37)*((9-1)/(MaxLevel-1))^(2^F37))) | Q37: =IF(OR(D37="",E37=""),"",IF(IFERROR(INDEX(Stats!$D:$D,MATCH($C37,Stats!$A:$A,0)),FALSE),ROUND(D37+(E37-D37)*(1+G37)*((10-1)/(MaxLevel-1))^(2^F37),0),D37+(E37-D37)*(1+G37)*((10-1)/(MaxLevel-1))^(2^F37)))
A38: 01U | B38: C2 | C38: SkillTorture | H38: =IF(OR(D38="",E38=""),"",IF(IFERROR(INDEX(Stats!$D:$D,MATCH($C38,Stats!$A:$A,0)),FALSE),ROUND(D38+(E38-D38)*(1+G38)*((1-1)/(MaxLevel-1))^(2^F38),0),D38+(E38-D38)*(1+G38)*((1-1)/(MaxLevel-1))^(2^F38))) | I38: =IF(OR(D38="",E38=""),"",IF(IFERROR(INDEX(Stats!$D:$D,MATCH($C38,Stats!$A:$A,0)),FALSE),ROUND(D38+(E38-D38)*(1+G38)*((2-1)/(MaxLevel-1))^(2^F38),0),D38+(E38-D38)*(1+G38)*((2-1)/(MaxLevel-1))^(2^F38))) | J38: =IF(OR(D38="",E38=""),"",IF(IFERROR(INDEX(Stats!$D:$D,MATCH($C38,Stats!$A:$A,0)),FALSE),ROUND(D38+(E38-D38)*(1+G38)*((3-1)/(MaxLevel-1))^(2^F38),0),D38+(E38-D38)*(1+G38)*((3-1)/(MaxLevel-1))^(2^F38))) | K38: =IF(OR(D38="",E38=""),"",IF(IFERROR(INDEX(Stats!$D:$D,MATCH($C38,Stats!$A:$A,0)),FALSE),ROUND(D38+(E38-D38)*(1+G38)*((4-1)/(MaxLevel-1))^(2^F38),0),D38+(E38-D38)*(1+G38)*((4-1)/(MaxLevel-1))^(2^F38))) | L38: =IF(OR(D38="",E38=""),"",IF(IFERROR(INDEX(Stats!$D:$D,MATCH($C38,Stats!$A:$A,0)),FALSE),ROUND(D38+(E38-D38)*(1+G38)*((5-1)/(MaxLevel-1))^(2^F38),0),D38+(E38-D38)*(1+G38)*((5-1)/(MaxLevel-1))^(2^F38))) | M38: =IF(OR(D38="",E38=""),"",IF(IFERROR(INDEX(Stats!$D:$D,MATCH($C38,Stats!$A:$A,0)),FALSE),ROUND(D38+(E38-D38)*(1+G38)*((6-1)/(MaxLevel-1))^(2^F38),0),D38+(E38-D38)*(1+G38)*((6-1)/(MaxLevel-1))^(2^F38))) | N38: =IF(OR(D38="",E38=""),"",IF(IFERROR(INDEX(Stats!$D:$D,MATCH($C38,Stats!$A:$A,0)),FALSE),ROUND(D38+(E38-D38)*(1+G38)*((7-1)/(MaxLevel-1))^(2^F38),0),D38+(E38-D38)*(1+G38)*((7-1)/(MaxLevel-1))^(2^F38))) | O38: =IF(OR(D38="",E38=""),"",IF(IFERROR(INDEX(Stats!$D:$D,MATCH($C38,Stats!$A:$A,0)),FALSE),ROUND(D38+(E38-D38)*(1+G38)*((8-1)/(MaxLevel-1))^(2^F38),0),D38+(E38-D38)*(1+G38)*((8-1)/(MaxLevel-1))^(2^F38))) | P38: =IF(OR(D38="",E38=""),"",IF(IFERROR(INDEX(Stats!$D:$D,MATCH($C38,Stats!$A:$A,0)),FALSE),ROUND(D38+(E38-D38)*(1+G38)*((9-1)/(MaxLevel-1))^(2^F38),0),D38+(E38-D38)*(1+G38)*((9-1)/(MaxLevel-1))^(2^F38))) | Q38: =IF(OR(D38="",E38=""),"",IF(IFERROR(INDEX(Stats!$D:$D,MATCH($C38,Stats!$A:$A,0)),FALSE),ROUND(D38+(E38-D38)*(1+G38)*((10-1)/(MaxLevel-1))^(2^F38),0),D38+(E38-D38)*(1+G38)*((10-1)/(MaxLevel-1))^(2^F38)))
A39: 01U | B39: C2 | C39: Anger | D39: 0.3 | E39: 0.1 | F39: 0 | G39: 0 | H39: =IF(OR(D39="",E39=""),"",IF(IFERROR(INDEX(Stats!$D:$D,MATCH($C39,Stats!$A:$A,0)),FALSE),ROUND(D39+(E39-D39)*(1+G39)*((1-1)/(MaxLevel-1))^(2^F39),0),D39+(E39-D39)*(1+G39)*((1-1)/(MaxLevel-1))^(2^F39))) -> 0.3 | I39: =IF(OR(D39="",E39=""),"",IF(IFERROR(INDEX(Stats!$D:$D,MATCH($C39,Stats!$A:$A,0)),FALSE),ROUND(D39+(E39-D39)*(1+G39)*((2-1)/(MaxLevel-1))^(2^F39),0),D39+(E39-D39)*(1+G39)*((2-1)/(MaxLevel-1))^(2^F39))) -> 0.27777778 | J39: =IF(OR(D39="",E39=""),"",IF(IFERROR(INDEX(Stats!$D:$D,MATCH($C39,Stats!$A:$A,0)),FALSE),ROUND(D39+(E39-D39)*(1+G39)*((3-1)/(MaxLevel-1))^(2^F39),0),D39+(E39-D39)*(1+G39)*((3-1)/(MaxLevel-1))^(2^F39))) -> 0.25555556 | K39: =IF(OR(D39="",E39=""),"",IF(IFERROR(INDEX(Stats!$D:$D,MATCH($C39,Stats!$A:$A,0)),FALSE),ROUND(D39+(E39-D39)*(1+G39)*((4-1)/(MaxLevel-1))^(2^F39),0),D39+(E39-D39)*(1+G39)*((4-1)/(MaxLevel-1))^(2^F39))) -> 0.23333333 | L39: =IF(OR(D39="",E39=""),"",IF(IFERROR(INDEX(Stats!$D:$D,MATCH($C39,Stats!$A:$A,0)),FALSE),ROUND(D39+(E39-D39)*(1+G39)*((5-1)/(MaxLevel-1))^(2^F39),0),D39+(E39-D39)*(1+G39)*((5-1)/(MaxLevel-1))^(2^F39))) -> 0.21111111 | M39: =IF(OR(D39="",E39=""),"",IF(IFERROR(INDEX(Stats!$D:$D,MATCH($C39,Stats!$A:$A,0)),FALSE),ROUND(D39+(E39-D39)*(1+G39)*((6-1)/(MaxLevel-1))^(2^F39),0),D39+(E39-D39)*(1+G39)*((6-1)/(MaxLevel-1))^(2^F39))) -> 0.18888889 | N39: =IF(OR(D39="",E39=""),"",IF(IFERROR(INDEX(Stats!$D:$D,MATCH($C39,Stats!$A:$A,0)),FALSE),ROUND(D39+(E39-D39)*(1+G39)*((7-1)/(MaxLevel-1))^(2^F39),0),D39+(E39-D39)*(1+G39)*((7-1)/(MaxLevel-1))^(2^F39))) -> 0.16666667 | O39: =IF(OR(D39="",E39=""),"",IF(IFERROR(INDEX(Stats!$D:$D,MATCH($C39,Stats!$A:$A,0)),FALSE),ROUND(D39+(E39-D39)*(1+G39)*((8-1)/(MaxLevel-1))^(2^F39),0),D39+(E39-D39)*(1+G39)*((8-1)/(MaxLevel-1))^(2^F39))) -> 0.14444444 | P39: =IF(OR(D39="",E39=""),"",IF(IFERROR(INDEX(Stats!$D:$D,MATCH($C39,Stats!$A:$A,0)),FALSE),ROUND(D39+(E39-D39)*(1+G39)*((9-1)/(MaxLevel-1))^(2^F39),0),D39+(E39-D39)*(1+G39)*((9-1)/(MaxLevel-1))^(2^F39))) -> 0.12222222 | Q39: =IF(OR(D39="",E39=""),"",IF(IFERROR(INDEX(Stats!$D:$D,MATCH($C39,Stats!$A:$A,0)),FALSE),ROUND(D39+(E39-D39)*(1+G39)*((10-1)/(MaxLevel-1))^(2^F39),0),D39+(E39-D39)*(1+G39)*((10-1)/(MaxLevel-1))^(2^F39))) -> 0.1
A40: 01U | B40: C3 | C40: Experience | D40: 0 | E40: 20000 | F40: 1 | G40: 0 | H40: =IF(OR(D40="",E40=""),"",IF(IFERROR(INDEX(Stats!$D:$D,MATCH($C40,Stats!$A:$A,0)),FALSE),ROUND(D40+(E40-D40)*(1+G40)*((1-1)/(MaxLevel-1))^(2^F40),0),D40+(E40-D40)*(1+G40)*((1-1)/(MaxLevel-1))^(2^F40))) -> 0 | I40: =IF(OR(D40="",E40=""),"",IF(IFERROR(INDEX(Stats!$D:$D,MATCH($C40,Stats!$A:$A,0)),FALSE),ROUND(D40+(E40-D40)*(1+G40)*((2-1)/(MaxLevel-1))^(2^F40),0),D40+(E40-D40)*(1+G40)*((2-1)/(MaxLevel-1))^(2^F40))) -> 247 | J40: =IF(OR(D40="",E40=""),"",IF(IFERROR(INDEX(Stats!$D:$D,MATCH($C40,Stats!$A:$A,0)),FALSE),ROUND(D40+(E40-D40)*(1+G40)*((3-1)/(MaxLevel-1))^(2^F40),0),D40+(E40-D40)*(1+G40)*((3-1)/(MaxLevel-1))^(2^F40))) -> 988 | K40: =IF(OR(D40="",E40=""),"",IF(IFERROR(INDEX(Stats!$D:$D,MATCH($C40,Stats!$A:$A,0)),FALSE),ROUND(D40+(E40-D40)*(1+G40)*((4-1)/(MaxLevel-1))^(2^F40),0),D40+(E40-D40)*(1+G40)*((4-1)/(MaxLevel-1))^(2^F40))) -> 2222 | L40: =IF(OR(D40="",E40=""),"",IF(IFERROR(INDEX(Stats!$D:$D,MATCH($C40,Stats!$A:$A,0)),FALSE),ROUND(D40+(E40-D40)*(1+G40)*((5-1)/(MaxLevel-1))^(2^F40),0),D40+(E40-D40)*(1+G40)*((5-1)/(MaxLevel-1))^(2^F40))) -> 3951 | M40: =IF(OR(D40="",E40=""),"",IF(IFERROR(INDEX(Stats!$D:$D,MATCH($C40,Stats!$A:$A,0)),FALSE),ROUND(D40+(E40-D40)*(1+G40)*((6-1)/(MaxLevel-1))^(2^F40),0),D40+(E40-D40)*(1+G40)*((6-1)/(MaxLevel-1))^(2^F40))) -> 6173 | N40: =IF(OR(D40="",E40=""),"",IF(IFERROR(INDEX(Stats!$D:$D,MATCH($C40,Stats!$A:$A,0)),FALSE),ROUND(D40+(E40-D40)*(1+G40)*((7-1)/(MaxLevel-1))^(2^F40),0),D40+(E40-D40)*(1+G40)*((7-1)/(MaxLevel-1))^(2^F40))) -> 8889 | O40: =IF(OR(D40="",E40=""),"",IF(IFERROR(INDEX(Stats!$D:$D,MATCH($C40,Stats!$A:$A,0)),FALSE),ROUND(D40+(E40-D40)*(1+G40)*((8-1)/(MaxLevel-1))^(2^F40),0),D40+(E40-D40)*(1+G40)*((8-1)/(MaxLevel-1))^(2^F40))) -> 12099 | P40: =IF(OR(D40="",E40=""),"",IF(IFERROR(INDEX(Stats!$D:$D,MATCH($C40,Stats!$A:$A,0)),FALSE),ROUND(D40+(E40-D40)*(1+G40)*((9-1)/(MaxLevel-1))^(2^F40),0),D40+(E40-D40)*(1+G40)*((9-1)/(MaxLevel-1))^(2^F40))) -> 15802 | Q40: =IF(OR(D40="",E40=""),"",IF(IFERROR(INDEX(Stats!$D:$D,MATCH($C40,Stats!$A:$A,0)),FALSE),ROUND(D40+(E40-D40)*(1+G40)*((10-1)/(MaxLevel-1))^(2^F40),0),D40+(E40-D40)*(1+G40)*((10-1)/(MaxLevel-1))^(2^F40))) -> 20000
A41: 01U | B41: C3 | C41: Salary | D41: 50 | E41: 300 | F41: 0 | G41: 0 | H41: =IF(OR(D41="",E41=""),"",IF(IFERROR(INDEX(Stats!$D:$D,MATCH($C41,Stats!$A:$A,0)),FALSE),ROUND(D41+(E41-D41)*(1+G41)*((1-1)/(MaxLevel-1))^(2^F41),0),D41+(E41-D41)*(1+G41)*((1-1)/(MaxLevel-1))^(2^F41))) -> 50 | I41: =IF(OR(D41="",E41=""),"",IF(IFERROR(INDEX(Stats!$D:$D,MATCH($C41,Stats!$A:$A,0)),FALSE),ROUND(D41+(E41-D41)*(1+G41)*((2-1)/(MaxLevel-1))^(2^F41),0),D41+(E41-D41)*(1+G41)*((2-1)/(MaxLevel-1))^(2^F41))) -> 78 | J41: =IF(OR(D41="",E41=""),"",IF(IFERROR(INDEX(Stats!$D:$D,MATCH($C41,Stats!$A:$A,0)),FALSE),ROUND(D41+(E41-D41)*(1+G41)*((3-1)/(MaxLevel-1))^(2^F41),0),D41+(E41-D41)*(1+G41)*((3-1)/(MaxLevel-1))^(2^F41))) -> 106 | K41: =IF(OR(D41="",E41=""),"",IF(IFERROR(INDEX(Stats!$D:$D,MATCH($C41,Stats!$A:$A,0)),FALSE),ROUND(D41+(E41-D41)*(1+G41)*((4-1)/(MaxLevel-1))^(2^F41),0),D41+(E41-D41)*(1+G41)*((4-1)/(MaxLevel-1))^(2^F41))) -> 133 | L41: =IF(OR(D41="",E41=""),"",IF(IFERROR(INDEX(Stats!$D:$D,MATCH($C41,Stats!$A:$A,0)),FALSE),ROUND(D41+(E41-D41)*(1+G41)*((5-1)/(MaxLevel-1))^(2^F41),0),D41+(E41-D41)*(1+G41)*((5-1)/(MaxLevel-1))^(2^F41))) -> 161 | M41: =IF(OR(D41="",E41=""),"",IF(IFERROR(INDEX(Stats!$D:$D,MATCH($C41,Stats!$A:$A,0)),FALSE),ROUND(D41+(E41-D41)*(1+G41)*((6-1)/(MaxLevel-1))^(2^F41),0),D41+(E41-D41)*(1+G41)*((6-1)/(MaxLevel-1))^(2^F41))) -> 189 | N41: =IF(OR(D41="",E41=""),"",IF(IFERROR(INDEX(Stats!$D:$D,MATCH($C41,Stats!$A:$A,0)),FALSE),ROUND(D41+(E41-D41)*(1+G41)*((7-1)/(MaxLevel-1))^(2^F41),0),D41+(E41-D41)*(1+G41)*((7-1)/(MaxLevel-1))^(2^F41))) -> 217 | O41: =IF(OR(D41="",E41=""),"",IF(IFERROR(INDEX(Stats!$D:$D,MATCH($C41,Stats!$A:$A,0)),FALSE),ROUND(D41+(E41-D41)*(1+G41)*((8-1)/(MaxLevel-1))^(2^F41),0),D41+(E41-D41)*(1+G41)*((8-1)/(MaxLevel-1))^(2^F41))) -> 244 | P41: =IF(OR(D41="",E41=""),"",IF(IFERROR(INDEX(Stats!$D:$D,MATCH($C41,Stats!$A:$A,0)),FALSE),ROUND(D41+(E41-D41)*(1+G41)*((9-1)/(MaxLevel-1))^(2^F41),0),D41+(E41-D41)*(1+G41)*((9-1)/(MaxLevel-1))^(2^F41))) -> 272 | Q41: =IF(OR(D41="",E41=""),"",IF(IFERROR(INDEX(Stats!$D:$D,MATCH($C41,Stats!$A:$A,0)),FALSE),ROUND(D41+(E41-D41)*(1+G41)*((10-1)/(MaxLevel-1))^(2^F41),0),D41+(E41-D41)*(1+G41)*((10-1)/(MaxLevel-1))^(2^F41))) -> 300
A42: 01U | B42: C3 | C42: Health | D42: 400 | E42: 1600 | F42: 0 | G42: 0 | H42: =IF(OR(D42="",E42=""),"",IF(IFERROR(INDEX(Stats!$D:$D,MATCH($C42,Stats!$A:$A,0)),FALSE),ROUND(D42+(E42-D42)*(1+G42)*((1-1)/(MaxLevel-1))^(2^F42),0),D42+(E42-D42)*(1+G42)*((1-1)/(MaxLevel-1))^(2^F42))) -> 400 | I42: =IF(OR(D42="",E42=""),"",IF(IFERROR(INDEX(Stats!$D:$D,MATCH($C42,Stats!$A:$A,0)),FALSE),ROUND(D42+(E42-D42)*(1+G42)*((2-1)/(MaxLevel-1))^(2^F42),0),D42+(E42-D42)*(1+G42)*((2-1)/(MaxLevel-1))^(2^F42))) -> 533 | J42: =IF(OR(D42="",E42=""),"",IF(IFERROR(INDEX(Stats!$D:$D,MATCH($C42,Stats!$A:$A,0)),FALSE),ROUND(D42+(E42-D42)*(1+G42)*((3-1)/(MaxLevel-1))^(2^F42),0),D42+(E42-D42)*(1+G42)*((3-1)/(MaxLevel-1))^(2^F42))) -> 667 | K42: =IF(OR(D42="",E42=""),"",IF(IFERROR(INDEX(Stats!$D:$D,MATCH($C42,Stats!$A:$A,0)),FALSE),ROUND(D42+(E42-D42)*(1+G42)*((4-1)/(MaxLevel-1))^(2^F42),0),D42+(E42-D42)*(1+G42)*((4-1)/(MaxLevel-1))^(2^F42))) -> 800 | L42: =IF(OR(D42="",E42=""),"",IF(IFERROR(INDEX(Stats!$D:$D,MATCH($C42,Stats!$A:$A,0)),FALSE),ROUND(D42+(E42-D42)*(1+G42)*((5-1)/(MaxLevel-1))^(2^F42),0),D42+(E42-D42)*(1+G42)*((5-1)/(MaxLevel-1))^(2^F42))) -> 933 | M42: =IF(OR(D42="",E42=""),"",IF(IFERROR(INDEX(Stats!$D:$D,MATCH($C42,Stats!$A:$A,0)),FALSE),ROUND(D42+(E42-D42)*(1+G42)*((6-1)/(MaxLevel-1))^(2^F42),0),D42+(E42-D42)*(1+G42)*((6-1)/(MaxLevel-1))^(2^F42))) -> 1067 | N42: =IF(OR(D42="",E42=""),"",IF(IFERROR(INDEX(Stats!$D:$D,MATCH($C42,Stats!$A:$A,0)),FALSE),ROUND(D42+(E42-D42)*(1+G42)*((7-1)/(MaxLevel-1))^(2^F42),0),D42+(E42-D42)*(1+G42)*((7-1)/(MaxLevel-1))^(2^F42))) -> 1200 | O42: =IF(OR(D42="",E42=""),"",IF(IFERROR(INDEX(Stats!$D:$D,MATCH($C42,Stats!$A:$A,0)),FALSE),ROUND(D42+(E42-D42)*(1+G42)*((8-1)/(MaxLevel-1))^(2^F42),0),D42+(E42-D42)*(1+G42)*((8-1)/(MaxLevel-1))^(2^F42))) -> 1333 | P42: =IF(OR(D42="",E42=""),"",IF(IFERROR(INDEX(Stats!$D:$D,MATCH($C42,Stats!$A:$A,0)),FALSE),ROUND(D42+(E42-D42)*(1+G42)*((9-1)/(MaxLevel-1))^(2^F42),0),D42+(E42-D42)*(1+G42)*((9-1)/(MaxLevel-1))^(2^F42))) -> 1467 | Q42: =IF(OR(D42="",E42=""),"",IF(IFERROR(INDEX(Stats!$D:$D,MATCH($C42,Stats!$A:$A,0)),FALSE),ROUND(D42+(E42-D42)*(1+G42)*((10-1)/(MaxLevel-1))^(2^F42),0),D42+(E42-D42)*(1+G42)*((10-1)/(MaxLevel-1))^(2^F42))) -> 1600
A43: 01U | B43: C3 | C43: Strength | D43: 30 | E43: 120 | F43: 0 | G43: 0 | H43: =IF(OR(D43="",E43=""),"",IF(IFERROR(INDEX(Stats!$D:$D,MATCH($C43,Stats!$A:$A,0)),FALSE),ROUND(D43+(E43-D43)*(1+G43)*((1-1)/(MaxLevel-1))^(2^F43),0),D43+(E43-D43)*(1+G43)*((1-1)/(MaxLevel-1))^(2^F43))) -> 30 | I43: =IF(OR(D43="",E43=""),"",IF(IFERROR(INDEX(Stats!$D:$D,MATCH($C43,Stats!$A:$A,0)),FALSE),ROUND(D43+(E43-D43)*(1+G43)*((2-1)/(MaxLevel-1))^(2^F43),0),D43+(E43-D43)*(1+G43)*((2-1)/(MaxLevel-1))^(2^F43))) -> 40 | J43: =IF(OR(D43="",E43=""),"",IF(IFERROR(INDEX(Stats!$D:$D,MATCH($C43,Stats!$A:$A,0)),FALSE),ROUND(D43+(E43-D43)*(1+G43)*((3-1)/(MaxLevel-1))^(2^F43),0),D43+(E43-D43)*(1+G43)*((3-1)/(MaxLevel-1))^(2^F43))) -> 50 | K43: =IF(OR(D43="",E43=""),"",IF(IFERROR(INDEX(Stats!$D:$D,MATCH($C43,Stats!$A:$A,0)),FALSE),ROUND(D43+(E43-D43)*(1+G43)*((4-1)/(MaxLevel-1))^(2^F43),0),D43+(E43-D43)*(1+G43)*((4-1)/(MaxLevel-1))^(2^F43))) -> 60 | L43: =IF(OR(D43="",E43=""),"",IF(IFERROR(INDEX(Stats!$D:$D,MATCH($C43,Stats!$A:$A,0)),FALSE),ROUND(D43+(E43-D43)*(1+G43)*((5-1)/(MaxLevel-1))^(2^F43),0),D43+(E43-D43)*(1+G43)*((5-1)/(MaxLevel-1))^(2^F43))) -> 70 | M43: =IF(OR(D43="",E43=""),"",IF(IFERROR(INDEX(Stats!$D:$D,MATCH($C43,Stats!$A:$A,0)),FALSE),ROUND(D43+(E43-D43)*(1+G43)*((6-1)/(MaxLevel-1))^(2^F43),0),D43+(E43-D43)*(1+G43)*((6-1)/(MaxLevel-1))^(2^F43))) -> 80 | N43: =IF(OR(D43="",E43=""),"",IF(IFERROR(INDEX(Stats!$D:$D,MATCH($C43,Stats!$A:$A,0)),FALSE),ROUND(D43+(E43-D43)*(1+G43)*((7-1)/(MaxLevel-1))^(2^F43),0),D43+(E43-D43)*(1+G43)*((7-1)/(MaxLevel-1))^(2^F43))) -> 90 | O43: =IF(OR(D43="",E43=""),"",IF(IFERROR(INDEX(Stats!$D:$D,MATCH($C43,Stats!$A:$A,0)),FALSE),ROUND(D43+(E43-D43)*(1+G43)*((8-1)/(MaxLevel-1))^(2^F43),0),D43+(E43-D43)*(1+G43)*((8-1)/(MaxLevel-1))^(2^F43))) -> 100 | P43: =IF(OR(D43="",E43=""),"",IF(IFERROR(INDEX(Stats!$D:$D,MATCH($C43,Stats!$A:$A,0)),FALSE),ROUND(D43+(E43-D43)*(1+G43)*((9-1)/(MaxLevel-1))^(2^F43),0),D43+(E43-D43)*(1+G43)*((9-1)/(MaxLevel-1))^(2^F43))) -> 110 | Q43: =IF(OR(D43="",E43=""),"",IF(IFERROR(INDEX(Stats!$D:$D,MATCH($C43,Stats!$A:$A,0)),FALSE),ROUND(D43+(E43-D43)*(1+G43)*((10-1)/(MaxLevel-1))^(2^F43),0),D43+(E43-D43)*(1+G43)*((10-1)/(MaxLevel-1))^(2^F43))) -> 120
A44: 01U | B44: C3 | C44: Accuracy | D44: 0.7 | E44: 0.95 | F44: -1 | G44: 0 | H44: =IF(OR(D44="",E44=""),"",IF(IFERROR(INDEX(Stats!$D:$D,MATCH($C44,Stats!$A:$A,0)),FALSE),ROUND(D44+(E44-D44)*(1+G44)*((1-1)/(MaxLevel-1))^(2^F44),0),D44+(E44-D44)*(1+G44)*((1-1)/(MaxLevel-1))^(2^F44))) -> 0.7 | I44: =IF(OR(D44="",E44=""),"",IF(IFERROR(INDEX(Stats!$D:$D,MATCH($C44,Stats!$A:$A,0)),FALSE),ROUND(D44+(E44-D44)*(1+G44)*((2-1)/(MaxLevel-1))^(2^F44),0),D44+(E44-D44)*(1+G44)*((2-1)/(MaxLevel-1))^(2^F44))) -> 0.78333333 | J44: =IF(OR(D44="",E44=""),"",IF(IFERROR(INDEX(Stats!$D:$D,MATCH($C44,Stats!$A:$A,0)),FALSE),ROUND(D44+(E44-D44)*(1+G44)*((3-1)/(MaxLevel-1))^(2^F44),0),D44+(E44-D44)*(1+G44)*((3-1)/(MaxLevel-1))^(2^F44))) -> 0.81785113 | K44: =IF(OR(D44="",E44=""),"",IF(IFERROR(INDEX(Stats!$D:$D,MATCH($C44,Stats!$A:$A,0)),FALSE),ROUND(D44+(E44-D44)*(1+G44)*((4-1)/(MaxLevel-1))^(2^F44),0),D44+(E44-D44)*(1+G44)*((4-1)/(MaxLevel-1))^(2^F44))) -> 0.84433757 | L44: =IF(OR(D44="",E44=""),"",IF(IFERROR(INDEX(Stats!$D:$D,MATCH($C44,Stats!$A:$A,0)),FALSE),ROUND(D44+(E44-D44)*(1+G44)*((5-1)/(MaxLevel-1))^(2^F44),0),D44+(E44-D44)*(1+G44)*((5-1)/(MaxLevel-1))^(2^F44))) -> 0.86666667 | M44: =IF(OR(D44="",E44=""),"",IF(IFERROR(INDEX(Stats!$D:$D,MATCH($C44,Stats!$A:$A,0)),FALSE),ROUND(D44+(E44-D44)*(1+G44)*((6-1)/(MaxLevel-1))^(2^F44),0),D44+(E44-D44)*(1+G44)*((6-1)/(MaxLevel-1))^(2^F44))) -> 0.886339 | N44: =IF(OR(D44="",E44=""),"",IF(IFERROR(INDEX(Stats!$D:$D,MATCH($C44,Stats!$A:$A,0)),FALSE),ROUND(D44+(E44-D44)*(1+G44)*((7-1)/(MaxLevel-1))^(2^F44),0),D44+(E44-D44)*(1+G44)*((7-1)/(MaxLevel-1))^(2^F44))) -> 0.90412415 | O44: =IF(OR(D44="",E44=""),"",IF(IFERROR(INDEX(Stats!$D:$D,MATCH($C44,Stats!$A:$A,0)),FALSE),ROUND(D44+(E44-D44)*(1+G44)*((8-1)/(MaxLevel-1))^(2^F44),0),D44+(E44-D44)*(1+G44)*((8-1)/(MaxLevel-1))^(2^F44))) -> 0.92047928 | P44: =IF(OR(D44="",E44=""),"",IF(IFERROR(INDEX(Stats!$D:$D,MATCH($C44,Stats!$A:$A,0)),FALSE),ROUND(D44+(E44-D44)*(1+G44)*((9-1)/(MaxLevel-1))^(2^F44),0),D44+(E44-D44)*(1+G44)*((9-1)/(MaxLevel-1))^(2^F44))) -> 0.93570226 | Q44: =IF(OR(D44="",E44=""),"",IF(IFERROR(INDEX(Stats!$D:$D,MATCH($C44,Stats!$A:$A,0)),FALSE),ROUND(D44+(E44-D44)*(1+G44)*((10-1)/(MaxLevel-1))^(2^F44),0),D44+(E44-D44)*(1+G44)*((10-1)/(MaxLevel-1))^(2^F44))) -> 0.95
A45: 01U | B45: C3 | C45: Dexterity | D45: 0.1 | E45: 0.3 | F45: 0 | G45: 0 | H45: =IF(OR(D45="",E45=""),"",IF(IFERROR(INDEX(Stats!$D:$D,MATCH($C45,Stats!$A:$A,0)),FALSE),ROUND(D45+(E45-D45)*(1+G45)*((1-1)/(MaxLevel-1))^(2^F45),0),D45+(E45-D45)*(1+G45)*((1-1)/(MaxLevel-1))^(2^F45))) -> 0.1 | I45: =IF(OR(D45="",E45=""),"",IF(IFERROR(INDEX(Stats!$D:$D,MATCH($C45,Stats!$A:$A,0)),FALSE),ROUND(D45+(E45-D45)*(1+G45)*((2-1)/(MaxLevel-1))^(2^F45),0),D45+(E45-D45)*(1+G45)*((2-1)/(MaxLevel-1))^(2^F45))) -> 0.12222222 | J45: =IF(OR(D45="",E45=""),"",IF(IFERROR(INDEX(Stats!$D:$D,MATCH($C45,Stats!$A:$A,0)),FALSE),ROUND(D45+(E45-D45)*(1+G45)*((3-1)/(MaxLevel-1))^(2^F45),0),D45+(E45-D45)*(1+G45)*((3-1)/(MaxLevel-1))^(2^F45))) -> 0.14444444 | K45: =IF(OR(D45="",E45=""),"",IF(IFERROR(INDEX(Stats!$D:$D,MATCH($C45,Stats!$A:$A,0)),FALSE),ROUND(D45+(E45-D45)*(1+G45)*((4-1)/(MaxLevel-1))^(2^F45),0),D45+(E45-D45)*(1+G45)*((4-1)/(MaxLevel-1))^(2^F45))) -> 0.16666667 | L45: =IF(OR(D45="",E45=""),"",IF(IFERROR(INDEX(Stats!$D:$D,MATCH($C45,Stats!$A:$A,0)),FALSE),ROUND(D45+(E45-D45)*(1+G45)*((5-1)/(MaxLevel-1))^(2^F45),0),D45+(E45-D45)*(1+G45)*((5-1)/(MaxLevel-1))^(2^F45))) -> 0.18888889 | M45: =IF(OR(D45="",E45=""),"",IF(IFERROR(INDEX(Stats!$D:$D,MATCH($C45,Stats!$A:$A,0)),FALSE),ROUND(D45+(E45-D45)*(1+G45)*((6-1)/(MaxLevel-1))^(2^F45),0),D45+(E45-D45)*(1+G45)*((6-1)/(MaxLevel-1))^(2^F45))) -> 0.21111111 | N45: =IF(OR(D45="",E45=""),"",IF(IFERROR(INDEX(Stats!$D:$D,MATCH($C45,Stats!$A:$A,0)),FALSE),ROUND(D45+(E45-D45)*(1+G45)*((7-1)/(MaxLevel-1))^(2^F45),0),D45+(E45-D45)*(1+G45)*((7-1)/(MaxLevel-1))^(2^F45))) -> 0.23333333 | O45: =IF(OR(D45="",E45=""),"",IF(IFERROR(INDEX(Stats!$D:$D,MATCH($C45,Stats!$A:$A,0)),FALSE),ROUND(D45+(E45-D45)*(1+G45)*((8-1)/(MaxLevel-1))^(2^F45),0),D45+(E45-D45)*(1+G45)*((8-1)/(MaxLevel-1))^(2^F45))) -> 0.25555556 | P45: =IF(OR(D45="",E45=""),"",IF(IFERROR(INDEX(Stats!$D:$D,MATCH($C45,Stats!$A:$A,0)),FALSE),ROUND(D45+(E45-D45)*(1+G45)*((9-1)/(MaxLevel-1))^(2^F45),0),D45+(E45-D45)*(1+G45)*((9-1)/(MaxLevel-1))^(2^F45))) -> 0.27777778 | Q45: =IF(OR(D45="",E45=""),"",IF(IFERROR(INDEX(Stats!$D:$D,MATCH($C45,Stats!$A:$A,0)),FALSE),ROUND(D45+(E45-D45)*(1+G45)*((10-1)/(MaxLevel-1))^(2^F45),0),D45+(E45-D45)*(1+G45)*((10-1)/(MaxLevel-1))^(2^F45))) -> 0.3
A46: 01U | B46: C3 | C46: Fortitude | H46: =IF(OR(D46="",E46=""),"",IF(IFERROR(INDEX(Stats!$D:$D,MATCH($C46,Stats!$A:$A,0)),FALSE),ROUND(D46+(E46-D46)*(1+G46)*((1-1)/(MaxLevel-1))^(2^F46),0),D46+(E46-D46)*(1+G46)*((1-1)/(MaxLevel-1))^(2^F46))) | I46: =IF(OR(D46="",E46=""),"",IF(IFERROR(INDEX(Stats!$D:$D,MATCH($C46,Stats!$A:$A,0)),FALSE),ROUND(D46+(E46-D46)*(1+G46)*((2-1)/(MaxLevel-1))^(2^F46),0),D46+(E46-D46)*(1+G46)*((2-1)/(MaxLevel-1))^(2^F46))) | J46: =IF(OR(D46="",E46=""),"",IF(IFERROR(INDEX(Stats!$D:$D,MATCH($C46,Stats!$A:$A,0)),FALSE),ROUND(D46+(E46-D46)*(1+G46)*((3-1)/(MaxLevel-1))^(2^F46),0),D46+(E46-D46)*(1+G46)*((3-1)/(MaxLevel-1))^(2^F46))) | K46: =IF(OR(D46="",E46=""),"",IF(IFERROR(INDEX(Stats!$D:$D,MATCH($C46,Stats!$A:$A,0)),FALSE),ROUND(D46+(E46-D46)*(1+G46)*((4-1)/(MaxLevel-1))^(2^F46),0),D46+(E46-D46)*(1+G46)*((4-1)/(MaxLevel-1))^(2^F46))) | L46: =IF(OR(D46="",E46=""),"",IF(IFERROR(INDEX(Stats!$D:$D,MATCH($C46,Stats!$A:$A,0)),FALSE),ROUND(D46+(E46-D46)*(1+G46)*((5-1)/(MaxLevel-1))^(2^F46),0),D46+(E46-D46)*(1+G46)*((5-1)/(MaxLevel-1))^(2^F46))) | M46: =IF(OR(D46="",E46=""),"",IF(IFERROR(INDEX(Stats!$D:$D,MATCH($C46,Stats!$A:$A,0)),FALSE),ROUND(D46+(E46-D46)*(1+G46)*((6-1)/(MaxLevel-1))^(2^F46),0),D46+(E46-D46)*(1+G46)*((6-1)/(MaxLevel-1))^(2^F46))) | N46: =IF(OR(D46="",E46=""),"",IF(IFERROR(INDEX(Stats!$D:$D,MATCH($C46,Stats!$A:$A,0)),FALSE),ROUND(D46+(E46-D46)*(1+G46)*((7-1)/(MaxLevel-1))^(2^F46),0),D46+(E46-D46)*(1+G46)*((7-1)/(MaxLevel-1))^(2^F46))) | O46: =IF(OR(D46="",E46=""),"",IF(IFERROR(INDEX(Stats!$D:$D,MATCH($C46,Stats!$A:$A,0)),FALSE),ROUND(D46+(E46-D46)*(1+G46)*((8-1)/(MaxLevel-1))^(2^F46),0),D46+(E46-D46)*(1+G46)*((8-1)/(MaxLevel-1))^(2^F46))) | P46: =IF(OR(D46="",E46=""),"",IF(IFERROR(INDEX(Stats!$D:$D,MATCH($C46,Stats!$A:$A,0)),FALSE),ROUND(D46+(E46-D46)*(1+G46)*((9-1)/(MaxLevel-1))^(2^F46),0),D46+(E46-D46)*(1+G46)*((9-1)/(MaxLevel-1))^(2^F46))) | Q46: =IF(OR(D46="",E46=""),"",IF(IFERROR(INDEX(Stats!$D:$D,MATCH($C46,Stats!$A:$A,0)),FALSE),ROUND(D46+(E46-D46)*(1+G46)*((10-1)/(MaxLevel-1))^(2^F46),0),D46+(E46-D46)*(1+G46)*((10-1)/(MaxLevel-1))^(2^F46)))
A47: 01U | B47: C3 | C47: Speed | H47: =IF(OR(D47="",E47=""),"",IF(IFERROR(INDEX(Stats!$D:$D,MATCH($C47,Stats!$A:$A,0)),FALSE),ROUND(D47+(E47-D47)*(1+G47)*((1-1)/(MaxLevel-1))^(2^F47),0),D47+(E47-D47)*(1+G47)*((1-1)/(MaxLevel-1))^(2^F47))) | I47: =IF(OR(D47="",E47=""),"",IF(IFERROR(INDEX(Stats!$D:$D,MATCH($C47,Stats!$A:$A,0)),FALSE),ROUND(D47+(E47-D47)*(1+G47)*((2-1)/(MaxLevel-1))^(2^F47),0),D47+(E47-D47)*(1+G47)*((2-1)/(MaxLevel-1))^(2^F47))) | J47: =IF(OR(D47="",E47=""),"",IF(IFERROR(INDEX(Stats!$D:$D,MATCH($C47,Stats!$A:$A,0)),FALSE),ROUND(D47+(E47-D47)*(1+G47)*((3-1)/(MaxLevel-1))^(2^F47),0),D47+(E47-D47)*(1+G47)*((3-1)/(MaxLevel-1))^(2^F47))) | K47: =IF(OR(D47="",E47=""),"",IF(IFERROR(INDEX(Stats!$D:$D,MATCH($C47,Stats!$A:$A,0)),FALSE),ROUND(D47+(E47-D47)*(1+G47)*((4-1)/(MaxLevel-1))^(2^F47),0),D47+(E47-D47)*(1+G47)*((4-1)/(MaxLevel-1))^(2^F47))) | L47: =IF(OR(D47="",E47=""),"",IF(IFERROR(INDEX(Stats!$D:$D,MATCH($C47,Stats!$A:$A,0)),FALSE),ROUND(D47+(E47-D47)*(1+G47)*((5-1)/(MaxLevel-1))^(2^F47),0),D47+(E47-D47)*(1+G47)*((5-1)/(MaxLevel-1))^(2^F47))) | M47: =IF(OR(D47="",E47=""),"",IF(IFERROR(INDEX(Stats!$D:$D,MATCH($C47,Stats!$A:$A,0)),FALSE),ROUND(D47+(E47-D47)*(1+G47)*((6-1)/(MaxLevel-1))^(2^F47),0),D47+(E47-D47)*(1+G47)*((6-1)/(MaxLevel-1))^(2^F47))) | N47: =IF(OR(D47="",E47=""),"",IF(IFERROR(INDEX(Stats!$D:$D,MATCH($C47,Stats!$A:$A,0)),FALSE),ROUND(D47+(E47-D47)*(1+G47)*((7-1)/(MaxLevel-1))^(2^F47),0),D47+(E47-D47)*(1+G47)*((7-1)/(MaxLevel-1))^(2^F47))) | O47: =IF(OR(D47="",E47=""),"",IF(IFERROR(INDEX(Stats!$D:$D,MATCH($C47,Stats!$A:$A,0)),FALSE),ROUND(D47+(E47-D47)*(1+G47)*((8-1)/(MaxLevel-1))^(2^F47),0),D47+(E47-D47)*(1+G47)*((8-1)/(MaxLevel-1))^(2^F47))) | P47: =IF(OR(D47="",E47=""),"",IF(IFERROR(INDEX(Stats!$D:$D,MATCH($C47,Stats!$A:$A,0)),FALSE),ROUND(D47+(E47-D47)*(1+G47)*((9-1)/(MaxLevel-1))^(2^F47),0),D47+(E47-D47)*(1+G47)*((9-1)/(MaxLevel-1))^(2^F47))) | Q47: =IF(OR(D47="",E47=""),"",IF(IFERROR(INDEX(Stats!$D:$D,MATCH($C47,Stats!$A:$A,0)),FALSE),ROUND(D47+(E47-D47)*(1+G47)*((10-1)/(MaxLevel-1))^(2^F47),0),D47+(E47-D47)*(1+G47)*((10-1)/(MaxLevel-1))^(2^F47)))
A48: 01U | B48: C3 | C48: Magic | H48: =IF(OR(D48="",E48=""),"",IF(IFERROR(INDEX(Stats!$D:$D,MATCH($C48,Stats!$A:$A,0)),FALSE),ROUND(D48+(E48-D48)*(1+G48)*((1-1)/(MaxLevel-1))^(2^F48),0),D48+(E48-D48)*(1+G48)*((1-1)/(MaxLevel-1))^(2^F48))) | I48: =IF(OR(D48="",E48=""),"",IF(IFERROR(INDEX(Stats!$D:$D,MATCH($C48,Stats!$A:$A,0)),FALSE),ROUND(D48+(E48-D48)*(1+G48)*((2-1)/(MaxLevel-1))^(2^F48),0),D48+(E48-D48)*(1+G48)*((2-1)/(MaxLevel-1))^(2^F48))) | J48: =IF(OR(D48="",E48=""),"",IF(IFERROR(INDEX(Stats!$D:$D,MATCH($C48,Stats!$A:$A,0)),FALSE),ROUND(D48+(E48-D48)*(1+G48)*((3-1)/(MaxLevel-1))^(2^F48),0),D48+(E48-D48)*(1+G48)*((3-1)/(MaxLevel-1))^(2^F48))) | K48: =IF(OR(D48="",E48=""),"",IF(IFERROR(INDEX(Stats!$D:$D,MATCH($C48,Stats!$A:$A,0)),FALSE),ROUND(D48+(E48-D48)*(1+G48)*((4-1)/(MaxLevel-1))^(2^F48),0),D48+(E48-D48)*(1+G48)*((4-1)/(MaxLevel-1))^(2^F48))) | L48: =IF(OR(D48="",E48=""),"",IF(IFERROR(INDEX(Stats!$D:$D,MATCH($C48,Stats!$A:$A,0)),FALSE),ROUND(D48+(E48-D48)*(1+G48)*((5-1)/(MaxLevel-1))^(2^F48),0),D48+(E48-D48)*(1+G48)*((5-1)/(MaxLevel-1))^(2^F48))) | M48: =IF(OR(D48="",E48=""),"",IF(IFERROR(INDEX(Stats!$D:$D,MATCH($C48,Stats!$A:$A,0)),FALSE),ROUND(D48+(E48-D48)*(1+G48)*((6-1)/(MaxLevel-1))^(2^F48),0),D48+(E48-D48)*(1+G48)*((6-1)/(MaxLevel-1))^(2^F48))) | N48: =IF(OR(D48="",E48=""),"",IF(IFERROR(INDEX(Stats!$D:$D,MATCH($C48,Stats!$A:$A,0)),FALSE),ROUND(D48+(E48-D48)*(1+G48)*((7-1)/(MaxLevel-1))^(2^F48),0),D48+(E48-D48)*(1+G48)*((7-1)/(MaxLevel-1))^(2^F48))) | O48: =IF(OR(D48="",E48=""),"",IF(IFERROR(INDEX(Stats!$D:$D,MATCH($C48,Stats!$A:$A,0)),FALSE),ROUND(D48+(E48-D48)*(1+G48)*((8-1)/(MaxLevel-1))^(2^F48),0),D48+(E48-D48)*(1+G48)*((8-1)/(MaxLevel-1))^(2^F48))) | P48: =IF(OR(D48="",E48=""),"",IF(IFERROR(INDEX(Stats!$D:$D,MATCH($C48,Stats!$A:$A,0)),FALSE),ROUND(D48+(E48-D48)*(1+G48)*((9-1)/(MaxLevel-1))^(2^F48),0),D48+(E48-D48)*(1+G48)*((9-1)/(MaxLevel-1))^(2^F48))) | Q48: =IF(OR(D48="",E48=""),"",IF(IFERROR(INDEX(Stats!$D:$D,MATCH($C48,Stats!$A:$A,0)),FALSE),ROUND(D48+(E48-D48)*(1+G48)*((10-1)/(MaxLevel-1))^(2^F48),0),D48+(E48-D48)*(1+G48)*((10-1)/(MaxLevel-1))^(2^F48)))
A49: 01U | B49: C3 | C49: Resistance | H49: =IF(OR(D49="",E49=""),"",IF(IFERROR(INDEX(Stats!$D:$D,MATCH($C49,Stats!$A:$A,0)),FALSE),ROUND(D49+(E49-D49)*(1+G49)*((1-1)/(MaxLevel-1))^(2^F49),0),D49+(E49-D49)*(1+G49)*((1-1)/(MaxLevel-1))^(2^F49))) | I49: =IF(OR(D49="",E49=""),"",IF(IFERROR(INDEX(Stats!$D:$D,MATCH($C49,Stats!$A:$A,0)),FALSE),ROUND(D49+(E49-D49)*(1+G49)*((2-1)/(MaxLevel-1))^(2^F49),0),D49+(E49-D49)*(1+G49)*((2-1)/(MaxLevel-1))^(2^F49))) | J49: =IF(OR(D49="",E49=""),"",IF(IFERROR(INDEX(Stats!$D:$D,MATCH($C49,Stats!$A:$A,0)),FALSE),ROUND(D49+(E49-D49)*(1+G49)*((3-1)/(MaxLevel-1))^(2^F49),0),D49+(E49-D49)*(1+G49)*((3-1)/(MaxLevel-1))^(2^F49))) | K49: =IF(OR(D49="",E49=""),"",IF(IFERROR(INDEX(Stats!$D:$D,MATCH($C49,Stats!$A:$A,0)),FALSE),ROUND(D49+(E49-D49)*(1+G49)*((4-1)/(MaxLevel-1))^(2^F49),0),D49+(E49-D49)*(1+G49)*((4-1)/(MaxLevel-1))^(2^F49))) | L49: =IF(OR(D49="",E49=""),"",IF(IFERROR(INDEX(Stats!$D:$D,MATCH($C49,Stats!$A:$A,0)),FALSE),ROUND(D49+(E49-D49)*(1+G49)*((5-1)/(MaxLevel-1))^(2^F49),0),D49+(E49-D49)*(1+G49)*((5-1)/(MaxLevel-1))^(2^F49))) | M49: =IF(OR(D49="",E49=""),"",IF(IFERROR(INDEX(Stats!$D:$D,MATCH($C49,Stats!$A:$A,0)),FALSE),ROUND(D49+(E49-D49)*(1+G49)*((6-1)/(MaxLevel-1))^(2^F49),0),D49+(E49-D49)*(1+G49)*((6-1)/(MaxLevel-1))^(2^F49))) | N49: =IF(OR(D49="",E49=""),"",IF(IFERROR(INDEX(Stats!$D:$D,MATCH($C49,Stats!$A:$A,0)),FALSE),ROUND(D49+(E49-D49)*(1+G49)*((7-1)/(MaxLevel-1))^(2^F49),0),D49+(E49-D49)*(1+G49)*((7-1)/(MaxLevel-1))^(2^F49))) | O49: =IF(OR(D49="",E49=""),"",IF(IFERROR(INDEX(Stats!$D:$D,MATCH($C49,Stats!$A:$A,0)),FALSE),ROUND(D49+(E49-D49)*(1+G49)*((8-1)/(MaxLevel-1))^(2^F49),0),D49+(E49-D49)*(1+G49)*((8-1)/(MaxLevel-1))^(2^F49))) | P49: =IF(OR(D49="",E49=""),"",IF(IFERROR(INDEX(Stats!$D:$D,MATCH($C49,Stats!$A:$A,0)),FALSE),ROUND(D49+(E49-D49)*(1+G49)*((9-1)/(MaxLevel-1))^(2^F49),0),D49+(E49-D49)*(1+G49)*((9-1)/(MaxLevel-1))^(2^F49))) | Q49: =IF(OR(D49="",E49=""),"",IF(IFERROR(INDEX(Stats!$D:$D,MATCH($C49,Stats!$A:$A,0)),FALSE),ROUND(D49+(E49-D49)*(1+G49)*((10-1)/(MaxLevel-1))^(2^F49),0),D49+(E49-D49)*(1+G49)*((10-1)/(MaxLevel-1))^(2^F49)))
A50: 01U | B50: C3 | C50: Luck | H50: =IF(OR(D50="",E50=""),"",IF(IFERROR(INDEX(Stats!$D:$D,MATCH($C50,Stats!$A:$A,0)),FALSE),ROUND(D50+(E50-D50)*(1+G50)*((1-1)/(MaxLevel-1))^(2^F50),0),D50+(E50-D50)*(1+G50)*((1-1)/(MaxLevel-1))^(2^F50))) | I50: =IF(OR(D50="",E50=""),"",IF(IFERROR(INDEX(Stats!$D:$D,MATCH($C50,Stats!$A:$A,0)),FALSE),ROUND(D50+(E50-D50)*(1+G50)*((2-1)/(MaxLevel-1))^(2^F50),0),D50+(E50-D50)*(1+G50)*((2-1)/(MaxLevel-1))^(2^F50))) | J50: =IF(OR(D50="",E50=""),"",IF(IFERROR(INDEX(Stats!$D:$D,MATCH($C50,Stats!$A:$A,0)),FALSE),ROUND(D50+(E50-D50)*(1+G50)*((3-1)/(MaxLevel-1))^(2^F50),0),D50+(E50-D50)*(1+G50)*((3-1)/(MaxLevel-1))^(2^F50))) | K50: =IF(OR(D50="",E50=""),"",IF(IFERROR(INDEX(Stats!$D:$D,MATCH($C50,Stats!$A:$A,0)),FALSE),ROUND(D50+(E50-D50)*(1+G50)*((4-1)/(MaxLevel-1))^(2^F50),0),D50+(E50-D50)*(1+G50)*((4-1)/(MaxLevel-1))^(2^F50))) | L50: =IF(OR(D50="",E50=""),"",IF(IFERROR(INDEX(Stats!$D:$D,MATCH($C50,Stats!$A:$A,0)),FALSE),ROUND(D50+(E50-D50)*(1+G50)*((5-1)/(MaxLevel-1))^(2^F50),0),D50+(E50-D50)*(1+G50)*((5-1)/(MaxLevel-1))^(2^F50))) | M50: =IF(OR(D50="",E50=""),"",IF(IFERROR(INDEX(Stats!$D:$D,MATCH($C50,Stats!$A:$A,0)),FALSE),ROUND(D50+(E50-D50)*(1+G50)*((6-1)/(MaxLevel-1))^(2^F50),0),D50+(E50-D50)*(1+G50)*((6-1)/(MaxLevel-1))^(2^F50))) | N50: =IF(OR(D50="",E50=""),"",IF(IFERROR(INDEX(Stats!$D:$D,MATCH($C50,Stats!$A:$A,0)),FALSE),ROUND(D50+(E50-D50)*(1+G50)*((7-1)/(MaxLevel-1))^(2^F50),0),D50+(E50-D50)*(1+G50)*((7-1)/(MaxLevel-1))^(2^F50))) | O50: =IF(OR(D50="",E50=""),"",IF(IFERROR(INDEX(Stats!$D:$D,MATCH($C50,Stats!$A:$A,0)),FALSE),ROUND(D50+(E50-D50)*(1+G50)*((8-1)/(MaxLevel-1))^(2^F50),0),D50+(E50-D50)*(1+G50)*((8-1)/(MaxLevel-1))^(2^F50))) | P50: =IF(OR(D50="",E50=""),"",IF(IFERROR(INDEX(Stats!$D:$D,MATCH($C50,Stats!$A:$A,0)),FALSE),ROUND(D50+(E50-D50)*(1+G50)*((9-1)/(MaxLevel-1))^(2^F50),0),D50+(E50-D50)*(1+G50)*((9-1)/(MaxLevel-1))^(2^F50))) | Q50: =IF(OR(D50="",E50=""),"",IF(IFERROR(INDEX(Stats!$D:$D,MATCH($C50,Stats!$A:$A,0)),FALSE),ROUND(D50+(E50-D50)*(1+G50)*((10-1)/(MaxLevel-1))^(2^F50),0),D50+(E50-D50)*(1+G50)*((10-1)/(MaxLevel-1))^(2^F50)))
A51: 01U | B51: C3 | C51: Weight | H51: =IF(OR(D51="",E51=""),"",IF(IFERROR(INDEX(Stats!$D:$D,MATCH($C51,Stats!$A:$A,0)),FALSE),ROUND(D51+(E51-D51)*(1+G51)*((1-1)/(MaxLevel-1))^(2^F51),0),D51+(E51-D51)*(1+G51)*((1-1)/(MaxLevel-1))^(2^F51))) | I51: =IF(OR(D51="",E51=""),"",IF(IFERROR(INDEX(Stats!$D:$D,MATCH($C51,Stats!$A:$A,0)),FALSE),ROUND(D51+(E51-D51)*(1+G51)*((2-1)/(MaxLevel-1))^(2^F51),0),D51+(E51-D51)*(1+G51)*((2-1)/(MaxLevel-1))^(2^F51))) | J51: =IF(OR(D51="",E51=""),"",IF(IFERROR(INDEX(Stats!$D:$D,MATCH($C51,Stats!$A:$A,0)),FALSE),ROUND(D51+(E51-D51)*(1+G51)*((3-1)/(MaxLevel-1))^(2^F51),0),D51+(E51-D51)*(1+G51)*((3-1)/(MaxLevel-1))^(2^F51))) | K51: =IF(OR(D51="",E51=""),"",IF(IFERROR(INDEX(Stats!$D:$D,MATCH($C51,Stats!$A:$A,0)),FALSE),ROUND(D51+(E51-D51)*(1+G51)*((4-1)/(MaxLevel-1))^(2^F51),0),D51+(E51-D51)*(1+G51)*((4-1)/(MaxLevel-1))^(2^F51))) | L51: =IF(OR(D51="",E51=""),"",IF(IFERROR(INDEX(Stats!$D:$D,MATCH($C51,Stats!$A:$A,0)),FALSE),ROUND(D51+(E51-D51)*(1+G51)*((5-1)/(MaxLevel-1))^(2^F51),0),D51+(E51-D51)*(1+G51)*((5-1)/(MaxLevel-1))^(2^F51))) | M51: =IF(OR(D51="",E51=""),"",IF(IFERROR(INDEX(Stats!$D:$D,MATCH($C51,Stats!$A:$A,0)),FALSE),ROUND(D51+(E51-D51)*(1+G51)*((6-1)/(MaxLevel-1))^(2^F51),0),D51+(E51-D51)*(1+G51)*((6-1)/(MaxLevel-1))^(2^F51))) | N51: =IF(OR(D51="",E51=""),"",IF(IFERROR(INDEX(Stats!$D:$D,MATCH($C51,Stats!$A:$A,0)),FALSE),ROUND(D51+(E51-D51)*(1+G51)*((7-1)/(MaxLevel-1))^(2^F51),0),D51+(E51-D51)*(1+G51)*((7-1)/(MaxLevel-1))^(2^F51))) | O51: =IF(OR(D51="",E51=""),"",IF(IFERROR(INDEX(Stats!$D:$D,MATCH($C51,Stats!$A:$A,0)),FALSE),ROUND(D51+(E51-D51)*(1+G51)*((8-1)/(MaxLevel-1))^(2^F51),0),D51+(E51-D51)*(1+G51)*((8-1)/(MaxLevel-1))^(2^F51))) | P51: =IF(OR(D51="",E51=""),"",IF(IFERROR(INDEX(Stats!$D:$D,MATCH($C51,Stats!$A:$A,0)),FALSE),ROUND(D51+(E51-D51)*(1+G51)*((9-1)/(MaxLevel-1))^(2^F51),0),D51+(E51-D51)*(1+G51)*((9-1)/(MaxLevel-1))^(2^F51))) | Q51: =IF(OR(D51="",E51=""),"",IF(IFERROR(INDEX(Stats!$D:$D,MATCH($C51,Stats!$A:$A,0)),FALSE),ROUND(D51+(E51-D51)*(1+G51)*((10-1)/(MaxLevel-1))^(2^F51),0),D51+(E51-D51)*(1+G51)*((10-1)/(MaxLevel-1))^(2^F51)))
A52: 01U | B52: C3 | C52: WorkingCost | H52: =IF(OR(D52="",E52=""),"",IF(IFERROR(INDEX(Stats!$D:$D,MATCH($C52,Stats!$A:$A,0)),FALSE),ROUND(D52+(E52-D52)*(1+G52)*((1-1)/(MaxLevel-1))^(2^F52),0),D52+(E52-D52)*(1+G52)*((1-1)/(MaxLevel-1))^(2^F52))) | I52: =IF(OR(D52="",E52=""),"",IF(IFERROR(INDEX(Stats!$D:$D,MATCH($C52,Stats!$A:$A,0)),FALSE),ROUND(D52+(E52-D52)*(1+G52)*((2-1)/(MaxLevel-1))^(2^F52),0),D52+(E52-D52)*(1+G52)*((2-1)/(MaxLevel-1))^(2^F52))) | J52: =IF(OR(D52="",E52=""),"",IF(IFERROR(INDEX(Stats!$D:$D,MATCH($C52,Stats!$A:$A,0)),FALSE),ROUND(D52+(E52-D52)*(1+G52)*((3-1)/(MaxLevel-1))^(2^F52),0),D52+(E52-D52)*(1+G52)*((3-1)/(MaxLevel-1))^(2^F52))) | K52: =IF(OR(D52="",E52=""),"",IF(IFERROR(INDEX(Stats!$D:$D,MATCH($C52,Stats!$A:$A,0)),FALSE),ROUND(D52+(E52-D52)*(1+G52)*((4-1)/(MaxLevel-1))^(2^F52),0),D52+(E52-D52)*(1+G52)*((4-1)/(MaxLevel-1))^(2^F52))) | L52: =IF(OR(D52="",E52=""),"",IF(IFERROR(INDEX(Stats!$D:$D,MATCH($C52,Stats!$A:$A,0)),FALSE),ROUND(D52+(E52-D52)*(1+G52)*((5-1)/(MaxLevel-1))^(2^F52),0),D52+(E52-D52)*(1+G52)*((5-1)/(MaxLevel-1))^(2^F52))) | M52: =IF(OR(D52="",E52=""),"",IF(IFERROR(INDEX(Stats!$D:$D,MATCH($C52,Stats!$A:$A,0)),FALSE),ROUND(D52+(E52-D52)*(1+G52)*((6-1)/(MaxLevel-1))^(2^F52),0),D52+(E52-D52)*(1+G52)*((6-1)/(MaxLevel-1))^(2^F52))) | N52: =IF(OR(D52="",E52=""),"",IF(IFERROR(INDEX(Stats!$D:$D,MATCH($C52,Stats!$A:$A,0)),FALSE),ROUND(D52+(E52-D52)*(1+G52)*((7-1)/(MaxLevel-1))^(2^F52),0),D52+(E52-D52)*(1+G52)*((7-1)/(MaxLevel-1))^(2^F52))) | O52: =IF(OR(D52="",E52=""),"",IF(IFERROR(INDEX(Stats!$D:$D,MATCH($C52,Stats!$A:$A,0)),FALSE),ROUND(D52+(E52-D52)*(1+G52)*((8-1)/(MaxLevel-1))^(2^F52),0),D52+(E52-D52)*(1+G52)*((8-1)/(MaxLevel-1))^(2^F52))) | P52: =IF(OR(D52="",E52=""),"",IF(IFERROR(INDEX(Stats!$D:$D,MATCH($C52,Stats!$A:$A,0)),FALSE),ROUND(D52+(E52-D52)*(1+G52)*((9-1)/(MaxLevel-1))^(2^F52),0),D52+(E52-D52)*(1+G52)*((9-1)/(MaxLevel-1))^(2^F52))) | Q52: =IF(OR(D52="",E52=""),"",IF(IFERROR(INDEX(Stats!$D:$D,MATCH($C52,Stats!$A:$A,0)),FALSE),ROUND(D52+(E52-D52)*(1+G52)*((10-1)/(MaxLevel-1))^(2^F52),0),D52+(E52-D52)*(1+G52)*((10-1)/(MaxLevel-1))^(2^F52)))
A53: 01U | B53: C3 | C53: SkillResearch | H53: =IF(OR(D53="",E53=""),"",IF(IFERROR(INDEX(Stats!$D:$D,MATCH($C53,Stats!$A:$A,0)),FALSE),ROUND(D53+(E53-D53)*(1+G53)*((1-1)/(MaxLevel-1))^(2^F53),0),D53+(E53-D53)*(1+G53)*((1-1)/(MaxLevel-1))^(2^F53))) | I53: =IF(OR(D53="",E53=""),"",IF(IFERROR(INDEX(Stats!$D:$D,MATCH($C53,Stats!$A:$A,0)),FALSE),ROUND(D53+(E53-D53)*(1+G53)*((2-1)/(MaxLevel-1))^(2^F53),0),D53+(E53-D53)*(1+G53)*((2-1)/(MaxLevel-1))^(2^F53))) | J53: =IF(OR(D53="",E53=""),"",IF(IFERROR(INDEX(Stats!$D:$D,MATCH($C53,Stats!$A:$A,0)),FALSE),ROUND(D53+(E53-D53)*(1+G53)*((3-1)/(MaxLevel-1))^(2^F53),0),D53+(E53-D53)*(1+G53)*((3-1)/(MaxLevel-1))^(2^F53))) | K53: =IF(OR(D53="",E53=""),"",IF(IFERROR(INDEX(Stats!$D:$D,MATCH($C53,Stats!$A:$A,0)),FALSE),ROUND(D53+(E53-D53)*(1+G53)*((4-1)/(MaxLevel-1))^(2^F53),0),D53+(E53-D53)*(1+G53)*((4-1)/(MaxLevel-1))^(2^F53))) | L53: =IF(OR(D53="",E53=""),"",IF(IFERROR(INDEX(Stats!$D:$D,MATCH($C53,Stats!$A:$A,0)),FALSE),ROUND(D53+(E53-D53)*(1+G53)*((5-1)/(MaxLevel-1))^(2^F53),0),D53+(E53-D53)*(1+G53)*((5-1)/(MaxLevel-1))^(2^F53))) | M53: =IF(OR(D53="",E53=""),"",IF(IFERROR(INDEX(Stats!$D:$D,MATCH($C53,Stats!$A:$A,0)),FALSE),ROUND(D53+(E53-D53)*(1+G53)*((6-1)/(MaxLevel-1))^(2^F53),0),D53+(E53-D53)*(1+G53)*((6-1)/(MaxLevel-1))^(2^F53))) | N53: =IF(OR(D53="",E53=""),"",IF(IFERROR(INDEX(Stats!$D:$D,MATCH($C53,Stats!$A:$A,0)),FALSE),ROUND(D53+(E53-D53)*(1+G53)*((7-1)/(MaxLevel-1))^(2^F53),0),D53+(E53-D53)*(1+G53)*((7-1)/(MaxLevel-1))^(2^F53))) | O53: =IF(OR(D53="",E53=""),"",IF(IFERROR(INDEX(Stats!$D:$D,MATCH($C53,Stats!$A:$A,0)),FALSE),ROUND(D53+(E53-D53)*(1+G53)*((8-1)/(MaxLevel-1))^(2^F53),0),D53+(E53-D53)*(1+G53)*((8-1)/(MaxLevel-1))^(2^F53))) | P53: =IF(OR(D53="",E53=""),"",IF(IFERROR(INDEX(Stats!$D:$D,MATCH($C53,Stats!$A:$A,0)),FALSE),ROUND(D53+(E53-D53)*(1+G53)*((9-1)/(MaxLevel-1))^(2^F53),0),D53+(E53-D53)*(1+G53)*((9-1)/(MaxLevel-1))^(2^F53))) | Q53: =IF(OR(D53="",E53=""),"",IF(IFERROR(INDEX(Stats!$D:$D,MATCH($C53,Stats!$A:$A,0)),FALSE),ROUND(D53+(E53-D53)*(1+G53)*((10-1)/(MaxLevel-1))^(2^F53),0),D53+(E53-D53)*(1+G53)*((10-1)/(MaxLevel-1))^(2^F53)))
A54: 01U | B54: C3 | C54: SkillTrain | H54: =IF(OR(D54="",E54=""),"",IF(IFERROR(INDEX(Stats!$D:$D,MATCH($C54,Stats!$A:$A,0)),FALSE),ROUND(D54+(E54-D54)*(1+G54)*((1-1)/(MaxLevel-1))^(2^F54),0),D54+(E54-D54)*(1+G54)*((1-1)/(MaxLevel-1))^(2^F54))) | I54: =IF(OR(D54="",E54=""),"",IF(IFERROR(INDEX(Stats!$D:$D,MATCH($C54,Stats!$A:$A,0)),FALSE),ROUND(D54+(E54-D54)*(1+G54)*((2-1)/(MaxLevel-1))^(2^F54),0),D54+(E54-D54)*(1+G54)*((2-1)/(MaxLevel-1))^(2^F54))) | J54: =IF(OR(D54="",E54=""),"",IF(IFERROR(INDEX(Stats!$D:$D,MATCH($C54,Stats!$A:$A,0)),FALSE),ROUND(D54+(E54-D54)*(1+G54)*((3-1)/(MaxLevel-1))^(2^F54),0),D54+(E54-D54)*(1+G54)*((3-1)/(MaxLevel-1))^(2^F54))) | K54: =IF(OR(D54="",E54=""),"",IF(IFERROR(INDEX(Stats!$D:$D,MATCH($C54,Stats!$A:$A,0)),FALSE),ROUND(D54+(E54-D54)*(1+G54)*((4-1)/(MaxLevel-1))^(2^F54),0),D54+(E54-D54)*(1+G54)*((4-1)/(MaxLevel-1))^(2^F54))) | L54: =IF(OR(D54="",E54=""),"",IF(IFERROR(INDEX(Stats!$D:$D,MATCH($C54,Stats!$A:$A,0)),FALSE),ROUND(D54+(E54-D54)*(1+G54)*((5-1)/(MaxLevel-1))^(2^F54),0),D54+(E54-D54)*(1+G54)*((5-1)/(MaxLevel-1))^(2^F54))) | M54: =IF(OR(D54="",E54=""),"",IF(IFERROR(INDEX(Stats!$D:$D,MATCH($C54,Stats!$A:$A,0)),FALSE),ROUND(D54+(E54-D54)*(1+G54)*((6-1)/(MaxLevel-1))^(2^F54),0),D54+(E54-D54)*(1+G54)*((6-1)/(MaxLevel-1))^(2^F54))) | N54: =IF(OR(D54="",E54=""),"",IF(IFERROR(INDEX(Stats!$D:$D,MATCH($C54,Stats!$A:$A,0)),FALSE),ROUND(D54+(E54-D54)*(1+G54)*((7-1)/(MaxLevel-1))^(2^F54),0),D54+(E54-D54)*(1+G54)*((7-1)/(MaxLevel-1))^(2^F54))) | O54: =IF(OR(D54="",E54=""),"",IF(IFERROR(INDEX(Stats!$D:$D,MATCH($C54,Stats!$A:$A,0)),FALSE),ROUND(D54+(E54-D54)*(1+G54)*((8-1)/(MaxLevel-1))^(2^F54),0),D54+(E54-D54)*(1+G54)*((8-1)/(MaxLevel-1))^(2^F54))) | P54: =IF(OR(D54="",E54=""),"",IF(IFERROR(INDEX(Stats!$D:$D,MATCH($C54,Stats!$A:$A,0)),FALSE),ROUND(D54+(E54-D54)*(1+G54)*((9-1)/(MaxLevel-1))^(2^F54),0),D54+(E54-D54)*(1+G54)*((9-1)/(MaxLevel-1))^(2^F54))) | Q54: =IF(OR(D54="",E54=""),"",IF(IFERROR(INDEX(Stats!$D:$D,MATCH($C54,Stats!$A:$A,0)),FALSE),ROUND(D54+(E54-D54)*(1+G54)*((10-1)/(MaxLevel-1))^(2^F54),0),D54+(E54-D54)*(1+G54)*((10-1)/(MaxLevel-1))^(2^F54)))
A55: 01U | B55: C3 | C55: SkillBuild | H55: =IF(OR(D55="",E55=""),"",IF(IFERROR(INDEX(Stats!$D:$D,MATCH($C55,Stats!$A:$A,0)),FALSE),ROUND(D55+(E55-D55)*(1+G55)*((1-1)/(MaxLevel-1))^(2^F55),0),D55+(E55-D55)*(1+G55)*((1-1)/(MaxLevel-1))^(2^F55))) | I55: =IF(OR(D55="",E55=""),"",IF(IFERROR(INDEX(Stats!$D:$D,MATCH($C55,Stats!$A:$A,0)),FALSE),ROUND(D55+(E55-D55)*(1+G55)*((2-1)/(MaxLevel-1))^(2^F55),0),D55+(E55-D55)*(1+G55)*((2-1)/(MaxLevel-1))^(2^F55))) | J55: =IF(OR(D55="",E55=""),"",IF(IFERROR(INDEX(Stats!$D:$D,MATCH($C55,Stats!$A:$A,0)),FALSE),ROUND(D55+(E55-D55)*(1+G55)*((3-1)/(MaxLevel-1))^(2^F55),0),D55+(E55-D55)*(1+G55)*((3-1)/(MaxLevel-1))^(2^F55))) | K55: =IF(OR(D55="",E55=""),"",IF(IFERROR(INDEX(Stats!$D:$D,MATCH($C55,Stats!$A:$A,0)),FALSE),ROUND(D55+(E55-D55)*(1+G55)*((4-1)/(MaxLevel-1))^(2^F55),0),D55+(E55-D55)*(1+G55)*((4-1)/(MaxLevel-1))^(2^F55))) | L55: =IF(OR(D55="",E55=""),"",IF(IFERROR(INDEX(Stats!$D:$D,MATCH($C55,Stats!$A:$A,0)),FALSE),ROUND(D55+(E55-D55)*(1+G55)*((5-1)/(MaxLevel-1))^(2^F55),0),D55+(E55-D55)*(1+G55)*((5-1)/(MaxLevel-1))^(2^F55))) | M55: =IF(OR(D55="",E55=""),"",IF(IFERROR(INDEX(Stats!$D:$D,MATCH($C55,Stats!$A:$A,0)),FALSE),ROUND(D55+(E55-D55)*(1+G55)*((6-1)/(MaxLevel-1))^(2^F55),0),D55+(E55-D55)*(1+G55)*((6-1)/(MaxLevel-1))^(2^F55))) | N55: =IF(OR(D55="",E55=""),"",IF(IFERROR(INDEX(Stats!$D:$D,MATCH($C55,Stats!$A:$A,0)),FALSE),ROUND(D55+(E55-D55)*(1+G55)*((7-1)/(MaxLevel-1))^(2^F55),0),D55+(E55-D55)*(1+G55)*((7-1)/(MaxLevel-1))^(2^F55))) | O55: =IF(OR(D55="",E55=""),"",IF(IFERROR(INDEX(Stats!$D:$D,MATCH($C55,Stats!$A:$A,0)),FALSE),ROUND(D55+(E55-D55)*(1+G55)*((8-1)/(MaxLevel-1))^(2^F55),0),D55+(E55-D55)*(1+G55)*((8-1)/(MaxLevel-1))^(2^F55))) | P55: =IF(OR(D55="",E55=""),"",IF(IFERROR(INDEX(Stats!$D:$D,MATCH($C55,Stats!$A:$A,0)),FALSE),ROUND(D55+(E55-D55)*(1+G55)*((9-1)/(MaxLevel-1))^(2^F55),0),D55+(E55-D55)*(1+G55)*((9-1)/(MaxLevel-1))^(2^F55))) | Q55: =IF(OR(D55="",E55=""),"",IF(IFERROR(INDEX(Stats!$D:$D,MATCH($C55,Stats!$A:$A,0)),FALSE),ROUND(D55+(E55-D55)*(1+G55)*((10-1)/(MaxLevel-1))^(2^F55),0),D55+(E55-D55)*(1+G55)*((10-1)/(MaxLevel-1))^(2^F55)))
A56: 01U | B56: C3 | C56: SkillPray | H56: =IF(OR(D56="",E56=""),"",IF(IFERROR(INDEX(Stats!$D:$D,MATCH($C56,Stats!$A:$A,0)),FALSE),ROUND(D56+(E56-D56)*(1+G56)*((1-1)/(MaxLevel-1))^(2^F56),0),D56+(E56-D56)*(1+G56)*((1-1)/(MaxLevel-1))^(2^F56))) | I56: =IF(OR(D56="",E56=""),"",IF(IFERROR(INDEX(Stats!$D:$D,MATCH($C56,Stats!$A:$A,0)),FALSE),ROUND(D56+(E56-D56)*(1+G56)*((2-1)/(MaxLevel-1))^(2^F56),0),D56+(E56-D56)*(1+G56)*((2-1)/(MaxLevel-1))^(2^F56))) | J56: =IF(OR(D56="",E56=""),"",IF(IFERROR(INDEX(Stats!$D:$D,MATCH($C56,Stats!$A:$A,0)),FALSE),ROUND(D56+(E56-D56)*(1+G56)*((3-1)/(MaxLevel-1))^(2^F56),0),D56+(E56-D56)*(1+G56)*((3-1)/(MaxLevel-1))^(2^F56))) | K56: =IF(OR(D56="",E56=""),"",IF(IFERROR(INDEX(Stats!$D:$D,MATCH($C56,Stats!$A:$A,0)),FALSE),ROUND(D56+(E56-D56)*(1+G56)*((4-1)/(MaxLevel-1))^(2^F56),0),D56+(E56-D56)*(1+G56)*((4-1)/(MaxLevel-1))^(2^F56))) | L56: =IF(OR(D56="",E56=""),"",IF(IFERROR(INDEX(Stats!$D:$D,MATCH($C56,Stats!$A:$A,0)),FALSE),ROUND(D56+(E56-D56)*(1+G56)*((5-1)/(MaxLevel-1))^(2^F56),0),D56+(E56-D56)*(1+G56)*((5-1)/(MaxLevel-1))^(2^F56))) | M56: =IF(OR(D56="",E56=""),"",IF(IFERROR(INDEX(Stats!$D:$D,MATCH($C56,Stats!$A:$A,0)),FALSE),ROUND(D56+(E56-D56)*(1+G56)*((6-1)/(MaxLevel-1))^(2^F56),0),D56+(E56-D56)*(1+G56)*((6-1)/(MaxLevel-1))^(2^F56))) | N56: =IF(OR(D56="",E56=""),"",IF(IFERROR(INDEX(Stats!$D:$D,MATCH($C56,Stats!$A:$A,0)),FALSE),ROUND(D56+(E56-D56)*(1+G56)*((7-1)/(MaxLevel-1))^(2^F56),0),D56+(E56-D56)*(1+G56)*((7-1)/(MaxLevel-1))^(2^F56))) | O56: =IF(OR(D56="",E56=""),"",IF(IFERROR(INDEX(Stats!$D:$D,MATCH($C56,Stats!$A:$A,0)),FALSE),ROUND(D56+(E56-D56)*(1+G56)*((8-1)/(MaxLevel-1))^(2^F56),0),D56+(E56-D56)*(1+G56)*((8-1)/(MaxLevel-1))^(2^F56))) | P56: =IF(OR(D56="",E56=""),"",IF(IFERROR(INDEX(Stats!$D:$D,MATCH($C56,Stats!$A:$A,0)),FALSE),ROUND(D56+(E56-D56)*(1+G56)*((9-1)/(MaxLevel-1))^(2^F56),0),D56+(E56-D56)*(1+G56)*((9-1)/(MaxLevel-1))^(2^F56))) | Q56: =IF(OR(D56="",E56=""),"",IF(IFERROR(INDEX(Stats!$D:$D,MATCH($C56,Stats!$A:$A,0)),FALSE),ROUND(D56+(E56-D56)*(1+G56)*((10-1)/(MaxLevel-1))^(2^F56),0),D56+(E56-D56)*(1+G56)*((10-1)/(MaxLevel-1))^(2^F56)))
A57: 01U | B57: C3 | C57: SkillTorture | H57: =IF(OR(D57="",E57=""),"",IF(IFERROR(INDEX(Stats!$D:$D,MATCH($C57,Stats!$A:$A,0)),FALSE),ROUND(D57+(E57-D57)*(1+G57)*((1-1)/(MaxLevel-1))^(2^F57),0),D57+(E57-D57)*(1+G57)*((1-1)/(MaxLevel-1))^(2^F57))) | I57: =IF(OR(D57="",E57=""),"",IF(IFERROR(INDEX(Stats!$D:$D,MATCH($C57,Stats!$A:$A,0)),FALSE),ROUND(D57+(E57-D57)*(1+G57)*((2-1)/(MaxLevel-1))^(2^F57),0),D57+(E57-D57)*(1+G57)*((2-1)/(MaxLevel-1))^(2^F57))) | J57: =IF(OR(D57="",E57=""),"",IF(IFERROR(INDEX(Stats!$D:$D,MATCH($C57,Stats!$A:$A,0)),FALSE),ROUND(D57+(E57-D57)*(1+G57)*((3-1)/(MaxLevel-1))^(2^F57),0),D57+(E57-D57)*(1+G57)*((3-1)/(MaxLevel-1))^(2^F57))) | K57: =IF(OR(D57="",E57=""),"",IF(IFERROR(INDEX(Stats!$D:$D,MATCH($C57,Stats!$A:$A,0)),FALSE),ROUND(D57+(E57-D57)*(1+G57)*((4-1)/(MaxLevel-1))^(2^F57),0),D57+(E57-D57)*(1+G57)*((4-1)/(MaxLevel-1))^(2^F57))) | L57: =IF(OR(D57="",E57=""),"",IF(IFERROR(INDEX(Stats!$D:$D,MATCH($C57,Stats!$A:$A,0)),FALSE),ROUND(D57+(E57-D57)*(1+G57)*((5-1)/(MaxLevel-1))^(2^F57),0),D57+(E57-D57)*(1+G57)*((5-1)/(MaxLevel-1))^(2^F57))) | M57: =IF(OR(D57="",E57=""),"",IF(IFERROR(INDEX(Stats!$D:$D,MATCH($C57,Stats!$A:$A,0)),FALSE),ROUND(D57+(E57-D57)*(1+G57)*((6-1)/(MaxLevel-1))^(2^F57),0),D57+(E57-D57)*(1+G57)*((6-1)/(MaxLevel-1))^(2^F57))) | N57: =IF(OR(D57="",E57=""),"",IF(IFERROR(INDEX(Stats!$D:$D,MATCH($C57,Stats!$A:$A,0)),FALSE),ROUND(D57+(E57-D57)*(1+G57)*((7-1)/(MaxLevel-1))^(2^F57),0),D57+(E57-D57)*(1+G57)*((7-1)/(MaxLevel-1))^(2^F57))) | O57: =IF(OR(D57="",E57=""),"",IF(IFERROR(INDEX(Stats!$D:$D,MATCH($C57,Stats!$A:$A,0)),FALSE),ROUND(D57+(E57-D57)*(1+G57)*((8-1)/(MaxLevel-1))^(2^F57),0),D57+(E57-D57)*(1+G57)*((8-1)/(MaxLevel-1))^(2^F57))) | P57: =IF(OR(D57="",E57=""),"",IF(IFERROR(INDEX(Stats!$D:$D,MATCH($C57,Stats!$A:$A,0)),FALSE),ROUND(D57+(E57-D57)*(1+G57)*((9-1)/(MaxLevel-1))^(2^F57),0),D57+(E57-D57)*(1+G57)*((9-1)/(MaxLevel-1))^(2^F57))) | Q57: =IF(OR(D57="",E57=""),"",IF(IFERROR(INDEX(Stats!$D:$D,MATCH($C57,Stats!$A:$A,0)),FALSE),ROUND(D57+(E57-D57)*(1+G57)*((10-1)/(MaxLevel-1))^(2^F57),0),D57+(E57-D57)*(1+G57)*((10-1)/(MaxLevel-1))^(2^F57)))
A58: 01U | B58: C3 | C58: Anger | D58: 0.3 | E58: 0.1 | F58: 0 | G58: 0 | H58: =IF(OR(D58="",E58=""),"",IF(IFERROR(INDEX(Stats!$D:$D,MATCH($C58,Stats!$A:$A,0)),FALSE),ROUND(D58+(E58-D58)*(1+G58)*((1-1)/(MaxLevel-1))^(2^F58),0),D58+(E58-D58)*(1+G58)*((1-1)/(MaxLevel-1))^(2^F58))) -> 0.3 | I58: =IF(OR(D58="",E58=""),"",IF(IFERROR(INDEX(Stats!$D:$D,MATCH($C58,Stats!$A:$A,0)),FALSE),ROUND(D58+(E58-D58)*(1+G58)*((2-1)/(MaxLevel-1))^(2^F58),0),D58+(E58-D58)*(1+G58)*((2-1)/(MaxLevel-1))^(2^F58))) -> 0.27777778 | J58: =IF(OR(D58="",E58=""),"",IF(IFERROR(INDEX(Stats!$D:$D,MATCH($C58,Stats!$A:$A,0)),FALSE),ROUND(D58+(E58-D58)*(1+G58)*((3-1)/(MaxLevel-1))^(2^F58),0),D58+(E58-D58)*(1+G58)*((3-1)/(MaxLevel-1))^(2^F58))) -> 0.25555556 | K58: =IF(OR(D58="",E58=""),"",IF(IFERROR(INDEX(Stats!$D:$D,MATCH($C58,Stats!$A:$A,0)),FALSE),ROUND(D58+(E58-D58)*(1+G58)*((4-1)/(MaxLevel-1))^(2^F58),0),D58+(E58-D58)*(1+G58)*((4-1)/(MaxLevel-1))^(2^F58))) -> 0.23333333 | L58: =IF(OR(D58="",E58=""),"",IF(IFERROR(INDEX(Stats!$D:$D,MATCH($C58,Stats!$A:$A,0)),FALSE),ROUND(D58+(E58-D58)*(1+G58)*((5-1)/(MaxLevel-1))^(2^F58),0),D58+(E58-D58)*(1+G58)*((5-1)/(MaxLevel-1))^(2^F58))) -> 0.21111111 | M58: =IF(OR(D58="",E58=""),"",IF(IFERROR(INDEX(Stats!$D:$D,MATCH($C58,Stats!$A:$A,0)),FALSE),ROUND(D58+(E58-D58)*(1+G58)*((6-1)/(MaxLevel-1))^(2^F58),0),D58+(E58-D58)*(1+G58)*((6-1)/(MaxLevel-1))^(2^F58))) -> 0.18888889 | N58: =IF(OR(D58="",E58=""),"",IF(IFERROR(INDEX(Stats!$D:$D,MATCH($C58,Stats!$A:$A,0)),FALSE),ROUND(D58+(E58-D58)*(1+G58)*((7-1)/(MaxLevel-1))^(2^F58),0),D58+(E58-D58)*(1+G58)*((7-1)/(MaxLevel-1))^(2^F58))) -> 0.16666667 | O58: =IF(OR(D58="",E58=""),"",IF(IFERROR(INDEX(Stats!$D:$D,MATCH($C58,Stats!$A:$A,0)),FALSE),ROUND(D58+(E58-D58)*(1+G58)*((8-1)/(MaxLevel-1))^(2^F58),0),D58+(E58-D58)*(1+G58)*((8-1)/(MaxLevel-1))^(2^F58))) -> 0.14444444 | P58: =IF(OR(D58="",E58=""),"",IF(IFERROR(INDEX(Stats!$D:$D,MATCH($C58,Stats!$A:$A,0)),FALSE),ROUND(D58+(E58-D58)*(1+G58)*((9-1)/(MaxLevel-1))^(2^F58),0),D58+(E58-D58)*(1+G58)*((9-1)/(MaxLevel-1))^(2^F58))) -> 0.12222222 | Q58: =IF(OR(D58="",E58=""),"",IF(IFERROR(INDEX(Stats!$D:$D,MATCH($C58,Stats!$A:$A,0)),FALSE),ROUND(D58+(E58-D58)*(1+G58)*((10-1)/(MaxLevel-1))^(2^F58),0),D58+(E58-D58)*(1+G58)*((10-1)/(MaxLevel-1))^(2^F58))) -> 0.1
A59: 01U | B59: C4 | C59: Experience | D59: 0 | E59: 20000 | F59: 1 | G59: 0 | H59: =IF(OR(D59="",E59=""),"",IF(IFERROR(INDEX(Stats!$D:$D,MATCH($C59,Stats!$A:$A,0)),FALSE),ROUND(D59+(E59-D59)*(1+G59)*((1-1)/(MaxLevel-1))^(2^F59),0),D59+(E59-D59)*(1+G59)*((1-1)/(MaxLevel-1))^(2^F59))) -> 0 | I59: =IF(OR(D59="",E59=""),"",IF(IFERROR(INDEX(Stats!$D:$D,MATCH($C59,Stats!$A:$A,0)),FALSE),ROUND(D59+(E59-D59)*(1+G59)*((2-1)/(MaxLevel-1))^(2^F59),0),D59+(E59-D59)*(1+G59)*((2-1)/(MaxLevel-1))^(2^F59))) -> 247 | J59: =IF(OR(D59="",E59=""),"",IF(IFERROR(INDEX(Stats!$D:$D,MATCH($C59,Stats!$A:$A,0)),FALSE),ROUND(D59+(E59-D59)*(1+G59)*((3-1)/(MaxLevel-1))^(2^F59),0),D59+(E59-D59)*(1+G59)*((3-1)/(MaxLevel-1))^(2^F59))) -> 988 | K59: =IF(OR(D59="",E59=""),"",IF(IFERROR(INDEX(Stats!$D:$D,MATCH($C59,Stats!$A:$A,0)),FALSE),ROUND(D59+(E59-D59)*(1+G59)*((4-1)/(MaxLevel-1))^(2^F59),0),D59+(E59-D59)*(1+G59)*((4-1)/(MaxLevel-1))^(2^F59))) -> 2222 | L59: =IF(OR(D59="",E59=""),"",IF(IFERROR(INDEX(Stats!$D:$D,MATCH($C59,Stats!$A:$A,0)),FALSE),ROUND(D59+(E59-D59)*(1+G59)*((5-1)/(MaxLevel-1))^(2^F59),0),D59+(E59-D59)*(1+G59)*((5-1)/(MaxLevel-1))^(2^F59))) -> 3951 | M59: =IF(OR(D59="",E59=""),"",IF(IFERROR(INDEX(Stats!$D:$D,MATCH($C59,Stats!$A:$A,0)),FALSE),ROUND(D59+(E59-D59)*(1+G59)*((6-1)/(MaxLevel-1))^(2^F59),0),D59+(E59-D59)*(1+G59)*((6-1)/(MaxLevel-1))^(2^F59))) -> 6173 | N59: =IF(OR(D59="",E59=""),"",IF(IFERROR(INDEX(Stats!$D:$D,MATCH($C59,Stats!$A:$A,0)),FALSE),ROUND(D59+(E59-D59)*(1+G59)*((7-1)/(MaxLevel-1))^(2^F59),0),D59+(E59-D59)*(1+G59)*((7-1)/(MaxLevel-1))^(2^F59))) -> 8889 | O59: =IF(OR(D59="",E59=""),"",IF(IFERROR(INDEX(Stats!$D:$D,MATCH($C59,Stats!$A:$A,0)),FALSE),ROUND(D59+(E59-D59)*(1+G59)*((8-1)/(MaxLevel-1))^(2^F59),0),D59+(E59-D59)*(1+G59)*((8-1)/(MaxLevel-1))^(2^F59))) -> 12099 | P59: =IF(OR(D59="",E59=""),"",IF(IFERROR(INDEX(Stats!$D:$D,MATCH($C59,Stats!$A:$A,0)),FALSE),ROUND(D59+(E59-D59)*(1+G59)*((9-1)/(MaxLevel-1))^(2^F59),0),D59+(E59-D59)*(1+G59)*((9-1)/(MaxLevel-1))^(2^F59))) -> 15802 | Q59: =IF(OR(D59="",E59=""),"",IF(IFERROR(INDEX(Stats!$D:$D,MATCH($C59,Stats!$A:$A,0)),FALSE),ROUND(D59+(E59-D59)*(1+G59)*((10-1)/(MaxLevel-1))^(2^F59),0),D59+(E59-D59)*(1+G59)*((10-1)/(MaxLevel-1))^(2^F59))) -> 20000
A60: 01U | B60: C4 | C60: Salary | D60: 50 | E60: 300 | F60: 0 | G60: 0 | H60: =IF(OR(D60="",E60=""),"",IF(IFERROR(INDEX(Stats!$D:$D,MATCH($C60,Stats!$A:$A,0)),FALSE),ROUND(D60+(E60-D60)*(1+G60)*((1-1)/(MaxLevel-1))^(2^F60),0),D60+(E60-D60)*(1+G60)*((1-1)/(MaxLevel-1))^(2^F60))) -> 50 | I60: =IF(OR(D60="",E60=""),"",IF(IFERROR(INDEX(Stats!$D:$D,MATCH($C60,Stats!$A:$A,0)),FALSE),ROUND(D60+(E60-D60)*(1+G60)*((2-1)/(MaxLevel-1))^(2^F60),0),D60+(E60-D60)*(1+G60)*((2-1)/(MaxLevel-1))^(2^F60))) -> 78 | J60: =IF(OR(D60="",E60=""),"",IF(IFERROR(INDEX(Stats!$D:$D,MATCH($C60,Stats!$A:$A,0)),FALSE),ROUND(D60+(E60-D60)*(1+G60)*((3-1)/(MaxLevel-1))^(2^F60),0),D60+(E60-D60)*(1+G60)*((3-1)/(MaxLevel-1))^(2^F60))) -> 106 | K60: =IF(OR(D60="",E60=""),"",IF(IFERROR(INDEX(Stats!$D:$D,MATCH($C60,Stats!$A:$A,0)),FALSE),ROUND(D60+(E60-D60)*(1+G60)*((4-1)/(MaxLevel-1))^(2^F60),0),D60+(E60-D60)*(1+G60)*((4-1)/(MaxLevel-1))^(2^F60))) -> 133 | L60: =IF(OR(D60="",E60=""),"",IF(IFERROR(INDEX(Stats!$D:$D,MATCH($C60,Stats!$A:$A,0)),FALSE),ROUND(D60+(E60-D60)*(1+G60)*((5-1)/(MaxLevel-1))^(2^F60),0),D60+(E60-D60)*(1+G60)*((5-1)/(MaxLevel-1))^(2^F60))) -> 161 | M60: =IF(OR(D60="",E60=""),"",IF(IFERROR(INDEX(Stats!$D:$D,MATCH($C60,Stats!$A:$A,0)),FALSE),ROUND(D60+(E60-D60)*(1+G60)*((6-1)/(MaxLevel-1))^(2^F60),0),D60+(E60-D60)*(1+G60)*((6-1)/(MaxLevel-1))^(2^F60))) -> 189 | N60: =IF(OR(D60="",E60=""),"",IF(IFERROR(INDEX(Stats!$D:$D,MATCH($C60,Stats!$A:$A,0)),FALSE),ROUND(D60+(E60-D60)*(1+G60)*((7-1)/(MaxLevel-1))^(2^F60),0),D60+(E60-D60)*(1+G60)*((7-1)/(MaxLevel-1))^(2^F60))) -> 217 | O60: =IF(OR(D60="",E60=""),"",IF(IFERROR(INDEX(Stats!$D:$D,MATCH($C60,Stats!$A:$A,0)),FALSE),ROUND(D60+(E60-D60)*(1+G60)*((8-1)/(MaxLevel-1))^(2^F60),0),D60+(E60-D60)*(1+G60)*((8-1)/(MaxLevel-1))^(2^F60))) -> 244 | P60: =IF(OR(D60="",E60=""),"",IF(IFERROR(INDEX(Stats!$D:$D,MATCH($C60,Stats!$A:$A,0)),FALSE),ROUND(D60+(E60-D60)*(1+G60)*((9-1)/(MaxLevel-1))^(2^F60),0),D60+(E60-D60)*(1+G60)*((9-1)/(MaxLevel-1))^(2^F60))) -> 272 | Q60: =IF(OR(D60="",E60=""),"",IF(IFERROR(INDEX(Stats!$D:$D,MATCH($C60,Stats!$A:$A,0)),FALSE),ROUND(D60+(E60-D60)*(1+G60)*((10-1)/(MaxLevel-1))^(2^F60),0),D60+(E60-D60)*(1+G60)*((10-1)/(MaxLevel-1))^(2^F60))) -> 300
A61: 01U | B61: C4 | C61: Health | D61: 400 | E61: 1600 | F61: 0 | G61: 0 | H61: =IF(OR(D61="",E61=""),"",IF(IFERROR(INDEX(Stats!$D:$D,MATCH($C61,Stats!$A:$A,0)),FALSE),ROUND(D61+(E61-D61)*(1+G61)*((1-1)/(MaxLevel-1))^(2^F61),0),D61+(E61-D61)*(1+G61)*((1-1)/(MaxLevel-1))^(2^F61))) -> 400 | I61: =IF(OR(D61="",E61=""),"",IF(IFERROR(INDEX(Stats!$D:$D,MATCH($C61,Stats!$A:$A,0)),FALSE),ROUND(D61+(E61-D61)*(1+G61)*((2-1)/(MaxLevel-1))^(2^F61),0),D61+(E61-D61)*(1+G61)*((2-1)/(MaxLevel-1))^(2^F61))) -> 533 | J61: =IF(OR(D61="",E61=""),"",IF(IFERROR(INDEX(Stats!$D:$D,MATCH($C61,Stats!$A:$A,0)),FALSE),ROUND(D61+(E61-D61)*(1+G61)*((3-1)/(MaxLevel-1))^(2^F61),0),D61+(E61-D61)*(1+G61)*((3-1)/(MaxLevel-1))^(2^F61))) -> 667 | K61: =IF(OR(D61="",E61=""),"",IF(IFERROR(INDEX(Stats!$D:$D,MATCH($C61,Stats!$A:$A,0)),FALSE),ROUND(D61+(E61-D61)*(1+G61)*((4-1)/(MaxLevel-1))^(2^F61),0),D61+(E61-D61)*(1+G61)*((4-1)/(MaxLevel-1))^(2^F61))) -> 800 | L61: =IF(OR(D61="",E61=""),"",IF(IFERROR(INDEX(Stats!$D:$D,MATCH($C61,Stats!$A:$A,0)),FALSE),ROUND(D61+(E61-D61)*(1+G61)*((5-1)/(MaxLevel-1))^(2^F61),0),D61+(E61-D61)*(1+G61)*((5-1)/(MaxLevel-1))^(2^F61))) -> 933 | M61: =IF(OR(D61="",E61=""),"",IF(IFERROR(INDEX(Stats!$D:$D,MATCH($C61,Stats!$A:$A,0)),FALSE),ROUND(D61+(E61-D61)*(1+G61)*((6-1)/(MaxLevel-1))^(2^F61),0),D61+(E61-D61)*(1+G61)*((6-1)/(MaxLevel-1))^(2^F61))) -> 1067 | N61: =IF(OR(D61="",E61=""),"",IF(IFERROR(INDEX(Stats!$D:$D,MATCH($C61,Stats!$A:$A,0)),FALSE),ROUND(D61+(E61-D61)*(1+G61)*((7-1)/(MaxLevel-1))^(2^F61),0),D61+(E61-D61)*(1+G61)*((7-1)/(MaxLevel-1))^(2^F61))) -> 1200 | O61: =IF(OR(D61="",E61=""),"",IF(IFERROR(INDEX(Stats!$D:$D,MATCH($C61,Stats!$A:$A,0)),FALSE),ROUND(D61+(E61-D61)*(1+G61)*((8-1)/(MaxLevel-1))^(2^F61),0),D61+(E61-D61)*(1+G61)*((8-1)/(MaxLevel-1))^(2^F61))) -> 1333 | P61: =IF(OR(D61="",E61=""),"",IF(IFERROR(INDEX(Stats!$D:$D,MATCH($C61,Stats!$A:$A,0)),FALSE),ROUND(D61+(E61-D61)*(1+G61)*((9-1)/(MaxLevel-1))^(2^F61),0),D61+(E61-D61)*(1+G61)*((9-1)/(MaxLevel-1))^(2^F61))) -> 1467 | Q61: =IF(OR(D61="",E61=""),"",IF(IFERROR(INDEX(Stats!$D:$D,MATCH($C61,Stats!$A:$A,0)),FALSE),ROUND(D61+(E61-D61)*(1+G61)*((10-1)/(MaxLevel-1))^(2^F61),0),D61+(E61-D61)*(1+G61)*((10-1)/(MaxLevel-1))^(2^F61))) -> 1600
A62: 01U | B62: C4 | C62: Strength | D62: 30 | E62: 120 | F62: 0 | G62: 0 | H62: =IF(OR(D62="",E62=""),"",IF(IFERROR(INDEX(Stats!$D:$D,MATCH($C62,Stats!$A:$A,0)),FALSE),ROUND(D62+(E62-D62)*(1+G62)*((1-1)/(MaxLevel-1))^(2^F62),0),D62+(E62-D62)*(1+G62)*((1-1)/(MaxLevel-1))^(2^F62))) -> 30 | I62: =IF(OR(D62="",E62=""),"",IF(IFERROR(INDEX(Stats!$D:$D,MATCH($C62,Stats!$A:$A,0)),FALSE),ROUND(D62+(E62-D62)*(1+G62)*((2-1)/(MaxLevel-1))^(2^F62),0),D62+(E62-D62)*(1+G62)*((2-1)/(MaxLevel-1))^(2^F62))) -> 40 | J62: =IF(OR(D62="",E62=""),"",IF(IFERROR(INDEX(Stats!$D:$D,MATCH($C62,Stats!$A:$A,0)),FALSE),ROUND(D62+(E62-D62)*(1+G62)*((3-1)/(MaxLevel-1))^(2^F62),0),D62+(E62-D62)*(1+G62)*((3-1)/(MaxLevel-1))^(2^F62))) -> 50 | K62: =IF(OR(D62="",E62=""),"",IF(IFERROR(INDEX(Stats!$D:$D,MATCH($C62,Stats!$A:$A,0)),FALSE),ROUND(D62+(E62-D62)*(1+G62)*((4-1)/(MaxLevel-1))^(2^F62),0),D62+(E62-D62)*(1+G62)*((4-1)/(MaxLevel-1))^(2^F62))) -> 60 | L62: =IF(OR(D62="",E62=""),"",IF(IFERROR(INDEX(Stats!$D:$D,MATCH($C62,Stats!$A:$A,0)),FALSE),ROUND(D62+(E62-D62)*(1+G62)*((5-1)/(MaxLevel-1))^(2^F62),0),D62+(E62-D62)*(1+G62)*((5-1)/(MaxLevel-1))^(2^F62))) -> 70 | M62: =IF(OR(D62="",E62=""),"",IF(IFERROR(INDEX(Stats!$D:$D,MATCH($C62,Stats!$A:$A,0)),FALSE),ROUND(D62+(E62-D62)*(1+G62)*((6-1)/(MaxLevel-1))^(2^F62),0),D62+(E62-D62)*(1+G62)*((6-1)/(MaxLevel-1))^(2^F62))) -> 80 | N62: =IF(OR(D62="",E62=""),"",IF(IFERROR(INDEX(Stats!$D:$D,MATCH($C62,Stats!$A:$A,0)),FALSE),ROUND(D62+(E62-D62)*(1+G62)*((7-1)/(MaxLevel-1))^(2^F62),0),D62+(E62-D62)*(1+G62)*((7-1)/(MaxLevel-1))^(2^F62))) -> 90 | O62: =IF(OR(D62="",E62=""),"",IF(IFERROR(INDEX(Stats!$D:$D,MATCH($C62,Stats!$A:$A,0)),FALSE),ROUND(D62+(E62-D62)*(1+G62)*((8-1)/(MaxLevel-1))^(2^F62),0),D62+(E62-D62)*(1+G62)*((8-1)/(MaxLevel-1))^(2^F62))) -> 100 | P62: =IF(OR(D62="",E62=""),"",IF(IFERROR(INDEX(Stats!$D:$D,MATCH($C62,Stats!$A:$A,0)),FALSE),ROUND(D62+(E62-D62)*(1+G62)*((9-1)/(MaxLevel-1))^(2^F62),0),D62+(E62-D62)*(1+G62)*((9-1)/(MaxLevel-1))^(2^F62))) -> 110 | Q62: =IF(OR(D62="",E62=""),"",IF(IFERROR(INDEX(Stats!$D:$D,MATCH($C62,Stats!$A:$A,0)),FALSE),ROUND(D62+(E62-D62)*(1+G62)*((10-1)/(MaxLevel-1))^(2^F62),0),D62+(E62-D62)*(1+G62)*((10-1)/(MaxLevel-1))^(2^F62))) -> 120
A63: 01U | B63: C4 | C63: Accuracy | D63: 0.7 | E63: 0.95 | F63: -1 | G63: 0 | H63: =IF(OR(D63="",E63=""),"",IF(IFERROR(INDEX(Stats!$D:$D,MATCH($C63,Stats!$A:$A,0)),FALSE),ROUND(D63+(E63-D63)*(1+G63)*((1-1)/(MaxLevel-1))^(2^F63),0),D63+(E63-D63)*(1+G63)*((1-1)/(MaxLevel-1))^(2^F63))) -> 0.7 | I63: =IF(OR(D63="",E63=""),"",IF(IFERROR(INDEX(Stats!$D:$D,MATCH($C63,Stats!$A:$A,0)),FALSE),ROUND(D63+(E63-D63)*(1+G63)*((2-1)/(MaxLevel-1))^(2^F63),0),D63+(E63-D63)*(1+G63)*((2-1)/(MaxLevel-1))^(2^F63))) -> 0.78333333 | J63: =IF(OR(D63="",E63=""),"",IF(IFERROR(INDEX(Stats!$D:$D,MATCH($C63,Stats!$A:$A,0)),FALSE),ROUND(D63+(E63-D63)*(1+G63)*((3-1)/(MaxLevel-1))^(2^F63),0),D63+(E63-D63)*(1+G63)*((3-1)/(MaxLevel-1))^(2^F63))) -> 0.81785113 | K63: =IF(OR(D63="",E63=""),"",IF(IFERROR(INDEX(Stats!$D:$D,MATCH($C63,Stats!$A:$A,0)),FALSE),ROUND(D63+(E63-D63)*(1+G63)*((4-1)/(MaxLevel-1))^(2^F63),0),D63+(E63-D63)*(1+G63)*((4-1)/(MaxLevel-1))^(2^F63))) -> 0.84433757 | L63: =IF(OR(D63="",E63=""),"",IF(IFERROR(INDEX(Stats!$D:$D,MATCH($C63,Stats!$A:$A,0)),FALSE),ROUND(D63+(E63-D63)*(1+G63)*((5-1)/(MaxLevel-1))^(2^F63),0),D63+(E63-D63)*(1+G63)*((5-1)/(MaxLevel-1))^(2^F63))) -> 0.86666667 | M63: =IF(OR(D63="",E63=""),"",IF(IFERROR(INDEX(Stats!$D:$D,MATCH($C63,Stats!$A:$A,0)),FALSE),ROUND(D63+(E63-D63)*(1+G63)*((6-1)/(MaxLevel-1))^(2^F63),0),D63+(E63-D63)*(1+G63)*((6-1)/(MaxLevel-1))^(2^F63))) -> 0.886339 | N63: =IF(OR(D63="",E63=""),"",IF(IFERROR(INDEX(Stats!$D:$D,MATCH($C63,Stats!$A:$A,0)),FALSE),ROUND(D63+(E63-D63)*(1+G63)*((7-1)/(MaxLevel-1))^(2^F63),0),D63+(E63-D63)*(1+G63)*((7-1)/(MaxLevel-1))^(2^F63))) -> 0.90412415 | O63: =IF(OR(D63="",E63=""),"",IF(IFERROR(INDEX(Stats!$D:$D,MATCH($C63,Stats!$A:$A,0)),FALSE),ROUND(D63+(E63-D63)*(1+G63)*((8-1)/(MaxLevel-1))^(2^F63),0),D63+(E63-D63)*(1+G63)*((8-1)/(MaxLevel-1))^(2^F63))) -> 0.92047928 | P63: =IF(OR(D63="",E63=""),"",IF(IFERROR(INDEX(Stats!$D:$D,MATCH($C63,Stats!$A:$A,0)),FALSE),ROUND(D63+(E63-D63)*(1+G63)*((9-1)/(MaxLevel-1))^(2^F63),0),D63+(E63-D63)*(1+G63)*((9-1)/(MaxLevel-1))^(2^F63))) -> 0.93570226 | Q63: =IF(OR(D63="",E63=""),"",IF(IFERROR(INDEX(Stats!$D:$D,MATCH($C63,Stats!$A:$A,0)),FALSE),ROUND(D63+(E63-D63)*(1+G63)*((10-1)/(MaxLevel-1))^(2^F63),0),D63+(E63-D63)*(1+G63)*((10-1)/(MaxLevel-1))^(2^F63))) -> 0.95
A64: 01U | B64: C4 | C64: Dexterity | D64: 0.1 | E64: 0.3 | F64: 0 | G64: 0 | H64: =IF(OR(D64="",E64=""),"",IF(IFERROR(INDEX(Stats!$D:$D,MATCH($C64,Stats!$A:$A,0)),FALSE),ROUND(D64+(E64-D64)*(1+G64)*((1-1)/(MaxLevel-1))^(2^F64),0),D64+(E64-D64)*(1+G64)*((1-1)/(MaxLevel-1))^(2^F64))) -> 0.1 | I64: =IF(OR(D64="",E64=""),"",IF(IFERROR(INDEX(Stats!$D:$D,MATCH($C64,Stats!$A:$A,0)),FALSE),ROUND(D64+(E64-D64)*(1+G64)*((2-1)/(MaxLevel-1))^(2^F64),0),D64+(E64-D64)*(1+G64)*((2-1)/(MaxLevel-1))^(2^F64))) -> 0.12222222 | J64: =IF(OR(D64="",E64=""),"",IF(IFERROR(INDEX(Stats!$D:$D,MATCH($C64,Stats!$A:$A,0)),FALSE),ROUND(D64+(E64-D64)*(1+G64)*((3-1)/(MaxLevel-1))^(2^F64),0),D64+(E64-D64)*(1+G64)*((3-1)/(MaxLevel-1))^(2^F64))) -> 0.14444444 | K64: =IF(OR(D64="",E64=""),"",IF(IFERROR(INDEX(Stats!$D:$D,MATCH($C64,Stats!$A:$A,0)),FALSE),ROUND(D64+(E64-D64)*(1+G64)*((4-1)/(MaxLevel-1))^(2^F64),0),D64+(E64-D64)*(1+G64)*((4-1)/(MaxLevel-1))^(2^F64))) -> 0.16666667 | L64: =IF(OR(D64="",E64=""),"",IF(IFERROR(INDEX(Stats!$D:$D,MATCH($C64,Stats!$A:$A,0)),FALSE),ROUND(D64+(E64-D64)*(1+G64)*((5-1)/(MaxLevel-1))^(2^F64),0),D64+(E64-D64)*(1+G64)*((5-1)/(MaxLevel-1))^(2^F64))) -> 0.18888889 | M64: =IF(OR(D64="",E64=""),"",IF(IFERROR(INDEX(Stats!$D:$D,MATCH($C64,Stats!$A:$A,0)),FALSE),ROUND(D64+(E64-D64)*(1+G64)*((6-1)/(MaxLevel-1))^(2^F64),0),D64+(E64-D64)*(1+G64)*((6-1)/(MaxLevel-1))^(2^F64))) -> 0.21111111 | N64: =IF(OR(D64="",E64=""),"",IF(IFERROR(INDEX(Stats!$D:$D,MATCH($C64,Stats!$A:$A,0)),FALSE),ROUND(D64+(E64-D64)*(1+G64)*((7-1)/(MaxLevel-1))^(2^F64),0),D64+(E64-D64)*(1+G64)*((7-1)/(MaxLevel-1))^(2^F64))) -> 0.23333333 | O64: =IF(OR(D64="",E64=""),"",IF(IFERROR(INDEX(Stats!$D:$D,MATCH($C64,Stats!$A:$A,0)),FALSE),ROUND(D64+(E64-D64)*(1+G64)*((8-1)/(MaxLevel-1))^(2^F64),0),D64+(E64-D64)*(1+G64)*((8-1)/(MaxLevel-1))^(2^F64))) -> 0.25555556 | P64: =IF(OR(D64="",E64=""),"",IF(IFERROR(INDEX(Stats!$D:$D,MATCH($C64,Stats!$A:$A,0)),FALSE),ROUND(D64+(E64-D64)*(1+G64)*((9-1)/(MaxLevel-1))^(2^F64),0),D64+(E64-D64)*(1+G64)*((9-1)/(MaxLevel-1))^(2^F64))) -> 0.27777778 | Q64: =IF(OR(D64="",E64=""),"",IF(IFERROR(INDEX(Stats!$D:$D,MATCH($C64,Stats!$A:$A,0)),FALSE),ROUND(D64+(E64-D64)*(1+G64)*((10-1)/(MaxLevel-1))^(2^F64),0),D64+(E64-D64)*(1+G64)*((10-1)/(MaxLevel-1))^(2^F64))) -> 0.3
A65: 01U | B65: C4 | C65: Fortitude | H65: =IF(OR(D65="",E65=""),"",IF(IFERROR(INDEX(Stats!$D:$D,MATCH($C65,Stats!$A:$A,0)),FALSE),ROUND(D65+(E65-D65)*(1+G65)*((1-1)/(MaxLevel-1))^(2^F65),0),D65+(E65-D65)*(1+G65)*((1-1)/(MaxLevel-1))^(2^F65))) | I65: =IF(OR(D65="",E65=""),"",IF(IFERROR(INDEX(Stats!$D:$D,MATCH($C65,Stats!$A:$A,0)),FALSE),ROUND(D65+(E65-D65)*(1+G65)*((2-1)/(MaxLevel-1))^(2^F65),0),D65+(E65-D65)*(1+G65)*((2-1)/(MaxLevel-1))^(2^F65))) | J65: =IF(OR(D65="",E65=""),"",IF(IFERROR(INDEX(Stats!$D:$D,MATCH($C65,Stats!$A:$A,0)),FALSE),ROUND(D65+(E65-D65)*(1+G65)*((3-1)/(MaxLevel-1))^(2^F65),0),D65+(E65-D65)*(1+G65)*((3-1)/(MaxLevel-1))^(2^F65))) | K65: =IF(OR(D65="",E65=""),"",IF(IFERROR(INDEX(Stats!$D:$D,MATCH($C65,Stats!$A:$A,0)),FALSE),ROUND(D65+(E65-D65)*(1+G65)*((4-1)/(MaxLevel-1))^(2^F65),0),D65+(E65-D65)*(1+G65)*((4-1)/(MaxLevel-1))^(2^F65))) | L65: =IF(OR(D65="",E65=""),"",IF(IFERROR(INDEX(Stats!$D:$D,MATCH($C65,Stats!$A:$A,0)),FALSE),ROUND(D65+(E65-D65)*(1+G65)*((5-1)/(MaxLevel-1))^(2^F65),0),D65+(E65-D65)*(1+G65)*((5-1)/(MaxLevel-1))^(2^F65))) | M65: =IF(OR(D65="",E65=""),"",IF(IFERROR(INDEX(Stats!$D:$D,MATCH($C65,Stats!$A:$A,0)),FALSE),ROUND(D65+(E65-D65)*(1+G65)*((6-1)/(MaxLevel-1))^(2^F65),0),D65+(E65-D65)*(1+G65)*((6-1)/(MaxLevel-1))^(2^F65))) | N65: =IF(OR(D65="",E65=""),"",IF(IFERROR(INDEX(Stats!$D:$D,MATCH($C65,Stats!$A:$A,0)),FALSE),ROUND(D65+(E65-D65)*(1+G65)*((7-1)/(MaxLevel-1))^(2^F65),0),D65+(E65-D65)*(1+G65)*((7-1)/(MaxLevel-1))^(2^F65))) | O65: =IF(OR(D65="",E65=""),"",IF(IFERROR(INDEX(Stats!$D:$D,MATCH($C65,Stats!$A:$A,0)),FALSE),ROUND(D65+(E65-D65)*(1+G65)*((8-1)/(MaxLevel-1))^(2^F65),0),D65+(E65-D65)*(1+G65)*((8-1)/(MaxLevel-1))^(2^F65))) | P65: =IF(OR(D65="",E65=""),"",IF(IFERROR(INDEX(Stats!$D:$D,MATCH($C65,Stats!$A:$A,0)),FALSE),ROUND(D65+(E65-D65)*(1+G65)*((9-1)/(MaxLevel-1))^(2^F65),0),D65+(E65-D65)*(1+G65)*((9-1)/(MaxLevel-1))^(2^F65))) | Q65: =IF(OR(D65="",E65=""),"",IF(IFERROR(INDEX(Stats!$D:$D,MATCH($C65,Stats!$A:$A,0)),FALSE),ROUND(D65+(E65-D65)*(1+G65)*((10-1)/(MaxLevel-1))^(2^F65),0),D65+(E65-D65)*(1+G65)*((10-1)/(MaxLevel-1))^(2^F65)))
A66: 01U | B66: C4 | C66: Speed | H66: =IF(OR(D66="",E66=""),"",IF(IFERROR(INDEX(Stats!$D:$D,MATCH($C66,Stats!$A:$A,0)),FALSE),ROUND(D66+(E66-D66)*(1+G66)*((1-1)/(MaxLevel-1))^(2^F66),0),D66+(E66-D66)*(1+G66)*((1-1)/(MaxLevel-1))^(2^F66))) | I66: =IF(OR(D66="",E66=""),"",IF(IFERROR(INDEX(Stats!$D:$D,MATCH($C66,Stats!$A:$A,0)),FALSE),ROUND(D66+(E66-D66)*(1+G66)*((2-1)/(MaxLevel-1))^(2^F66),0),D66+(E66-D66)*(1+G66)*((2-1)/(MaxLevel-1))^(2^F66))) | J66: =IF(OR(D66="",E66=""),"",IF(IFERROR(INDEX(Stats!$D:$D,MATCH($C66,Stats!$A:$A,0)),FALSE),ROUND(D66+(E66-D66)*(1+G66)*((3-1)/(MaxLevel-1))^(2^F66),0),D66+(E66-D66)*(1+G66)*((3-1)/(MaxLevel-1))^(2^F66))) | K66: =IF(OR(D66="",E66=""),"",IF(IFERROR(INDEX(Stats!$D:$D,MATCH($C66,Stats!$A:$A,0)),FALSE),ROUND(D66+(E66-D66)*(1+G66)*((4-1)/(MaxLevel-1))^(2^F66),0),D66+(E66-D66)*(1+G66)*((4-1)/(MaxLevel-1))^(2^F66))) | L66: =IF(OR(D66="",E66=""),"",IF(IFERROR(INDEX(Stats!$D:$D,MATCH($C66,Stats!$A:$A,0)),FALSE),ROUND(D66+(E66-D66)*(1+G66)*((5-1)/(MaxLevel-1))^(2^F66),0),D66+(E66-D66)*(1+G66)*((5-1)/(MaxLevel-1))^(2^F66))) | M66: =IF(OR(D66="",E66=""),"",IF(IFERROR(INDEX(Stats!$D:$D,MATCH($C66,Stats!$A:$A,0)),FALSE),ROUND(D66+(E66-D66)*(1+G66)*((6-1)/(MaxLevel-1))^(2^F66),0),D66+(E66-D66)*(1+G66)*((6-1)/(MaxLevel-1))^(2^F66))) | N66: =IF(OR(D66="",E66=""),"",IF(IFERROR(INDEX(Stats!$D:$D,MATCH($C66,Stats!$A:$A,0)),FALSE),ROUND(D66+(E66-D66)*(1+G66)*((7-1)/(MaxLevel-1))^(2^F66),0),D66+(E66-D66)*(1+G66)*((7-1)/(MaxLevel-1))^(2^F66))) | O66: =IF(OR(D66="",E66=""),"",IF(IFERROR(INDEX(Stats!$D:$D,MATCH($C66,Stats!$A:$A,0)),FALSE),ROUND(D66+(E66-D66)*(1+G66)*((8-1)/(MaxLevel-1))^(2^F66),0),D66+(E66-D66)*(1+G66)*((8-1)/(MaxLevel-1))^(2^F66))) | P66: =IF(OR(D66="",E66=""),"",IF(IFERROR(INDEX(Stats!$D:$D,MATCH($C66,Stats!$A:$A,0)),FALSE),ROUND(D66+(E66-D66)*(1+G66)*((9-1)/(MaxLevel-1))^(2^F66),0),D66+(E66-D66)*(1+G66)*((9-1)/(MaxLevel-1))^(2^F66))) | Q66: =IF(OR(D66="",E66=""),"",IF(IFERROR(INDEX(Stats!$D:$D,MATCH($C66,Stats!$A:$A,0)),FALSE),ROUND(D66+(E66-D66)*(1+G66)*((10-1)/(MaxLevel-1))^(2^F66),0),D66+(E66-D66)*(1+G66)*((10-1)/(MaxLevel-1))^(2^F66)))
A67: 01U | B67: C4 | C67: Magic | H67: =IF(OR(D67="",E67=""),"",IF(IFERROR(INDEX(Stats!$D:$D,MATCH($C67,Stats!$A:$A,0)),FALSE),ROUND(D67+(E67-D67)*(1+G67)*((1-1)/(MaxLevel-1))^(2^F67),0),D67+(E67-D67)*(1+G67)*((1-1)/(MaxLevel-1))^(2^F67))) | I67: =IF(OR(D67="",E67=""),"",IF(IFERROR(INDEX(Stats!$D:$D,MATCH($C67,Stats!$A:$A,0)),FALSE),ROUND(D67+(E67-D67)*(1+G67)*((2-1)/(MaxLevel-1))^(2^F67),0),D67+(E67-D67)*(1+G67)*((2-1)/(MaxLevel-1))^(2^F67))) | J67: =IF(OR(D67="",E67=""),"",IF(IFERROR(INDEX(Stats!$D:$D,MATCH($C67,Stats!$A:$A,0)),FALSE),ROUND(D67+(E67-D67)*(1+G67)*((3-1)/(MaxLevel-1))^(2^F67),0),D67+(E67-D67)*(1+G67)*((3-1)/(MaxLevel-1))^(2^F67))) | K67: =IF(OR(D67="",E67=""),"",IF(IFERROR(INDEX(Stats!$D:$D,MATCH($C67,Stats!$A:$A,0)),FALSE),ROUND(D67+(E67-D67)*(1+G67)*((4-1)/(MaxLevel-1))^(2^F67),0),D67+(E67-D67)*(1+G67)*((4-1)/(MaxLevel-1))^(2^F67))) | L67: =IF(OR(D67="",E67=""),"",IF(IFERROR(INDEX(Stats!$D:$D,MATCH($C67,Stats!$A:$A,0)),FALSE),ROUND(D67+(E67-D67)*(1+G67)*((5-1)/(MaxLevel-1))^(2^F67),0),D67+(E67-D67)*(1+G67)*((5-1)/(MaxLevel-1))^(2^F67))) | M67: =IF(OR(D67="",E67=""),"",IF(IFERROR(INDEX(Stats!$D:$D,MATCH($C67,Stats!$A:$A,0)),FALSE),ROUND(D67+(E67-D67)*(1+G67)*((6-1)/(MaxLevel-1))^(2^F67),0),D67+(E67-D67)*(1+G67)*((6-1)/(MaxLevel-1))^(2^F67))) | N67: =IF(OR(D67="",E67=""),"",IF(IFERROR(INDEX(Stats!$D:$D,MATCH($C67,Stats!$A:$A,0)),FALSE),ROUND(D67+(E67-D67)*(1+G67)*((7-1)/(MaxLevel-1))^(2^F67),0),D67+(E67-D67)*(1+G67)*((7-1)/(MaxLevel-1))^(2^F67))) | O67: =IF(OR(D67="",E67=""),"",IF(IFERROR(INDEX(Stats!$D:$D,MATCH($C67,Stats!$A:$A,0)),FALSE),ROUND(D67+(E67-D67)*(1+G67)*((8-1)/(MaxLevel-1))^(2^F67),0),D67+(E67-D67)*(1+G67)*((8-1)/(MaxLevel-1))^(2^F67))) | P67: =IF(OR(D67="",E67=""),"",IF(IFERROR(INDEX(Stats!$D:$D,MATCH($C67,Stats!$A:$A,0)),FALSE),ROUND(D67+(E67-D67)*(1+G67)*((9-1)/(MaxLevel-1))^(2^F67),0),D67+(E67-D67)*(1+G67)*((9-1)/(MaxLevel-1))^(2^F67))) | Q67: =IF(OR(D67="",E67=""),"",IF(IFERROR(INDEX(Stats!$D:$D,MATCH($C67,Stats!$A:$A,0)),FALSE),ROUND(D67+(E67-D67)*(1+G67)*((10-1)/(MaxLevel-1))^(2^F67),0),D67+(E67-D67)*(1+G67)*((10-1)/(MaxLevel-1))^(2^F67)))
A68: 01U | B68: C4 | C68: Resistance | H68: =IF(OR(D68="",E68=""),"",IF(IFERROR(INDEX(Stats!$D:$D,MATCH($C68,Stats!$A:$A,0)),FALSE),ROUND(D68+(E68-D68)*(1+G68)*((1-1)/(MaxLevel-1))^(2^F68),0),D68+(E68-D68)*(1+G68)*((1-1)/(MaxLevel-1))^(2^F68))) | I68: =IF(OR(D68="",E68=""),"",IF(IFERROR(INDEX(Stats!$D:$D,MATCH($C68,Stats!$A:$A,0)),FALSE),ROUND(D68+(E68-D68)*(1+G68)*((2-1)/(MaxLevel-1))^(2^F68),0),D68+(E68-D68)*(1+G68)*((2-1)/(MaxLevel-1))^(2^F68))) | J68: =IF(OR(D68="",E68=""),"",IF(IFERROR(INDEX(Stats!$D:$D,MATCH($C68,Stats!$A:$A,0)),FALSE),ROUND(D68+(E68-D68)*(1+G68)*((3-1)/(MaxLevel-1))^(2^F68),0),D68+(E68-D68)*(1+G68)*((3-1)/(MaxLevel-1))^(2^F68))) | K68: =IF(OR(D68="",E68=""),"",IF(IFERROR(INDEX(Stats!$D:$D,MATCH($C68,Stats!$A:$A,0)),FALSE),ROUND(D68+(E68-D68)*(1+G68)*((4-1)/(MaxLevel-1))^(2^F68),0),D68+(E68-D68)*(1+G68)*((4-1)/(MaxLevel-1))^(2^F68))) | L68: =IF(OR(D68="",E68=""),"",IF(IFERROR(INDEX(Stats!$D:$D,MATCH($C68,Stats!$A:$A,0)),FALSE),ROUND(D68+(E68-D68)*(1+G68)*((5-1)/(MaxLevel-1))^(2^F68),0),D68+(E68-D68)*(1+G68)*((5-1)/(MaxLevel-1))^(2^F68))) | M68: =IF(OR(D68="",E68=""),"",IF(IFERROR(INDEX(Stats!$D:$D,MATCH($C68,Stats!$A:$A,0)),FALSE),ROUND(D68+(E68-D68)*(1+G68)*((6-1)/(MaxLevel-1))^(2^F68),0),D68+(E68-D68)*(1+G68)*((6-1)/(MaxLevel-1))^(2^F68))) | N68: =IF(OR(D68="",E68=""),"",IF(IFERROR(INDEX(Stats!$D:$D,MATCH($C68,Stats!$A:$A,0)),FALSE),ROUND(D68+(E68-D68)*(1+G68)*((7-1)/(MaxLevel-1))^(2^F68),0),D68+(E68-D68)*(1+G68)*((7-1)/(MaxLevel-1))^(2^F68))) | O68: =IF(OR(D68="",E68=""),"",IF(IFERROR(INDEX(Stats!$D:$D,MATCH($C68,Stats!$A:$A,0)),FALSE),ROUND(D68+(E68-D68)*(1+G68)*((8-1)/(MaxLevel-1))^(2^F68),0),D68+(E68-D68)*(1+G68)*((8-1)/(MaxLevel-1))^(2^F68))) | P68: =IF(OR(D68="",E68=""),"",IF(IFERROR(INDEX(Stats!$D:$D,MATCH($C68,Stats!$A:$A,0)),FALSE),ROUND(D68+(E68-D68)*(1+G68)*((9-1)/(MaxLevel-1))^(2^F68),0),D68+(E68-D68)*(1+G68)*((9-1)/(MaxLevel-1))^(2^F68))) | Q68: =IF(OR(D68="",E68=""),"",IF(IFERROR(INDEX(Stats!$D:$D,MATCH($C68,Stats!$A:$A,0)),FALSE),ROUND(D68+(E68-D68)*(1+G68)*((10-1)/(MaxLevel-1))^(2^F68),0),D68+(E68-D68)*(1+G68)*((10-1)/(MaxLevel-1))^(2^F68)))
A69: 01U | B69: C4 | C69: Luck | H69: =IF(OR(D69="",E69=""),"",IF(IFERROR(INDEX(Stats!$D:$D,MATCH($C69,Stats!$A:$A,0)),FALSE),ROUND(D69+(E69-D69)*(1+G69)*((1-1)/(MaxLevel-1))^(2^F69),0),D69+(E69-D69)*(1+G69)*((1-1)/(MaxLevel-1))^(2^F69))) | I69: =IF(OR(D69="",E69=""),"",IF(IFERROR(INDEX(Stats!$D:$D,MATCH($C69,Stats!$A:$A,0)),FALSE),ROUND(D69+(E69-D69)*(1+G69)*((2-1)/(MaxLevel-1))^(2^F69),0),D69+(E69-D69)*(1+G69)*((2-1)/(MaxLevel-1))^(2^F69))) | J69: =IF(OR(D69="",E69=""),"",IF(IFERROR(INDEX(Stats!$D:$D,MATCH($C69,Stats!$A:$A,0)),FALSE),ROUND(D69+(E69-D69)*(1+G69)*((3-1)/(MaxLevel-1))^(2^F69),0),D69+(E69-D69)*(1+G69)*((3-1)/(MaxLevel-1))^(2^F69))) | K69: =IF(OR(D69="",E69=""),"",IF(IFERROR(INDEX(Stats!$D:$D,MATCH($C69,Stats!$A:$A,0)),FALSE),ROUND(D69+(E69-D69)*(1+G69)*((4-1)/(MaxLevel-1))^(2^F69),0),D69+(E69-D69)*(1+G69)*((4-1)/(MaxLevel-1))^(2^F69))) | L69: =IF(OR(D69="",E69=""),"",IF(IFERROR(INDEX(Stats!$D:$D,MATCH($C69,Stats!$A:$A,0)),FALSE),ROUND(D69+(E69-D69)*(1+G69)*((5-1)/(MaxLevel-1))^(2^F69),0),D69+(E69-D69)*(1+G69)*((5-1)/(MaxLevel-1))^(2^F69))) | M69: =IF(OR(D69="",E69=""),"",IF(IFERROR(INDEX(Stats!$D:$D,MATCH($C69,Stats!$A:$A,0)),FALSE),ROUND(D69+(E69-D69)*(1+G69)*((6-1)/(MaxLevel-1))^(2^F69),0),D69+(E69-D69)*(1+G69)*((6-1)/(MaxLevel-1))^(2^F69))) | N69: =IF(OR(D69="",E69=""),"",IF(IFERROR(INDEX(Stats!$D:$D,MATCH($C69,Stats!$A:$A,0)),FALSE),ROUND(D69+(E69-D69)*(1+G69)*((7-1)/(MaxLevel-1))^(2^F69),0),D69+(E69-D69)*(1+G69)*((7-1)/(MaxLevel-1))^(2^F69))) | O69: =IF(OR(D69="",E69=""),"",IF(IFERROR(INDEX(Stats!$D:$D,MATCH($C69,Stats!$A:$A,0)),FALSE),ROUND(D69+(E69-D69)*(1+G69)*((8-1)/(MaxLevel-1))^(2^F69),0),D69+(E69-D69)*(1+G69)*((8-1)/(MaxLevel-1))^(2^F69))) | P69: =IF(OR(D69="",E69=""),"",IF(IFERROR(INDEX(Stats!$D:$D,MATCH($C69,Stats!$A:$A,0)),FALSE),ROUND(D69+(E69-D69)*(1+G69)*((9-1)/(MaxLevel-1))^(2^F69),0),D69+(E69-D69)*(1+G69)*((9-1)/(MaxLevel-1))^(2^F69))) | Q69: =IF(OR(D69="",E69=""),"",IF(IFERROR(INDEX(Stats!$D:$D,MATCH($C69,Stats!$A:$A,0)),FALSE),ROUND(D69+(E69-D69)*(1+G69)*((10-1)/(MaxLevel-1))^(2^F69),0),D69+(E69-D69)*(1+G69)*((10-1)/(MaxLevel-1))^(2^F69)))
A70: 01U | B70: C4 | C70: Weight | H70: =IF(OR(D70="",E70=""),"",IF(IFERROR(INDEX(Stats!$D:$D,MATCH($C70,Stats!$A:$A,0)),FALSE),ROUND(D70+(E70-D70)*(1+G70)*((1-1)/(MaxLevel-1))^(2^F70),0),D70+(E70-D70)*(1+G70)*((1-1)/(MaxLevel-1))^(2^F70))) | I70: =IF(OR(D70="",E70=""),"",IF(IFERROR(INDEX(Stats!$D:$D,MATCH($C70,Stats!$A:$A,0)),FALSE),ROUND(D70+(E70-D70)*(1+G70)*((2-1)/(MaxLevel-1))^(2^F70),0),D70+(E70-D70)*(1+G70)*((2-1)/(MaxLevel-1))^(2^F70))) | J70: =IF(OR(D70="",E70=""),"",IF(IFERROR(INDEX(Stats!$D:$D,MATCH($C70,Stats!$A:$A,0)),FALSE),ROUND(D70+(E70-D70)*(1+G70)*((3-1)/(MaxLevel-1))^(2^F70),0),D70+(E70-D70)*(1+G70)*((3-1)/(MaxLevel-1))^(2^F70))) | K70: =IF(OR(D70="",E70=""),"",IF(IFERROR(INDEX(Stats!$D:$D,MATCH($C70,Stats!$A:$A,0)),FALSE),ROUND(D70+(E70-D70)*(1+G70)*((4-1)/(MaxLevel-1))^(2^F70),0),D70+(E70-D70)*(1+G70)*((4-1)/(MaxLevel-1))^(2^F70))) | L70: =IF(OR(D70="",E70=""),"",IF(IFERROR(INDEX(Stats!$D:$D,MATCH($C70,Stats!$A:$A,0)),FALSE),ROUND(D70+(E70-D70)*(1+G70)*((5-1)/(MaxLevel-1))^(2^F70),0),D70+(E70-D70)*(1+G70)*((5-1)/(MaxLevel-1))^(2^F70))) | M70: =IF(OR(D70="",E70=""),"",IF(IFERROR(INDEX(Stats!$D:$D,MATCH($C70,Stats!$A:$A,0)),FALSE),ROUND(D70+(E70-D70)*(1+G70)*((6-1)/(MaxLevel-1))^(2^F70),0),D70+(E70-D70)*(1+G70)*((6-1)/(MaxLevel-1))^(2^F70))) | N70: =IF(OR(D70="",E70=""),"",IF(IFERROR(INDEX(Stats!$D:$D,MATCH($C70,Stats!$A:$A,0)),FALSE),ROUND(D70+(E70-D70)*(1+G70)*((7-1)/(MaxLevel-1))^(2^F70),0),D70+(E70-D70)*(1+G70)*((7-1)/(MaxLevel-1))^(2^F70))) | O70: =IF(OR(D70="",E70=""),"",IF(IFERROR(INDEX(Stats!$D:$D,MATCH($C70,Stats!$A:$A,0)),FALSE),ROUND(D70+(E70-D70)*(1+G70)*((8-1)/(MaxLevel-1))^(2^F70),0),D70+(E70-D70)*(1+G70)*((8-1)/(MaxLevel-1))^(2^F70))) | P70: =IF(OR(D70="",E70=""),"",IF(IFERROR(INDEX(Stats!$D:$D,MATCH($C70,Stats!$A:$A,0)),FALSE),ROUND(D70+(E70-D70)*(1+G70)*((9-1)/(MaxLevel-1))^(2^F70),0),D70+(E70-D70)*(1+G70)*((9-1)/(MaxLevel-1))^(2^F70))) | Q70: =IF(OR(D70="",E70=""),"",IF(IFERROR(INDEX(Stats!$D:$D,MATCH($C70,Stats!$A:$A,0)),FALSE),ROUND(D70+(E70-D70)*(1+G70)*((10-1)/(MaxLevel-1))^(2^F70),0),D70+(E70-D70)*(1+G70)*((10-1)/(MaxLevel-1))^(2^F70)))
A71: 01U | B71: C4 | C71: WorkingCost | H71: =IF(OR(D71="",E71=""),"",IF(IFERROR(INDEX(Stats!$D:$D,MATCH($C71,Stats!$A:$A,0)),FALSE),ROUND(D71+(E71-D71)*(1+G71)*((1-1)/(MaxLevel-1))^(2^F71),0),D71+(E71-D71)*(1+G71)*((1-1)/(MaxLevel-1))^(2^F71))) | I71: =IF(OR(D71="",E71=""),"",IF(IFERROR(INDEX(Stats!$D:$D,MATCH($C71,Stats!$A:$A,0)),FALSE),ROUND(D71+(E71-D71)*(1+G71)*((2-1)/(MaxLevel-1))^(2^F71),0),D71+(E71-D71)*(1+G71)*((2-1)/(MaxLevel-1))^(2^F71))) | J71: =IF(OR(D71="",E71=""),"",IF(IFERROR(INDEX(Stats!$D:$D,MATCH($C71,Stats!$A:$A,0)),FALSE),ROUND(D71+(E71-D71)*(1+G71)*((3-1)/(MaxLevel-1))^(2^F71),0),D71+(E71-D71)*(1+G71)*((3-1)/(MaxLevel-1))^(2^F71))) | K71: =IF(OR(D71="",E71=""),"",IF(IFERROR(INDEX(Stats!$D:$D,MATCH($C71,Stats!$A:$A,0)),FALSE),ROUND(D71+(E71-D71)*(1+G71)*((4-1)/(MaxLevel-1))^(2^F71),0),D71+(E71-D71)*(1+G71)*((4-1)/(MaxLevel-1))^(2^F71))) | L71: =IF(OR(D71="",E71=""),"",IF(IFERROR(INDEX(Stats!$D:$D,MATCH($C71,Stats!$A:$A,0)),FALSE),ROUND(D71+(E71-D71)*(1+G71)*((5-1)/(MaxLevel-1))^(2^F71),0),D71+(E71-D71)*(1+G71)*((5-1)/(MaxLevel-1))^(2^F71))) | M71: =IF(OR(D71="",E71=""),"",IF(IFERROR(INDEX(Stats!$D:$D,MATCH($C71,Stats!$A:$A,0)),FALSE),ROUND(D71+(E71-D71)*(1+G71)*((6-1)/(MaxLevel-1))^(2^F71),0),D71+(E71-D71)*(1+G71)*((6-1)/(MaxLevel-1))^(2^F71))) | N71: =IF(OR(D71="",E71=""),"",IF(IFERROR(INDEX(Stats!$D:$D,MATCH($C71,Stats!$A:$A,0)),FALSE),ROUND(D71+(E71-D71)*(1+G71)*((7-1)/(MaxLevel-1))^(2^F71),0),D71+(E71-D71)*(1+G71)*((7-1)/(MaxLevel-1))^(2^F71))) | O71: =IF(OR(D71="",E71=""),"",IF(IFERROR(INDEX(Stats!$D:$D,MATCH($C71,Stats!$A:$A,0)),FALSE),ROUND(D71+(E71-D71)*(1+G71)*((8-1)/(MaxLevel-1))^(2^F71),0),D71+(E71-D71)*(1+G71)*((8-1)/(MaxLevel-1))^(2^F71))) | P71: =IF(OR(D71="",E71=""),"",IF(IFERROR(INDEX(Stats!$D:$D,MATCH($C71,Stats!$A:$A,0)),FALSE),ROUND(D71+(E71-D71)*(1+G71)*((9-1)/(MaxLevel-1))^(2^F71),0),D71+(E71-D71)*(1+G71)*((9-1)/(MaxLevel-1))^(2^F71))) | Q71: =IF(OR(D71="",E71=""),"",IF(IFERROR(INDEX(Stats!$D:$D,MATCH($C71,Stats!$A:$A,0)),FALSE),ROUND(D71+(E71-D71)*(1+G71)*((10-1)/(MaxLevel-1))^(2^F71),0),D71+(E71-D71)*(1+G71)*((10-1)/(MaxLevel-1))^(2^F71)))
A72: 01U | B72: C4 | C72: SkillResearch | H72: =IF(OR(D72="",E72=""),"",IF(IFERROR(INDEX(Stats!$D:$D,MATCH($C72,Stats!$A:$A,0)),FALSE),ROUND(D72+(E72-D72)*(1+G72)*((1-1)/(MaxLevel-1))^(2^F72),0),D72+(E72-D72)*(1+G72)*((1-1)/(MaxLevel-1))^(2^F72))) | I72: =IF(OR(D72="",E72=""),"",IF(IFERROR(INDEX(Stats!$D:$D,MATCH($C72,Stats!$A:$A,0)),FALSE),ROUND(D72+(E72-D72)*(1+G72)*((2-1)/(MaxLevel-1))^(2^F72),0),D72+(E72-D72)*(1+G72)*((2-1)/(MaxLevel-1))^(2^F72))) | J72: =IF(OR(D72="",E72=""),"",IF(IFERROR(INDEX(Stats!$D:$D,MATCH($C72,Stats!$A:$A,0)),FALSE),ROUND(D72+(E72-D72)*(1+G72)*((3-1)/(MaxLevel-1))^(2^F72),0),D72+(E72-D72)*(1+G72)*((3-1)/(MaxLevel-1))^(2^F72))) | K72: =IF(OR(D72="",E72=""),"",IF(IFERROR(INDEX(Stats!$D:$D,MATCH($C72,Stats!$A:$A,0)),FALSE),ROUND(D72+(E72-D72)*(1+G72)*((4-1)/(MaxLevel-1))^(2^F72),0),D72+(E72-D72)*(1+G72)*((4-1)/(MaxLevel-1))^(2^F72))) | L72: =IF(OR(D72="",E72=""),"",IF(IFERROR(INDEX(Stats!$D:$D,MATCH($C72,Stats!$A:$A,0)),FALSE),ROUND(D72+(E72-D72)*(1+G72)*((5-1)/(MaxLevel-1))^(2^F72),0),D72+(E72-D72)*(1+G72)*((5-1)/(MaxLevel-1))^(2^F72))) | M72: =IF(OR(D72="",E72=""),"",IF(IFERROR(INDEX(Stats!$D:$D,MATCH($C72,Stats!$A:$A,0)),FALSE),ROUND(D72+(E72-D72)*(1+G72)*((6-1)/(MaxLevel-1))^(2^F72),0),D72+(E72-D72)*(1+G72)*((6-1)/(MaxLevel-1))^(2^F72))) | N72: =IF(OR(D72="",E72=""),"",IF(IFERROR(INDEX(Stats!$D:$D,MATCH($C72,Stats!$A:$A,0)),FALSE),ROUND(D72+(E72-D72)*(1+G72)*((7-1)/(MaxLevel-1))^(2^F72),0),D72+(E72-D72)*(1+G72)*((7-1)/(MaxLevel-1))^(2^F72))) | O72: =IF(OR(D72="",E72=""),"",IF(IFERROR(INDEX(Stats!$D:$D,MATCH($C72,Stats!$A:$A,0)),FALSE),ROUND(D72+(E72-D72)*(1+G72)*((8-1)/(MaxLevel-1))^(2^F72),0),D72+(E72-D72)*(1+G72)*((8-1)/(MaxLevel-1))^(2^F72))) | P72: =IF(OR(D72="",E72=""),"",IF(IFERROR(INDEX(Stats!$D:$D,MATCH($C72,Stats!$A:$A,0)),FALSE),ROUND(D72+(E72-D72)*(1+G72)*((9-1)/(MaxLevel-1))^(2^F72),0),D72+(E72-D72)*(1+G72)*((9-1)/(MaxLevel-1))^(2^F72))) | Q72: =IF(OR(D72="",E72=""),"",IF(IFERROR(INDEX(Stats!$D:$D,MATCH($C72,Stats!$A:$A,0)),FALSE),ROUND(D72+(E72-D72)*(1+G72)*((10-1)/(MaxLevel-1))^(2^F72),0),D72+(E72-D72)*(1+G72)*((10-1)/(MaxLevel-1))^(2^F72)))
A73: 01U | B73: C4 | C73: SkillTrain | H73: =IF(OR(D73="",E73=""),"",IF(IFERROR(INDEX(Stats!$D:$D,MATCH($C73,Stats!$A:$A,0)),FALSE),ROUND(D73+(E73-D73)*(1+G73)*((1-1)/(MaxLevel-1))^(2^F73),0),D73+(E73-D73)*(1+G73)*((1-1)/(MaxLevel-1))^(2^F73))) | I73: =IF(OR(D73="",E73=""),"",IF(IFERROR(INDEX(Stats!$D:$D,MATCH($C73,Stats!$A:$A,0)),FALSE),ROUND(D73+(E73-D73)*(1+G73)*((2-1)/(MaxLevel-1))^(2^F73),0),D73+(E73-D73)*(1+G73)*((2-1)/(MaxLevel-1))^(2^F73))) | J73: =IF(OR(D73="",E73=""),"",IF(IFERROR(INDEX(Stats!$D:$D,MATCH($C73,Stats!$A:$A,0)),FALSE),ROUND(D73+(E73-D73)*(1+G73)*((3-1)/(MaxLevel-1))^(2^F73),0),D73+(E73-D73)*(1+G73)*((3-1)/(MaxLevel-1))^(2^F73))) | K73: =IF(OR(D73="",E73=""),"",IF(IFERROR(INDEX(Stats!$D:$D,MATCH($C73,Stats!$A:$A,0)),FALSE),ROUND(D73+(E73-D73)*(1+G73)*((4-1)/(MaxLevel-1))^(2^F73),0),D73+(E73-D73)*(1+G73)*((4-1)/(MaxLevel-1))^(2^F73))) | L73: =IF(OR(D73="",E73=""),"",IF(IFERROR(INDEX(Stats!$D:$D,MATCH($C73,Stats!$A:$A,0)),FALSE),ROUND(D73+(E73-D73)*(1+G73)*((5-1)/(MaxLevel-1))^(2^F73),0),D73+(E73-D73)*(1+G73)*((5-1)/(MaxLevel-1))^(2^F73))) | M73: =IF(OR(D73="",E73=""),"",IF(IFERROR(INDEX(Stats!$D:$D,MATCH($C73,Stats!$A:$A,0)),FALSE),ROUND(D73+(E73-D73)*(1+G73)*((6-1)/(MaxLevel-1))^(2^F73),0),D73+(E73-D73)*(1+G73)*((6-1)/(MaxLevel-1))^(2^F73))) | N73: =IF(OR(D73="",E73=""),"",IF(IFERROR(INDEX(Stats!$D:$D,MATCH($C73,Stats!$A:$A,0)),FALSE),ROUND(D73+(E73-D73)*(1+G73)*((7-1)/(MaxLevel-1))^(2^F73),0),D73+(E73-D73)*(1+G73)*((7-1)/(MaxLevel-1))^(2^F73))) | O73: =IF(OR(D73="",E73=""),"",IF(IFERROR(INDEX(Stats!$D:$D,MATCH($C73,Stats!$A:$A,0)),FALSE),ROUND(D73+(E73-D73)*(1+G73)*((8-1)/(MaxLevel-1))^(2^F73),0),D73+(E73-D73)*(1+G73)*((8-1)/(MaxLevel-1))^(2^F73))) | P73: =IF(OR(D73="",E73=""),"",IF(IFERROR(INDEX(Stats!$D:$D,MATCH($C73,Stats!$A:$A,0)),FALSE),ROUND(D73+(E73-D73)*(1+G73)*((9-1)/(MaxLevel-1))^(2^F73),0),D73+(E73-D73)*(1+G73)*((9-1)/(MaxLevel-1))^(2^F73))) | Q73: =IF(OR(D73="",E73=""),"",IF(IFERROR(INDEX(Stats!$D:$D,MATCH($C73,Stats!$A:$A,0)),FALSE),ROUND(D73+(E73-D73)*(1+G73)*((10-1)/(MaxLevel-1))^(2^F73),0),D73+(E73-D73)*(1+G73)*((10-1)/(MaxLevel-1))^(2^F73)))
A74: 01U | B74: C4 | C74: SkillBuild | H74: =IF(OR(D74="",E74=""),"",IF(IFERROR(INDEX(Stats!$D:$D,MATCH($C74,Stats!$A:$A,0)),FALSE),ROUND(D74+(E74-D74)*(1+G74)*((1-1)/(MaxLevel-1))^(2^F74),0),D74+(E74-D74)*(1+G74)*((1-1)/(MaxLevel-1))^(2^F74))) | I74: =IF(OR(D74="",E74=""),"",IF(IFERROR(INDEX(Stats!$D:$D,MATCH($C74,Stats!$A:$A,0)),FALSE),ROUND(D74+(E74-D74)*(1+G74)*((2-1)/(MaxLevel-1))^(2^F74),0),D74+(E74-D74)*(1+G74)*((2-1)/(MaxLevel-1))^(2^F74))) | J74: =IF(OR(D74="",E74=""),"",IF(IFERROR(INDEX(Stats!$D:$D,MATCH($C74,Stats!$A:$A,0)),FALSE),ROUND(D74+(E74-D74)*(1+G74)*((3-1)/(MaxLevel-1))^(2^F74),0),D74+(E74-D74)*(1+G74)*((3-1)/(MaxLevel-1))^(2^F74))) | K74: =IF(OR(D74="",E74=""),"",IF(IFERROR(INDEX(Stats!$D:$D,MATCH($C74,Stats!$A:$A,0)),FALSE),ROUND(D74+(E74-D74)*(1+G74)*((4-1)/(MaxLevel-1))^(2^F74),0),D74+(E74-D74)*(1+G74)*((4-1)/(MaxLevel-1))^(2^F74))) | L74: =IF(OR(D74="",E74=""),"",IF(IFERROR(INDEX(Stats!$D:$D,MATCH($C74,Stats!$A:$A,0)),FALSE),ROUND(D74+(E74-D74)*(1+G74)*((5-1)/(MaxLevel-1))^(2^F74),0),D74+(E74-D74)*(1+G74)*((5-1)/(MaxLevel-1))^(2^F74))) | M74: =IF(OR(D74="",E74=""),"",IF(IFERROR(INDEX(Stats!$D:$D,MATCH($C74,Stats!$A:$A,0)),FALSE),ROUND(D74+(E74-D74)*(1+G74)*((6-1)/(MaxLevel-1))^(2^F74),0),D74+(E74-D74)*(1+G74)*((6-1)/(MaxLevel-1))^(2^F74))) | N74: =IF(OR(D74="",E74=""),"",IF(IFERROR(INDEX(Stats!$D:$D,MATCH($C74,Stats!$A:$A,0)),FALSE),ROUND(D74+(E74-D74)*(1+G74)*((7-1)/(MaxLevel-1))^(2^F74),0),D74+(E74-D74)*(1+G74)*((7-1)/(MaxLevel-1))^(2^F74))) | O74: =IF(OR(D74="",E74=""),"",IF(IFERROR(INDEX(Stats!$D:$D,MATCH($C74,Stats!$A:$A,0)),FALSE),ROUND(D74+(E74-D74)*(1+G74)*((8-1)/(MaxLevel-1))^(2^F74),0),D74+(E74-D74)*(1+G74)*((8-1)/(MaxLevel-1))^(2^F74))) | P74: =IF(OR(D74="",E74=""),"",IF(IFERROR(INDEX(Stats!$D:$D,MATCH($C74,Stats!$A:$A,0)),FALSE),ROUND(D74+(E74-D74)*(1+G74)*((9-1)/(MaxLevel-1))^(2^F74),0),D74+(E74-D74)*(1+G74)*((9-1)/(MaxLevel-1))^(2^F74))) | Q74: =IF(OR(D74="",E74=""),"",IF(IFERROR(INDEX(Stats!$D:$D,MATCH($C74,Stats!$A:$A,0)),FALSE),ROUND(D74+(E74-D74)*(1+G74)*((10-1)/(MaxLevel-1))^(2^F74),0),D74+(E74-D74)*(1+G74)*((10-1)/(MaxLevel-1))^(2^F74)))
A75: 01U | B75: C4 | C75: SkillPray | H75: =IF(OR(D75="",E75=""),"",IF(IFERROR(INDEX(Stats!$D:$D,MATCH($C75,Stats!$A:$A,0)),FALSE),ROUND(D75+(E75-D75)*(1+G75)*((1-1)/(MaxLevel-1))^(2^F75),0),D75+(E75-D75)*(1+G75)*((1-1)/(MaxLevel-1))^(2^F75))) | I75: =IF(OR(D75="",E75=""),"",IF(IFERROR(INDEX(Stats!$D:$D,MATCH($C75,Stats!$A:$A,0)),FALSE),ROUND(D75+(E75-D75)*(1+G75)*((2-1)/(MaxLevel-1))^(2^F75),0),D75+(E75-D75)*(1+G75)*((2-1)/(MaxLevel-1))^(2^F75))) | J75: =IF(OR(D75="",E75=""),"",IF(IFERROR(INDEX(Stats!$D:$D,MATCH($C75,Stats!$A:$A,0)),FALSE),ROUND(D75+(E75-D75)*(1+G75)*((3-1)/(MaxLevel-1))^(2^F75),0),D75+(E75-D75)*(1+G75)*((3-1)/(MaxLevel-1))^(2^F75))) | K75: =IF(OR(D75="",E75=""),"",IF(IFERROR(INDEX(Stats!$D:$D,MATCH($C75,Stats!$A:$A,0)),FALSE),ROUND(D75+(E75-D75)*(1+G75)*((4-1)/(MaxLevel-1))^(2^F75),0),D75+(E75-D75)*(1+G75)*((4-1)/(MaxLevel-1))^(2^F75))) | L75: =IF(OR(D75="",E75=""),"",IF(IFERROR(INDEX(Stats!$D:$D,MATCH($C75,Stats!$A:$A,0)),FALSE),ROUND(D75+(E75-D75)*(1+G75)*((5-1)/(MaxLevel-1))^(2^F75),0),D75+(E75-D75)*(1+G75)*((5-1)/(MaxLevel-1))^(2^F75))) | M75: =IF(OR(D75="",E75=""),"",IF(IFERROR(INDEX(Stats!$D:$D,MATCH($C75,Stats!$A:$A,0)),FALSE),ROUND(D75+(E75-D75)*(1+G75)*((6-1)/(MaxLevel-1))^(2^F75),0),D75+(E75-D75)*(1+G75)*((6-1)/(MaxLevel-1))^(2^F75))) | N75: =IF(OR(D75="",E75=""),"",IF(IFERROR(INDEX(Stats!$D:$D,MATCH($C75,Stats!$A:$A,0)),FALSE),ROUND(D75+(E75-D75)*(1+G75)*((7-1)/(MaxLevel-1))^(2^F75),0),D75+(E75-D75)*(1+G75)*((7-1)/(MaxLevel-1))^(2^F75))) | O75: =IF(OR(D75="",E75=""),"",IF(IFERROR(INDEX(Stats!$D:$D,MATCH($C75,Stats!$A:$A,0)),FALSE),ROUND(D75+(E75-D75)*(1+G75)*((8-1)/(MaxLevel-1))^(2^F75),0),D75+(E75-D75)*(1+G75)*((8-1)/(MaxLevel-1))^(2^F75))) | P75: =IF(OR(D75="",E75=""),"",IF(IFERROR(INDEX(Stats!$D:$D,MATCH($C75,Stats!$A:$A,0)),FALSE),ROUND(D75+(E75-D75)*(1+G75)*((9-1)/(MaxLevel-1))^(2^F75),0),D75+(E75-D75)*(1+G75)*((9-1)/(MaxLevel-1))^(2^F75))) | Q75: =IF(OR(D75="",E75=""),"",IF(IFERROR(INDEX(Stats!$D:$D,MATCH($C75,Stats!$A:$A,0)),FALSE),ROUND(D75+(E75-D75)*(1+G75)*((10-1)/(MaxLevel-1))^(2^F75),0),D75+(E75-D75)*(1+G75)*((10-1)/(MaxLevel-1))^(2^F75)))
A76: 01U | B76: C4 | C76: SkillTorture | H76: =IF(OR(D76="",E76=""),"",IF(IFERROR(INDEX(Stats!$D:$D,MATCH($C76,Stats!$A:$A,0)),FALSE),ROUND(D76+(E76-D76)*(1+G76)*((1-1)/(MaxLevel-1))^(2^F76),0),D76+(E76-D76)*(1+G76)*((1-1)/(MaxLevel-1))^(2^F76))) | I76: =IF(OR(D76="",E76=""),"",IF(IFERROR(INDEX(Stats!$D:$D,MATCH($C76,Stats!$A:$A,0)),FALSE),ROUND(D76+(E76-D76)*(1+G76)*((2-1)/(MaxLevel-1))^(2^F76),0),D76+(E76-D76)*(1+G76)*((2-1)/(MaxLevel-1))^(2^F76))) | J76: =IF(OR(D76="",E76=""),"",IF(IFERROR(INDEX(Stats!$D:$D,MATCH($C76,Stats!$A:$A,0)),FALSE),ROUND(D76+(E76-D76)*(1+G76)*((3-1)/(MaxLevel-1))^(2^F76),0),D76+(E76-D76)*(1+G76)*((3-1)/(MaxLevel-1))^(2^F76))) | K76: =IF(OR(D76="",E76=""),"",IF(IFERROR(INDEX(Stats!$D:$D,MATCH($C76,Stats!$A:$A,0)),FALSE),ROUND(D76+(E76-D76)*(1+G76)*((4-1)/(MaxLevel-1))^(2^F76),0),D76+(E76-D76)*(1+G76)*((4-1)/(MaxLevel-1))^(2^F76))) | L76: =IF(OR(D76="",E76=""),"",IF(IFERROR(INDEX(Stats!$D:$D,MATCH($C76,Stats!$A:$A,0)),FALSE),ROUND(D76+(E76-D76)*(1+G76)*((5-1)/(MaxLevel-1))^(2^F76),0),D76+(E76-D76)*(1+G76)*((5-1)/(MaxLevel-1))^(2^F76))) | M76: =IF(OR(D76="",E76=""),"",IF(IFERROR(INDEX(Stats!$D:$D,MATCH($C76,Stats!$A:$A,0)),FALSE),ROUND(D76+(E76-D76)*(1+G76)*((6-1)/(MaxLevel-1))^(2^F76),0),D76+(E76-D76)*(1+G76)*((6-1)/(MaxLevel-1))^(2^F76))) | N76: =IF(OR(D76="",E76=""),"",IF(IFERROR(INDEX(Stats!$D:$D,MATCH($C76,Stats!$A:$A,0)),FALSE),ROUND(D76+(E76-D76)*(1+G76)*((7-1)/(MaxLevel-1))^(2^F76),0),D76+(E76-D76)*(1+G76)*((7-1)/(MaxLevel-1))^(2^F76))) | O76: =IF(OR(D76="",E76=""),"",IF(IFERROR(INDEX(Stats!$D:$D,MATCH($C76,Stats!$A:$A,0)),FALSE),ROUND(D76+(E76-D76)*(1+G76)*((8-1)/(MaxLevel-1))^(2^F76),0),D76+(E76-D76)*(1+G76)*((8-1)/(MaxLevel-1))^(2^F76))) | P76: =IF(OR(D76="",E76=""),"",IF(IFERROR(INDEX(Stats!$D:$D,MATCH($C76,Stats!$A:$A,0)),FALSE),ROUND(D76+(E76-D76)*(1+G76)*((9-1)/(MaxLevel-1))^(2^F76),0),D76+(E76-D76)*(1+G76)*((9-1)/(MaxLevel-1))^(2^F76))) | Q76: =IF(OR(D76="",E76=""),"",IF(IFERROR(INDEX(Stats!$D:$D,MATCH($C76,Stats!$A:$A,0)),FALSE),ROUND(D76+(E76-D76)*(1+G76)*((10-1)/(MaxLevel-1))^(2^F76),0),D76+(E76-D76)*(1+G76)*((10-1)/(MaxLevel-1))^(2^F76)))
A77: 01U | B77: C4 | C77: Anger | D77: 0.3 | E77: 0.1 | F77: 0 | G77: 0 | H77: =IF(OR(D77="",E77=""),"",IF(IFERROR(INDEX(Stats!$D:$D,MATCH($C77,Stats!$A:$A,0)),FALSE),ROUND(D77+(E77-D77)*(1+G77)*((1-1)/(MaxLevel-1))^(2^F77),0),D77+(E77-D77)*(1+G77)*((1-1)/(MaxLevel-1))^(2^F77))) -> 0.3 | I77: =IF(OR(D77="",E77=""),"",IF(IFERROR(INDEX(Stats!$D:$D,MATCH($C77,Stats!$A:$A,0)),FALSE),ROUND(D77+(E77-D77)*(1+G77)*((2-1)/(MaxLevel-1))^(2^F77),0),D77+(E77-D77)*(1+G77)*((2-1)/(MaxLevel-1))^(2^F77))) -> 0.27777778 | J77: =IF(OR(D77="",E77=""),"",IF(IFERROR(INDEX(Stats!$D:$D,MATCH($C77,Stats!$A:$A,0)),FALSE),ROUND(D77+(E77-D77)*(1+G77)*((3-1)/(MaxLevel-1))^(2^F77),0),D77+(E77-D77)*(1+G77)*((3-1)/(MaxLevel-1))^(2^F77))) -> 0.25555556 | K77: =IF(OR(D77="",E77=""),"",IF(IFERROR(INDEX(Stats!$D:$D,MATCH($C77,Stats!$A:$A,0)),FALSE),ROUND(D77+(E77-D77)*(1+G77)*((4-1)/(MaxLevel-1))^(2^F77),0),D77+(E77-D77)*(1+G77)*((4-1)/(MaxLevel-1))^(2^F77))) -> 0.23333333 | L77: =IF(OR(D77="",E77=""),"",IF(IFERROR(INDEX(Stats!$D:$D,MATCH($C77,Stats!$A:$A,0)),FALSE),ROUND(D77+(E77-D77)*(1+G77)*((5-1)/(MaxLevel-1))^(2^F77),0),D77+(E77-D77)*(1+G77)*((5-1)/(MaxLevel-1))^(2^F77))) -> 0.21111111 | M77: =IF(OR(D77="",E77=""),"",IF(IFERROR(INDEX(Stats!$D:$D,MATCH($C77,Stats!$A:$A,0)),FALSE),ROUND(D77+(E77-D77)*(1+G77)*((6-1)/(MaxLevel-1))^(2^F77),0),D77+(E77-D77)*(1+G77)*((6-1)/(MaxLevel-1))^(2^F77))) -> 0.18888889 | N77: =IF(OR(D77="",E77=""),"",IF(IFERROR(INDEX(Stats!$D:$D,MATCH($C77,Stats!$A:$A,0)),FALSE),ROUND(D77+(E77-D77)*(1+G77)*((7-1)/(MaxLevel-1))^(2^F77),0),D77+(E77-D77)*(1+G77)*((7-1)/(MaxLevel-1))^(2^F77))) -> 0.16666667 | O77: =IF(OR(D77="",E77=""),"",IF(IFERROR(INDEX(Stats!$D:$D,MATCH($C77,Stats!$A:$A,0)),FALSE),ROUND(D77+(E77-D77)*(1+G77)*((8-1)/(MaxLevel-1))^(2^F77),0),D77+(E77-D77)*(1+G77)*((8-1)/(MaxLevel-1))^(2^F77))) -> 0.14444444 | P77: =IF(OR(D77="",E77=""),"",IF(IFERROR(INDEX(Stats!$D:$D,MATCH($C77,Stats!$A:$A,0)),FALSE),ROUND(D77+(E77-D77)*(1+G77)*((9-1)/(MaxLevel-1))^(2^F77),0),D77+(E77-D77)*(1+G77)*((9-1)/(MaxLevel-1))^(2^F77))) -> 0.12222222 | Q77: =IF(OR(D77="",E77=""),"",IF(IFERROR(INDEX(Stats!$D:$D,MATCH($C77,Stats!$A:$A,0)),FALSE),ROUND(D77+(E77-D77)*(1+G77)*((10-1)/(MaxLevel-1))^(2^F77),0),D77+(E77-D77)*(1+G77)*((10-1)/(MaxLevel-1))^(2^F77))) -> 0.1
A78: 01U | B78: T1F | C78: Experience | D78: 0 | E78: 5000 | F78: 1 | G78: 0 | H78: =IF(OR(D78="",E78=""),"",IF(IFERROR(INDEX(Stats!$D:$D,MATCH($C78,Stats!$A:$A,0)),FALSE),ROUND(D78+(E78-D78)*(1+G78)*((1-1)/(MaxLevel-1))^(2^F78),0),D78+(E78-D78)*(1+G78)*((1-1)/(MaxLevel-1))^(2^F78))) -> 0 | I78: =IF(OR(D78="",E78=""),"",IF(IFERROR(INDEX(Stats!$D:$D,MATCH($C78,Stats!$A:$A,0)),FALSE),ROUND(D78+(E78-D78)*(1+G78)*((2-1)/(MaxLevel-1))^(2^F78),0),D78+(E78-D78)*(1+G78)*((2-1)/(MaxLevel-1))^(2^F78))) -> 62 | J78: =IF(OR(D78="",E78=""),"",IF(IFERROR(INDEX(Stats!$D:$D,MATCH($C78,Stats!$A:$A,0)),FALSE),ROUND(D78+(E78-D78)*(1+G78)*((3-1)/(MaxLevel-1))^(2^F78),0),D78+(E78-D78)*(1+G78)*((3-1)/(MaxLevel-1))^(2^F78))) -> 247 | K78: =IF(OR(D78="",E78=""),"",IF(IFERROR(INDEX(Stats!$D:$D,MATCH($C78,Stats!$A:$A,0)),FALSE),ROUND(D78+(E78-D78)*(1+G78)*((4-1)/(MaxLevel-1))^(2^F78),0),D78+(E78-D78)*(1+G78)*((4-1)/(MaxLevel-1))^(2^F78))) -> 556 | L78: =IF(OR(D78="",E78=""),"",IF(IFERROR(INDEX(Stats!$D:$D,MATCH($C78,Stats!$A:$A,0)),FALSE),ROUND(D78+(E78-D78)*(1+G78)*((5-1)/(MaxLevel-1))^(2^F78),0),D78+(E78-D78)*(1+G78)*((5-1)/(MaxLevel-1))^(2^F78))) -> 988 | M78: =IF(OR(D78="",E78=""),"",IF(IFERROR(INDEX(Stats!$D:$D,MATCH($C78,Stats!$A:$A,0)),FALSE),ROUND(D78+(E78-D78)*(1+G78)*((6-1)/(MaxLevel-1))^(2^F78),0),D78+(E78-D78)*(1+G78)*((6-1)/(MaxLevel-1))^(2^F78))) -> 1543 | N78: =IF(OR(D78="",E78=""),"",IF(IFERROR(INDEX(Stats!$D:$D,MATCH($C78,Stats!$A:$A,0)),FALSE),ROUND(D78+(E78-D78)*(1+G78)*((7-1)/(MaxLevel-1))^(2^F78),0),D78+(E78-D78)*(1+G78)*((7-1)/(MaxLevel-1))^(2^F78))) -> 2222 | O78: =IF(OR(D78="",E78=""),"",IF(IFERROR(INDEX(Stats!$D:$D,MATCH($C78,Stats!$A:$A,0)),FALSE),ROUND(D78+(E78-D78)*(1+G78)*((8-1)/(MaxLevel-1))^(2^F78),0),D78+(E78-D78)*(1+G78)*((8-1)/(MaxLevel-1))^(2^F78))) -> 3025 | P78: =IF(OR(D78="",E78=""),"",IF(IFERROR(INDEX(Stats!$D:$D,MATCH($C78,Stats!$A:$A,0)),FALSE),ROUND(D78+(E78-D78)*(1+G78)*((9-1)/(MaxLevel-1))^(2^F78),0),D78+(E78-D78)*(1+G78)*((9-1)/(MaxLevel-1))^(2^F78))) -> 3951 | Q78: =IF(OR(D78="",E78=""),"",IF(IFERROR(INDEX(Stats!$D:$D,MATCH($C78,Stats!$A:$A,0)),FALSE),ROUND(D78+(E78-D78)*(1+G78)*((10-1)/(MaxLevel-1))^(2^F78),0),D78+(E78-D78)*(1+G78)*((10-1)/(MaxLevel-1))^(2^F78))) -> 5000
A79: 01U | B79: T1F | C79: Salary | D79: 10 | E79: 80 | F79: 0 | G79: 0 | H79: =IF(OR(D79="",E79=""),"",IF(IFERROR(INDEX(Stats!$D:$D,MATCH($C79,Stats!$A:$A,0)),FALSE),ROUND(D79+(E79-D79)*(1+G79)*((1-1)/(MaxLevel-1))^(2^F79),0),D79+(E79-D79)*(1+G79)*((1-1)/(MaxLevel-1))^(2^F79))) -> 10 | I79: =IF(OR(D79="",E79=""),"",IF(IFERROR(INDEX(Stats!$D:$D,MATCH($C79,Stats!$A:$A,0)),FALSE),ROUND(D79+(E79-D79)*(1+G79)*((2-1)/(MaxLevel-1))^(2^F79),0),D79+(E79-D79)*(1+G79)*((2-1)/(MaxLevel-1))^(2^F79))) -> 18 | J79: =IF(OR(D79="",E79=""),"",IF(IFERROR(INDEX(Stats!$D:$D,MATCH($C79,Stats!$A:$A,0)),FALSE),ROUND(D79+(E79-D79)*(1+G79)*((3-1)/(MaxLevel-1))^(2^F79),0),D79+(E79-D79)*(1+G79)*((3-1)/(MaxLevel-1))^(2^F79))) -> 26 | K79: =IF(OR(D79="",E79=""),"",IF(IFERROR(INDEX(Stats!$D:$D,MATCH($C79,Stats!$A:$A,0)),FALSE),ROUND(D79+(E79-D79)*(1+G79)*((4-1)/(MaxLevel-1))^(2^F79),0),D79+(E79-D79)*(1+G79)*((4-1)/(MaxLevel-1))^(2^F79))) -> 33 | L79: =IF(OR(D79="",E79=""),"",IF(IFERROR(INDEX(Stats!$D:$D,MATCH($C79,Stats!$A:$A,0)),FALSE),ROUND(D79+(E79-D79)*(1+G79)*((5-1)/(MaxLevel-1))^(2^F79),0),D79+(E79-D79)*(1+G79)*((5-1)/(MaxLevel-1))^(2^F79))) -> 41 | M79: =IF(OR(D79="",E79=""),"",IF(IFERROR(INDEX(Stats!$D:$D,MATCH($C79,Stats!$A:$A,0)),FALSE),ROUND(D79+(E79-D79)*(1+G79)*((6-1)/(MaxLevel-1))^(2^F79),0),D79+(E79-D79)*(1+G79)*((6-1)/(MaxLevel-1))^(2^F79))) -> 49 | N79: =IF(OR(D79="",E79=""),"",IF(IFERROR(INDEX(Stats!$D:$D,MATCH($C79,Stats!$A:$A,0)),FALSE),ROUND(D79+(E79-D79)*(1+G79)*((7-1)/(MaxLevel-1))^(2^F79),0),D79+(E79-D79)*(1+G79)*((7-1)/(MaxLevel-1))^(2^F79))) -> 57 | O79: =IF(OR(D79="",E79=""),"",IF(IFERROR(INDEX(Stats!$D:$D,MATCH($C79,Stats!$A:$A,0)),FALSE),ROUND(D79+(E79-D79)*(1+G79)*((8-1)/(MaxLevel-1))^(2^F79),0),D79+(E79-D79)*(1+G79)*((8-1)/(MaxLevel-1))^(2^F79))) -> 64 | P79: =IF(OR(D79="",E79=""),"",IF(IFERROR(INDEX(Stats!$D:$D,MATCH($C79,Stats!$A:$A,0)),FALSE),ROUND(D79+(E79-D79)*(1+G79)*((9-1)/(MaxLevel-1))^(2^F79),0),D79+(E79-D79)*(1+G79)*((9-1)/(MaxLevel-1))^(2^F79))) -> 72 | Q79: =IF(OR(D79="",E79=""),"",IF(IFERROR(INDEX(Stats!$D:$D,MATCH($C79,Stats!$A:$A,0)),FALSE),ROUND(D79+(E79-D79)*(1+G79)*((10-1)/(MaxLevel-1))^(2^F79),0),D79+(E79-D79)*(1+G79)*((10-1)/(MaxLevel-1))^(2^F79))) -> 80
A80: 01U | B80: T1F | C80: Health | D80: 80 | E80: 400 | F80: -0.5 | G80: 0 | H80: =IF(OR(D80="",E80=""),"",IF(IFERROR(INDEX(Stats!$D:$D,MATCH($C80,Stats!$A:$A,0)),FALSE),ROUND(D80+(E80-D80)*(1+G80)*((1-1)/(MaxLevel-1))^(2^F80),0),D80+(E80-D80)*(1+G80)*((1-1)/(MaxLevel-1))^(2^F80))) -> 80 | I80: =IF(OR(D80="",E80=""),"",IF(IFERROR(INDEX(Stats!$D:$D,MATCH($C80,Stats!$A:$A,0)),FALSE),ROUND(D80+(E80-D80)*(1+G80)*((2-1)/(MaxLevel-1))^(2^F80),0),D80+(E80-D80)*(1+G80)*((2-1)/(MaxLevel-1))^(2^F80))) -> 148 | J80: =IF(OR(D80="",E80=""),"",IF(IFERROR(INDEX(Stats!$D:$D,MATCH($C80,Stats!$A:$A,0)),FALSE),ROUND(D80+(E80-D80)*(1+G80)*((3-1)/(MaxLevel-1))^(2^F80),0),D80+(E80-D80)*(1+G80)*((3-1)/(MaxLevel-1))^(2^F80))) -> 190 | K80: =IF(OR(D80="",E80=""),"",IF(IFERROR(INDEX(Stats!$D:$D,MATCH($C80,Stats!$A:$A,0)),FALSE),ROUND(D80+(E80-D80)*(1+G80)*((4-1)/(MaxLevel-1))^(2^F80),0),D80+(E80-D80)*(1+G80)*((4-1)/(MaxLevel-1))^(2^F80))) -> 227 | L80: =IF(OR(D80="",E80=""),"",IF(IFERROR(INDEX(Stats!$D:$D,MATCH($C80,Stats!$A:$A,0)),FALSE),ROUND(D80+(E80-D80)*(1+G80)*((5-1)/(MaxLevel-1))^(2^F80),0),D80+(E80-D80)*(1+G80)*((5-1)/(MaxLevel-1))^(2^F80))) -> 260 | M80: =IF(OR(D80="",E80=""),"",IF(IFERROR(INDEX(Stats!$D:$D,MATCH($C80,Stats!$A:$A,0)),FALSE),ROUND(D80+(E80-D80)*(1+G80)*((6-1)/(MaxLevel-1))^(2^F80),0),D80+(E80-D80)*(1+G80)*((6-1)/(MaxLevel-1))^(2^F80))) -> 291 | N80: =IF(OR(D80="",E80=""),"",IF(IFERROR(INDEX(Stats!$D:$D,MATCH($C80,Stats!$A:$A,0)),FALSE),ROUND(D80+(E80-D80)*(1+G80)*((7-1)/(MaxLevel-1))^(2^F80),0),D80+(E80-D80)*(1+G80)*((7-1)/(MaxLevel-1))^(2^F80))) -> 320 | O80: =IF(OR(D80="",E80=""),"",IF(IFERROR(INDEX(Stats!$D:$D,MATCH($C80,Stats!$A:$A,0)),FALSE),ROUND(D80+(E80-D80)*(1+G80)*((8-1)/(MaxLevel-1))^(2^F80),0),D80+(E80-D80)*(1+G80)*((8-1)/(MaxLevel-1))^(2^F80))) -> 348 | P80: =IF(OR(D80="",E80=""),"",IF(IFERROR(INDEX(Stats!$D:$D,MATCH($C80,Stats!$A:$A,0)),FALSE),ROUND(D80+(E80-D80)*(1+G80)*((9-1)/(MaxLevel-1))^(2^F80),0),D80+(E80-D80)*(1+G80)*((9-1)/(MaxLevel-1))^(2^F80))) -> 374 | Q80: =IF(OR(D80="",E80=""),"",IF(IFERROR(INDEX(Stats!$D:$D,MATCH($C80,Stats!$A:$A,0)),FALSE),ROUND(D80+(E80-D80)*(1+G80)*((10-1)/(MaxLevel-1))^(2^F80),0),D80+(E80-D80)*(1+G80)*((10-1)/(MaxLevel-1))^(2^F80))) -> 400
A81: 01U | B81: T1F | C81: Strength | H81: =IF(OR(D81="",E81=""),"",IF(IFERROR(INDEX(Stats!$D:$D,MATCH($C81,Stats!$A:$A,0)),FALSE),ROUND(D81+(E81-D81)*(1+G81)*((1-1)/(MaxLevel-1))^(2^F81),0),D81+(E81-D81)*(1+G81)*((1-1)/(MaxLevel-1))^(2^F81))) | I81: =IF(OR(D81="",E81=""),"",IF(IFERROR(INDEX(Stats!$D:$D,MATCH($C81,Stats!$A:$A,0)),FALSE),ROUND(D81+(E81-D81)*(1+G81)*((2-1)/(MaxLevel-1))^(2^F81),0),D81+(E81-D81)*(1+G81)*((2-1)/(MaxLevel-1))^(2^F81))) | J81: =IF(OR(D81="",E81=""),"",IF(IFERROR(INDEX(Stats!$D:$D,MATCH($C81,Stats!$A:$A,0)),FALSE),ROUND(D81+(E81-D81)*(1+G81)*((3-1)/(MaxLevel-1))^(2^F81),0),D81+(E81-D81)*(1+G81)*((3-1)/(MaxLevel-1))^(2^F81))) | K81: =IF(OR(D81="",E81=""),"",IF(IFERROR(INDEX(Stats!$D:$D,MATCH($C81,Stats!$A:$A,0)),FALSE),ROUND(D81+(E81-D81)*(1+G81)*((4-1)/(MaxLevel-1))^(2^F81),0),D81+(E81-D81)*(1+G81)*((4-1)/(MaxLevel-1))^(2^F81))) | L81: =IF(OR(D81="",E81=""),"",IF(IFERROR(INDEX(Stats!$D:$D,MATCH($C81,Stats!$A:$A,0)),FALSE),ROUND(D81+(E81-D81)*(1+G81)*((5-1)/(MaxLevel-1))^(2^F81),0),D81+(E81-D81)*(1+G81)*((5-1)/(MaxLevel-1))^(2^F81))) | M81: =IF(OR(D81="",E81=""),"",IF(IFERROR(INDEX(Stats!$D:$D,MATCH($C81,Stats!$A:$A,0)),FALSE),ROUND(D81+(E81-D81)*(1+G81)*((6-1)/(MaxLevel-1))^(2^F81),0),D81+(E81-D81)*(1+G81)*((6-1)/(MaxLevel-1))^(2^F81))) | N81: =IF(OR(D81="",E81=""),"",IF(IFERROR(INDEX(Stats!$D:$D,MATCH($C81,Stats!$A:$A,0)),FALSE),ROUND(D81+(E81-D81)*(1+G81)*((7-1)/(MaxLevel-1))^(2^F81),0),D81+(E81-D81)*(1+G81)*((7-1)/(MaxLevel-1))^(2^F81))) | O81: =IF(OR(D81="",E81=""),"",IF(IFERROR(INDEX(Stats!$D:$D,MATCH($C81,Stats!$A:$A,0)),FALSE),ROUND(D81+(E81-D81)*(1+G81)*((8-1)/(MaxLevel-1))^(2^F81),0),D81+(E81-D81)*(1+G81)*((8-1)/(MaxLevel-1))^(2^F81))) | P81: =IF(OR(D81="",E81=""),"",IF(IFERROR(INDEX(Stats!$D:$D,MATCH($C81,Stats!$A:$A,0)),FALSE),ROUND(D81+(E81-D81)*(1+G81)*((9-1)/(MaxLevel-1))^(2^F81),0),D81+(E81-D81)*(1+G81)*((9-1)/(MaxLevel-1))^(2^F81))) | Q81: =IF(OR(D81="",E81=""),"",IF(IFERROR(INDEX(Stats!$D:$D,MATCH($C81,Stats!$A:$A,0)),FALSE),ROUND(D81+(E81-D81)*(1+G81)*((10-1)/(MaxLevel-1))^(2^F81),0),D81+(E81-D81)*(1+G81)*((10-1)/(MaxLevel-1))^(2^F81)))
A82: 01U | B82: T1F | C82: Accuracy | H82: =IF(OR(D82="",E82=""),"",IF(IFERROR(INDEX(Stats!$D:$D,MATCH($C82,Stats!$A:$A,0)),FALSE),ROUND(D82+(E82-D82)*(1+G82)*((1-1)/(MaxLevel-1))^(2^F82),0),D82+(E82-D82)*(1+G82)*((1-1)/(MaxLevel-1))^(2^F82))) | I82: =IF(OR(D82="",E82=""),"",IF(IFERROR(INDEX(Stats!$D:$D,MATCH($C82,Stats!$A:$A,0)),FALSE),ROUND(D82+(E82-D82)*(1+G82)*((2-1)/(MaxLevel-1))^(2^F82),0),D82+(E82-D82)*(1+G82)*((2-1)/(MaxLevel-1))^(2^F82))) | J82: =IF(OR(D82="",E82=""),"",IF(IFERROR(INDEX(Stats!$D:$D,MATCH($C82,Stats!$A:$A,0)),FALSE),ROUND(D82+(E82-D82)*(1+G82)*((3-1)/(MaxLevel-1))^(2^F82),0),D82+(E82-D82)*(1+G82)*((3-1)/(MaxLevel-1))^(2^F82))) | K82: =IF(OR(D82="",E82=""),"",IF(IFERROR(INDEX(Stats!$D:$D,MATCH($C82,Stats!$A:$A,0)),FALSE),ROUND(D82+(E82-D82)*(1+G82)*((4-1)/(MaxLevel-1))^(2^F82),0),D82+(E82-D82)*(1+G82)*((4-1)/(MaxLevel-1))^(2^F82))) | L82: =IF(OR(D82="",E82=""),"",IF(IFERROR(INDEX(Stats!$D:$D,MATCH($C82,Stats!$A:$A,0)),FALSE),ROUND(D82+(E82-D82)*(1+G82)*((5-1)/(MaxLevel-1))^(2^F82),0),D82+(E82-D82)*(1+G82)*((5-1)/(MaxLevel-1))^(2^F82))) | M82: =IF(OR(D82="",E82=""),"",IF(IFERROR(INDEX(Stats!$D:$D,MATCH($C82,Stats!$A:$A,0)),FALSE),ROUND(D82+(E82-D82)*(1+G82)*((6-1)/(MaxLevel-1))^(2^F82),0),D82+(E82-D82)*(1+G82)*((6-1)/(MaxLevel-1))^(2^F82))) | N82: =IF(OR(D82="",E82=""),"",IF(IFERROR(INDEX(Stats!$D:$D,MATCH($C82,Stats!$A:$A,0)),FALSE),ROUND(D82+(E82-D82)*(1+G82)*((7-1)/(MaxLevel-1))^(2^F82),0),D82+(E82-D82)*(1+G82)*((7-1)/(MaxLevel-1))^(2^F82))) | O82: =IF(OR(D82="",E82=""),"",IF(IFERROR(INDEX(Stats!$D:$D,MATCH($C82,Stats!$A:$A,0)),FALSE),ROUND(D82+(E82-D82)*(1+G82)*((8-1)/(MaxLevel-1))^(2^F82),0),D82+(E82-D82)*(1+G82)*((8-1)/(MaxLevel-1))^(2^F82))) | P82: =IF(OR(D82="",E82=""),"",IF(IFERROR(INDEX(Stats!$D:$D,MATCH($C82,Stats!$A:$A,0)),FALSE),ROUND(D82+(E82-D82)*(1+G82)*((9-1)/(MaxLevel-1))^(2^F82),0),D82+(E82-D82)*(1+G82)*((9-1)/(MaxLevel-1))^(2^F82))) | Q82: =IF(OR(D82="",E82=""),"",IF(IFERROR(INDEX(Stats!$D:$D,MATCH($C82,Stats!$A:$A,0)),FALSE),ROUND(D82+(E82-D82)*(1+G82)*((10-1)/(MaxLevel-1))^(2^F82),0),D82+(E82-D82)*(1+G82)*((10-1)/(MaxLevel-1))^(2^F82)))
A83: 01U | B83: T1F | C83: Dexterity | H83: =IF(OR(D83="",E83=""),"",IF(IFERROR(INDEX(Stats!$D:$D,MATCH($C83,Stats!$A:$A,0)),FALSE),ROUND(D83+(E83-D83)*(1+G83)*((1-1)/(MaxLevel-1))^(2^F83),0),D83+(E83-D83)*(1+G83)*((1-1)/(MaxLevel-1))^(2^F83))) | I83: =IF(OR(D83="",E83=""),"",IF(IFERROR(INDEX(Stats!$D:$D,MATCH($C83,Stats!$A:$A,0)),FALSE),ROUND(D83+(E83-D83)*(1+G83)*((2-1)/(MaxLevel-1))^(2^F83),0),D83+(E83-D83)*(1+G83)*((2-1)/(MaxLevel-1))^(2^F83))) | J83: =IF(OR(D83="",E83=""),"",IF(IFERROR(INDEX(Stats!$D:$D,MATCH($C83,Stats!$A:$A,0)),FALSE),ROUND(D83+(E83-D83)*(1+G83)*((3-1)/(MaxLevel-1))^(2^F83),0),D83+(E83-D83)*(1+G83)*((3-1)/(MaxLevel-1))^(2^F83))) | K83: =IF(OR(D83="",E83=""),"",IF(IFERROR(INDEX(Stats!$D:$D,MATCH($C83,Stats!$A:$A,0)),FALSE),ROUND(D83+(E83-D83)*(1+G83)*((4-1)/(MaxLevel-1))^(2^F83),0),D83+(E83-D83)*(1+G83)*((4-1)/(MaxLevel-1))^(2^F83))) | L83: =IF(OR(D83="",E83=""),"",IF(IFERROR(INDEX(Stats!$D:$D,MATCH($C83,Stats!$A:$A,0)),FALSE),ROUND(D83+(E83-D83)*(1+G83)*((5-1)/(MaxLevel-1))^(2^F83),0),D83+(E83-D83)*(1+G83)*((5-1)/(MaxLevel-1))^(2^F83))) | M83: =IF(OR(D83="",E83=""),"",IF(IFERROR(INDEX(Stats!$D:$D,MATCH($C83,Stats!$A:$A,0)),FALSE),ROUND(D83+(E83-D83)*(1+G83)*((6-1)/(MaxLevel-1))^(2^F83),0),D83+(E83-D83)*(1+G83)*((6-1)/(MaxLevel-1))^(2^F83))) | N83: =IF(OR(D83="",E83=""),"",IF(IFERROR(INDEX(Stats!$D:$D,MATCH($C83,Stats!$A:$A,0)),FALSE),ROUND(D83+(E83-D83)*(1+G83)*((7-1)/(MaxLevel-1))^(2^F83),0),D83+(E83-D83)*(1+G83)*((7-1)/(MaxLevel-1))^(2^F83))) | O83: =IF(OR(D83="",E83=""),"",IF(IFERROR(INDEX(Stats!$D:$D,MATCH($C83,Stats!$A:$A,0)),FALSE),ROUND(D83+(E83-D83)*(1+G83)*((8-1)/(MaxLevel-1))^(2^F83),0),D83+(E83-D83)*(1+G83)*((8-1)/(MaxLevel-1))^(2^F83))) | P83: =IF(OR(D83="",E83=""),"",IF(IFERROR(INDEX(Stats!$D:$D,MATCH($C83,Stats!$A:$A,0)),FALSE),ROUND(D83+(E83-D83)*(1+G83)*((9-1)/(MaxLevel-1))^(2^F83),0),D83+(E83-D83)*(1+G83)*((9-1)/(MaxLevel-1))^(2^F83))) | Q83: =IF(OR(D83="",E83=""),"",IF(IFERROR(INDEX(Stats!$D:$D,MATCH($C83,Stats!$A:$A,0)),FALSE),ROUND(D83+(E83-D83)*(1+G83)*((10-1)/(MaxLevel-1))^(2^F83),0),D83+(E83-D83)*(1+G83)*((10-1)/(MaxLevel-1))^(2^F83)))
A84: 01U | B84: T1F | C84: Fortitude | H84: =IF(OR(D84="",E84=""),"",IF(IFERROR(INDEX(Stats!$D:$D,MATCH($C84,Stats!$A:$A,0)),FALSE),ROUND(D84+(E84-D84)*(1+G84)*((1-1)/(MaxLevel-1))^(2^F84),0),D84+(E84-D84)*(1+G84)*((1-1)/(MaxLevel-1))^(2^F84))) | I84: =IF(OR(D84="",E84=""),"",IF(IFERROR(INDEX(Stats!$D:$D,MATCH($C84,Stats!$A:$A,0)),FALSE),ROUND(D84+(E84-D84)*(1+G84)*((2-1)/(MaxLevel-1))^(2^F84),0),D84+(E84-D84)*(1+G84)*((2-1)/(MaxLevel-1))^(2^F84))) | J84: =IF(OR(D84="",E84=""),"",IF(IFERROR(INDEX(Stats!$D:$D,MATCH($C84,Stats!$A:$A,0)),FALSE),ROUND(D84+(E84-D84)*(1+G84)*((3-1)/(MaxLevel-1))^(2^F84),0),D84+(E84-D84)*(1+G84)*((3-1)/(MaxLevel-1))^(2^F84))) | K84: =IF(OR(D84="",E84=""),"",IF(IFERROR(INDEX(Stats!$D:$D,MATCH($C84,Stats!$A:$A,0)),FALSE),ROUND(D84+(E84-D84)*(1+G84)*((4-1)/(MaxLevel-1))^(2^F84),0),D84+(E84-D84)*(1+G84)*((4-1)/(MaxLevel-1))^(2^F84))) | L84: =IF(OR(D84="",E84=""),"",IF(IFERROR(INDEX(Stats!$D:$D,MATCH($C84,Stats!$A:$A,0)),FALSE),ROUND(D84+(E84-D84)*(1+G84)*((5-1)/(MaxLevel-1))^(2^F84),0),D84+(E84-D84)*(1+G84)*((5-1)/(MaxLevel-1))^(2^F84))) | M84: =IF(OR(D84="",E84=""),"",IF(IFERROR(INDEX(Stats!$D:$D,MATCH($C84,Stats!$A:$A,0)),FALSE),ROUND(D84+(E84-D84)*(1+G84)*((6-1)/(MaxLevel-1))^(2^F84),0),D84+(E84-D84)*(1+G84)*((6-1)/(MaxLevel-1))^(2^F84))) | N84: =IF(OR(D84="",E84=""),"",IF(IFERROR(INDEX(Stats!$D:$D,MATCH($C84,Stats!$A:$A,0)),FALSE),ROUND(D84+(E84-D84)*(1+G84)*((7-1)/(MaxLevel-1))^(2^F84),0),D84+(E84-D84)*(1+G84)*((7-1)/(MaxLevel-1))^(2^F84))) | O84: =IF(OR(D84="",E84=""),"",IF(IFERROR(INDEX(Stats!$D:$D,MATCH($C84,Stats!$A:$A,0)),FALSE),ROUND(D84+(E84-D84)*(1+G84)*((8-1)/(MaxLevel-1))^(2^F84),0),D84+(E84-D84)*(1+G84)*((8-1)/(MaxLevel-1))^(2^F84))) | P84: =IF(OR(D84="",E84=""),"",IF(IFERROR(INDEX(Stats!$D:$D,MATCH($C84,Stats!$A:$A,0)),FALSE),ROUND(D84+(E84-D84)*(1+G84)*((9-1)/(MaxLevel-1))^(2^F84),0),D84+(E84-D84)*(1+G84)*((9-1)/(MaxLevel-1))^(2^F84))) | Q84: =IF(OR(D84="",E84=""),"",IF(IFERROR(INDEX(Stats!$D:$D,MATCH($C84,Stats!$A:$A,0)),FALSE),ROUND(D84+(E84-D84)*(1+G84)*((10-1)/(MaxLevel-1))^(2^F84),0),D84+(E84-D84)*(1+G84)*((10-1)/(MaxLevel-1))^(2^F84)))
A85: 01U | B85: T1F | C85: Speed | D85: 1.5 | E85: 2 | F85: -1 | G85: 0 | H85: =IF(OR(D85="",E85=""),"",IF(IFERROR(INDEX(Stats!$D:$D,MATCH($C85,Stats!$A:$A,0)),FALSE),ROUND(D85+(E85-D85)*(1+G85)*((1-1)/(MaxLevel-1))^(2^F85),0),D85+(E85-D85)*(1+G85)*((1-1)/(MaxLevel-1))^(2^F85))) -> 1.5 | I85: =IF(OR(D85="",E85=""),"",IF(IFERROR(INDEX(Stats!$D:$D,MATCH($C85,Stats!$A:$A,0)),FALSE),ROUND(D85+(E85-D85)*(1+G85)*((2-1)/(MaxLevel-1))^(2^F85),0),D85+(E85-D85)*(1+G85)*((2-1)/(MaxLevel-1))^(2^F85))) -> 1.6666667 | J85: =IF(OR(D85="",E85=""),"",IF(IFERROR(INDEX(Stats!$D:$D,MATCH($C85,Stats!$A:$A,0)),FALSE),ROUND(D85+(E85-D85)*(1+G85)*((3-1)/(MaxLevel-1))^(2^F85),0),D85+(E85-D85)*(1+G85)*((3-1)/(MaxLevel-1))^(2^F85))) -> 1.7357023 | K85: =IF(OR(D85="",E85=""),"",IF(IFERROR(INDEX(Stats!$D:$D,MATCH($C85,Stats!$A:$A,0)),FALSE),ROUND(D85+(E85-D85)*(1+G85)*((4-1)/(MaxLevel-1))^(2^F85),0),D85+(E85-D85)*(1+G85)*((4-1)/(MaxLevel-1))^(2^F85))) -> 1.7886751 | L85: =IF(OR(D85="",E85=""),"",IF(IFERROR(INDEX(Stats!$D:$D,MATCH($C85,Stats!$A:$A,0)),FALSE),ROUND(D85+(E85-D85)*(1+G85)*((5-1)/(MaxLevel-1))^(2^F85),0),D85+(E85-D85)*(1+G85)*((5-1)/(MaxLevel-1))^(2^F85))) -> 1.8333333 | M85: =IF(OR(D85="",E85=""),"",IF(IFERROR(INDEX(Stats!$D:$D,MATCH($C85,Stats!$A:$A,0)),FALSE),ROUND(D85+(E85-D85)*(1+G85)*((6-1)/(MaxLevel-1))^(2^F85),0),D85+(E85-D85)*(1+G85)*((6-1)/(MaxLevel-1))^(2^F85))) -> 1.872678 | N85: =IF(OR(D85="",E85=""),"",IF(IFERROR(INDEX(Stats!$D:$D,MATCH($C85,Stats!$A:$A,0)),FALSE),ROUND(D85+(E85-D85)*(1+G85)*((7-1)/(MaxLevel-1))^(2^F85),0),D85+(E85-D85)*(1+G85)*((7-1)/(MaxLevel-1))^(2^F85))) -> 1.9082483 | O85: =IF(OR(D85="",E85=""),"",IF(IFERROR(INDEX(Stats!$D:$D,MATCH($C85,Stats!$A:$A,0)),FALSE),ROUND(D85+(E85-D85)*(1+G85)*((8-1)/(MaxLevel-1))^(2^F85),0),D85+(E85-D85)*(1+G85)*((8-1)/(MaxLevel-1))^(2^F85))) -> 1.9409586 | P85: =IF(OR(D85="",E85=""),"",IF(IFERROR(INDEX(Stats!$D:$D,MATCH($C85,Stats!$A:$A,0)),FALSE),ROUND(D85+(E85-D85)*(1+G85)*((9-1)/(MaxLevel-1))^(2^F85),0),D85+(E85-D85)*(1+G85)*((9-1)/(MaxLevel-1))^(2^F85))) -> 1.9714045 | Q85: =IF(OR(D85="",E85=""),"",IF(IFERROR(INDEX(Stats!$D:$D,MATCH($C85,Stats!$A:$A,0)),FALSE),ROUND(D85+(E85-D85)*(1+G85)*((10-1)/(MaxLevel-1))^(2^F85),0),D85+(E85-D85)*(1+G85)*((10-1)/(MaxLevel-1))^(2^F85))) -> 2
A86: 01U | B86: T1F | C86: Magic | D86: 20 | E86: 100 | F86: 1 | G86: 0.1 | H86: =IF(OR(D86="",E86=""),"",IF(IFERROR(INDEX(Stats!$D:$D,MATCH($C86,Stats!$A:$A,0)),FALSE),ROUND(D86+(E86-D86)*(1+G86)*((1-1)/(MaxLevel-1))^(2^F86),0),D86+(E86-D86)*(1+G86)*((1-1)/(MaxLevel-1))^(2^F86))) -> 20 | I86: =IF(OR(D86="",E86=""),"",IF(IFERROR(INDEX(Stats!$D:$D,MATCH($C86,Stats!$A:$A,0)),FALSE),ROUND(D86+(E86-D86)*(1+G86)*((2-1)/(MaxLevel-1))^(2^F86),0),D86+(E86-D86)*(1+G86)*((2-1)/(MaxLevel-1))^(2^F86))) -> 21 | J86: =IF(OR(D86="",E86=""),"",IF(IFERROR(INDEX(Stats!$D:$D,MATCH($C86,Stats!$A:$A,0)),FALSE),ROUND(D86+(E86-D86)*(1+G86)*((3-1)/(MaxLevel-1))^(2^F86),0),D86+(E86-D86)*(1+G86)*((3-1)/(MaxLevel-1))^(2^F86))) -> 24 | K86: =IF(OR(D86="",E86=""),"",IF(IFERROR(INDEX(Stats!$D:$D,MATCH($C86,Stats!$A:$A,0)),FALSE),ROUND(D86+(E86-D86)*(1+G86)*((4-1)/(MaxLevel-1))^(2^F86),0),D86+(E86-D86)*(1+G86)*((4-1)/(MaxLevel-1))^(2^F86))) -> 30 | L86: =IF(OR(D86="",E86=""),"",IF(IFERROR(INDEX(Stats!$D:$D,MATCH($C86,Stats!$A:$A,0)),FALSE),ROUND(D86+(E86-D86)*(1+G86)*((5-1)/(MaxLevel-1))^(2^F86),0),D86+(E86-D86)*(1+G86)*((5-1)/(MaxLevel-1))^(2^F86))) -> 37 | M86: =IF(OR(D86="",E86=""),"",IF(IFERROR(INDEX(Stats!$D:$D,MATCH($C86,Stats!$A:$A,0)),FALSE),ROUND(D86+(E86-D86)*(1+G86)*((6-1)/(MaxLevel-1))^(2^F86),0),D86+(E86-D86)*(1+G86)*((6-1)/(MaxLevel-1))^(2^F86))) -> 47 | N86: =IF(OR(D86="",E86=""),"",IF(IFERROR(INDEX(Stats!$D:$D,MATCH($C86,Stats!$A:$A,0)),FALSE),ROUND(D86+(E86-D86)*(1+G86)*((7-1)/(MaxLevel-1))^(2^F86),0),D86+(E86-D86)*(1+G86)*((7-1)/(MaxLevel-1))^(2^F86))) -> 59 | O86: =IF(OR(D86="",E86=""),"",IF(IFERROR(INDEX(Stats!$D:$D,MATCH($C86,Stats!$A:$A,0)),FALSE),ROUND(D86+(E86-D86)*(1+G86)*((8-1)/(MaxLevel-1))^(2^F86),0),D86+(E86-D86)*(1+G86)*((8-1)/(MaxLevel-1))^(2^F86))) -> 73 | P86: =IF(OR(D86="",E86=""),"",IF(IFERROR(INDEX(Stats!$D:$D,MATCH($C86,Stats!$A:$A,0)),FALSE),ROUND(D86+(E86-D86)*(1+G86)*((9-1)/(MaxLevel-1))^(2^F86),0),D86+(E86-D86)*(1+G86)*((9-1)/(MaxLevel-1))^(2^F86))) -> 90 | Q86: =IF(OR(D86="",E86=""),"",IF(IFERROR(INDEX(Stats!$D:$D,MATCH($C86,Stats!$A:$A,0)),FALSE),ROUND(D86+(E86-D86)*(1+G86)*((10-1)/(MaxLevel-1))^(2^F86),0),D86+(E86-D86)*(1+G86)*((10-1)/(MaxLevel-1))^(2^F86))) -> 108
A87: 01U | B87: T1F | C87: Resistance | H87: =IF(OR(D87="",E87=""),"",IF(IFERROR(INDEX(Stats!$D:$D,MATCH($C87,Stats!$A:$A,0)),FALSE),ROUND(D87+(E87-D87)*(1+G87)*((1-1)/(MaxLevel-1))^(2^F87),0),D87+(E87-D87)*(1+G87)*((1-1)/(MaxLevel-1))^(2^F87))) | I87: =IF(OR(D87="",E87=""),"",IF(IFERROR(INDEX(Stats!$D:$D,MATCH($C87,Stats!$A:$A,0)),FALSE),ROUND(D87+(E87-D87)*(1+G87)*((2-1)/(MaxLevel-1))^(2^F87),0),D87+(E87-D87)*(1+G87)*((2-1)/(MaxLevel-1))^(2^F87))) | J87: =IF(OR(D87="",E87=""),"",IF(IFERROR(INDEX(Stats!$D:$D,MATCH($C87,Stats!$A:$A,0)),FALSE),ROUND(D87+(E87-D87)*(1+G87)*((3-1)/(MaxLevel-1))^(2^F87),0),D87+(E87-D87)*(1+G87)*((3-1)/(MaxLevel-1))^(2^F87))) | K87: =IF(OR(D87="",E87=""),"",IF(IFERROR(INDEX(Stats!$D:$D,MATCH($C87,Stats!$A:$A,0)),FALSE),ROUND(D87+(E87-D87)*(1+G87)*((4-1)/(MaxLevel-1))^(2^F87),0),D87+(E87-D87)*(1+G87)*((4-1)/(MaxLevel-1))^(2^F87))) | L87: =IF(OR(D87="",E87=""),"",IF(IFERROR(INDEX(Stats!$D:$D,MATCH($C87,Stats!$A:$A,0)),FALSE),ROUND(D87+(E87-D87)*(1+G87)*((5-1)/(MaxLevel-1))^(2^F87),0),D87+(E87-D87)*(1+G87)*((5-1)/(MaxLevel-1))^(2^F87))) | M87: =IF(OR(D87="",E87=""),"",IF(IFERROR(INDEX(Stats!$D:$D,MATCH($C87,Stats!$A:$A,0)),FALSE),ROUND(D87+(E87-D87)*(1+G87)*((6-1)/(MaxLevel-1))^(2^F87),0),D87+(E87-D87)*(1+G87)*((6-1)/(MaxLevel-1))^(2^F87))) | N87: =IF(OR(D87="",E87=""),"",IF(IFERROR(INDEX(Stats!$D:$D,MATCH($C87,Stats!$A:$A,0)),FALSE),ROUND(D87+(E87-D87)*(1+G87)*((7-1)/(MaxLevel-1))^(2^F87),0),D87+(E87-D87)*(1+G87)*((7-1)/(MaxLevel-1))^(2^F87))) | O87: =IF(OR(D87="",E87=""),"",IF(IFERROR(INDEX(Stats!$D:$D,MATCH($C87,Stats!$A:$A,0)),FALSE),ROUND(D87+(E87-D87)*(1+G87)*((8-1)/(MaxLevel-1))^(2^F87),0),D87+(E87-D87)*(1+G87)*((8-1)/(MaxLevel-1))^(2^F87))) | P87: =IF(OR(D87="",E87=""),"",IF(IFERROR(INDEX(Stats!$D:$D,MATCH($C87,Stats!$A:$A,0)),FALSE),ROUND(D87+(E87-D87)*(1+G87)*((9-1)/(MaxLevel-1))^(2^F87),0),D87+(E87-D87)*(1+G87)*((9-1)/(MaxLevel-1))^(2^F87))) | Q87: =IF(OR(D87="",E87=""),"",IF(IFERROR(INDEX(Stats!$D:$D,MATCH($C87,Stats!$A:$A,0)),FALSE),ROUND(D87+(E87-D87)*(1+G87)*((10-1)/(MaxLevel-1))^(2^F87),0),D87+(E87-D87)*(1+G87)*((10-1)/(MaxLevel-1))^(2^F87)))
