Workbook
Name MaxLevel: LevelFormula!$B$20

Sheet ReadMe
A1: Minion data
A3: Values here are placeholders to show the format, not balance suggestions.
A4: In Unity: Sunder > Import Minion Data reads this file (save it first) and creates/updates every minion, ability and faction roster. The Console lists any problems by sheet and row.
A5: Rows on a _Data sheet with no Display Name are skipped, so placeholder rows are fine.
A6: The Worker row (W) is the faction's imp. Imps read Health (max health), Strength (dig damage per second) and SkillBuild (claim/reinforce speed, 1 = normal) at their level; any of these left off the _Levels sheet keeps the imp prefab's own value.
A7: Header cells have comments (hover) explaining each column.
A9: Sheets
A10: Stats – master list of levelled stats: default value and whether it is a whole number. Adding a stat starts here.
A11: DamageTypes – master list of damage types. Column names in *_Data sheets (Dmg_<ID>) must match these IDs.
A12: Abilities – one row per ability. Minion AbilityN columns hold an AbilityID from here.
A13: 01U_Data – revised per-minion columns: Movement, per-damage-type multipliers, summon prerequisites.
A14: 01U_Levels – per-stat Min (level 1), Max (level 10), Curve and Skew. Grey L1–L10 columns are a live preview only; the game ignores them.
... A23: • Sheets are found by suffix (_Data, _Levels, _Relations) so per-faction pairs work fine.

Sheet Stats
A1: StatID | B1: Description | C1: Default | D1: WholeNumber
A2: Experience | B2: Total experience needed to be this level | C2: 0 | D2: TRUE
A3: Salary | B3: Gold cost to sustain this unit each payday | C3: 0 | D3: TRUE
A4: Health | B4: Total health of minion | C4: 1 | D4: TRUE
A5: Strength | B5: Damage done with physical effects | C5: 0 | D5: TRUE
A6: Accuracy | B6: Chance for attack to land on enemy | C6: 0 | D6: FALSE
A7: Dexterity | B7: Chance to dodge an attack | C7: 0 | D7: FALSE
A8: Fortitude | B8: Lessens damage from physical effects (melee and ranged) | C8: 0 | D8: TRUE
A9: Speed | B9: Movement and attack speed | C9: 1 | D9: FALSE
A10: Magic | B10: Damage done with magical effects | C10: 0 | D10: TRUE
A11: Resistance | B11: Lessens damage from magical effects (melee and ranged) | C11: 0 | D11: TRUE
A12: Luck | B12: Modifies all things a small amount | C12: 0 | D12: FALSE
A13: Weight | B13: Minion weight | C13: 0 | D13: FALSE
... A20: Anger | B20: Likelihood of getting angry | C20: 0 | D20: FALSE

Sheet LevelFormula
A1: Level stat formula
A3: t = (Level − 1) / (MaxLevel − 1) progress from 0 at level 1 to 1 at MaxLevel
A4: shaped = t ^ (2 ^ Curve) Curve bends the line; the ends stay fixed
A5: Value = Min + (Max − Min) × (1 + Skew) × shaped
A7: Curve (blank = 0)
A8: 0 → straight line: equal gain every level.
A9: > 0 → back-loaded: small gains early, big gains late. Curve 1 = t², Curve 2 = t⁴.
A10: < 0 → front-loaded: big gains early, levelling off late. Curve −1 = √t, Curve −2 = t^0.25.
A11: Level 1 is always Min and level 10 is always Max (before Skew), whatever the Curve.
A13: Skew (blank = 0)
A14: Scales the whole growth (Max − Min) without touching the level-1 value, i.e. it adjusts the slope.
A15: 0 → reaches Max exactly. 0.1 → 10% more growth (level 10 = Min + 1.1 × (Max − Min)). −0.2 → 20% less growth.
... A18: Rounding: stats marked WholeNumber on the Stats sheet are rounded, both in game and in the _Levels preview columns. The calculator below is unrounded.
A20: MaxLevel | B20: 10
A22: Calculator – edit the yellow cells
A23: Min (level 1) | B23: 100
A24: Max (level 10) | B24: 500
A25: Curve | B25: 1
A26: Skew | B26: 0
A28: Level | B28: 1 | C28: 2 | D28: 3 | E28: 4 | F28: 5 | G28: 6 | H28: 7 | I28: 8 | J28: 9 | K28: 10
A29: Linear (Curve 0, Skew 0) | B29: =$B$23+($B$24-$B$23)*((B28-1)/(MaxLevel-1)) | C29: =$B$23+($B$24-$B$23)*((C28-1)/(MaxLevel-1)) | D29: =$B$23+($B$24-$B$23)*((D28-1)/(MaxLevel-1)) | E29: =$B$23+($B$24-$B$23)*((E28-1)/(MaxLevel-1)) | F29: =$B$23+($B$24-$B$23)*((F28-1)/(MaxLevel-1)) | G29: =$B$23+($B$24-$B$23)*((G28-1)/(MaxLevel-1)) | H29: =$B$23+($B$24-$B$23)*((H28-1)/(MaxLevel-1)) | I29: =$B$23+($B$24-$B$23)*((I28-1)/(MaxLevel-1)) | ... K29: =$B$23+($B$24-$B$23)*((K28-1)/(MaxLevel-1))
A30: Result | B30: =$B$23+($B$24-$B$23)*(1+$B$26)*((B28-1)/(MaxLevel-1))^(2^$B$25) | C30: =$B$23+($B$24-$B$23)*(1+$B$26)*((C28-1)/(MaxLevel-1))^(2^$B$25) | D30: =$B$23+($B$24-$B$23)*(1+$B$26)*((D28-1)/(MaxLevel-1))^(2^$B$25) | E30: =$B$23+($B$24-$B$23)*(1+$B$26)*((E28-1)/(MaxLevel-1))^(2^$B$25) | F30: =$B$23+($B$24-$B$23)*(1+$B$26)*((F28-1)/(MaxLevel-1))^(2^$B$25) | G30: =$B$23+($B$24-$B$23)*(1+$B$26)*((G28-1)/(MaxLevel-1))^(2^$B$25) | H30: =$B$23+($B$24-$B$23)*(1+$B$26)*((H28-1)/(MaxLevel-1))^(2^$B$25) | I30: =$B$23+($B$24-$B$23)*(1+$B$26)*((I28-1)/(MaxLevel-1))^(2^$B$25) | ... K30: =$B$23+($B$24-$B$23)*(1+$B$26)*((K28-1)/(MaxLevel-1))^(2^$B$25)
A48: Curve shapes (fraction of growth reached, Skew 0)
A49: Curve \ Level | B49: 1 | C49: 2 | D49: 3 | E49: 4 | F49: 5 | G49: 6 | H49: 7 | I49: 8 | J49: 9 | K49: 10
A50: -2 | B50: =((B49-1)/(MaxLevel-1))^(2^$A50) | C50: =((C49-1)/(MaxLevel-1))^(2^$A50) | D50: =((D49-1)/(MaxLevel-1))^(2^$A50) | E50: =((E49-1)/(MaxLevel-1))^(2^$A50) | F50: =((F49-1)/(MaxLevel-1))^(2^$A50) | G50: =((G49-1)/(MaxLevel-1))^(2^$A50) | H50: =((H49-1)/(MaxLevel-1))^(2^$A50) | I50: =((I49-1)/(MaxLevel-1))^(2^$A50) | ... K50: =((K49-1)/(MaxLevel-1))^(2^$A50)
A51: -1 | B51: =((B49-1)/(MaxLevel-1))^(2^$A51) | C51: =((C49-1)/(MaxLevel-1))^(2^$A51) | D51: =((D49-1)/(MaxLevel-1))^(2^$A51) | E51: =((E49-1)/(MaxLevel-1))^(2^$A51) | F51: =((F49-1)/(MaxLevel-1))^(2^$A51) | G51: =((G49-1)/(MaxLevel-1))^(2^$A51) | H51: =((H49-1)/(MaxLevel-1))^(2^$A51) | I51: =((I49-1)/(MaxLevel-1))^(2^$A51) | ... K51: =((K49-1)/(MaxLevel-1))^(2^$A51)
A52: -0.5 | B52: =((B49-1)/(MaxLevel-1))^(2^$A52) | C52: =((C49-1)/(MaxLevel-1))^(2^$A52) | D52: =((D49-1)/(MaxLevel-1))^(2^$A52) | E52: =((E49-1)/(MaxLevel-1))^(2^$A52) | F52: =((F49-1)/(MaxLevel-1))^(2^$A52) | G52: =((G49-1)/(MaxLevel-1))^(2^$A52) | H52: =((H49-1)/(MaxLevel-1))^(2^$A52) | I52: =((I49-1)/(MaxLevel-1))^(2^$A52) | ... K52: =((K49-1)/(MaxLevel-1))^(2^$A52)
A53: 0 | B53: =((B49-1)/(MaxLevel-1))^(2^$A53) | C53: =((C49-1)/(MaxLevel-1))^(2^$A53) | D53: =((D49-1)/(MaxLevel-1))^(2^$A53) | E53: =((E49-1)/(MaxLevel-1))^(2^$A53) | F53: =((F49-1)/(MaxLevel-1))^(2^$A53) | G53: =((G49-1)/(MaxLevel-1))^(2^$A53) | H53: =((H49-1)/(MaxLevel-1))^(2^$A53) | I53: =((I49-1)/(MaxLevel-1))^(2^$A53) | ... K53: =((K49-1)/(MaxLevel-1))^(2^$A53)
A54: 0.5 | B54: =((B49-1)/(MaxLevel-1))^(2^$A54) | C54: =((C49-1)/(MaxLevel-1))^(2^$A54) | D54: =((D49-1)/(MaxLevel-1))^(2^$A54) | E54: =((E49-1)/(MaxLevel-1))^(2^$A54) | F54: =((F49-1)/(MaxLevel-1))^(2^$A54) | G54: =((G49-1)/(MaxLevel-1))^(2^$A54) | H54: =((H49-1)/(MaxLevel-1))^(2^$A54) | I54: =((I49-1)/(MaxLevel-1))^(2^$A54) | ... K54: =((K49-1)/(MaxLevel-1))^(2^$A54)
A55: 1 | B55: =((B49-1)/(MaxLevel-1))^(2^$A55) | C55: =((C49-1)/(MaxLevel-1))^(2^$A55) | D55: =((D49-1)/(MaxLevel-1))^(2^$A55) | E55: =((E49-1)/(MaxLevel-1))^(2^$A55) | F55: =((F49-1)/(MaxLevel-1))^(2^$A55) | G55: =((G49-1)/(MaxLevel-1))^(2^$A55) | H55: =((H49-1)/(MaxLevel-1))^(2^$A55) | I55: =((I49-1)/(MaxLevel-1))^(2^$A55) | ... K55: =((K49-1)/(MaxLevel-1))^(2^$A55)
A56: 2 | B56: =((B49-1)/(MaxLevel-1))^(2^$A56) | C56: =((C49-1)/(MaxLevel-1))^(2^$A56) | D56: =((D49-1)/(MaxLevel-1))^(2^$A56) | E56: =((E49-1)/(MaxLevel-1))^(2^$A56) | F56: =((F49-1)/(MaxLevel-1))^(2^$A56) | G56: =((G49-1)/(MaxLevel-1))^(2^$A56) | H56: =((H49-1)/(MaxLevel-1))^(2^$A56) | I56: =((I49-1)/(MaxLevel-1))^(2^$A56) | ... K56: =((K49-1)/(MaxLevel-1))^(2^$A56)

Sheet DamageTypes
A1: DamageTypeID | B1: DisplayName | C1: Category | D1: Description
A2: Slash | B2: Slashing | C2: Physical | D2: Blades, claws
A3: Pierce | B3: Piercing | C3: Physical | D3: Arrows, spears, bites
A4: Blunt | B4: Blunt | C4: Physical | D4: Clubs, fists, crushing
A5: Fire | B5: Fire | C5: Magical | D5: Placeholder – replace with your own list
A6: Cold | B6: Cold | C6: Magical
A7: Lightning | B7: Lightning | C7: Magical
A8: Poison | B8: Poison | C8: Magical
A9: Holy | B9: Holy | C9: Magical
A10: Unholy | B10: Unholy | C10: Magical

Sheet Abilities
A1: AbilityID | B1: DisplayName | C1: Description | D1: Kind | E1: Targeting | F1: Delivery | G1: DamageType | H1: BasePower | I1: ScalingStat | J1: ScalingFactor | K1: Range | L1: AreaRadius | M1: Cooldown | N1: CastTime | O1: StatusEffect | P1: StatusChance | Q1: StatusDuration | R1: StatusMagnitude
A2: A_Strike | B2: Strike | C2: A basic melee blow. | D2: Attack | E2: SingleEnemy | F2: Melee | G2: Slash | H2: 5 | I2: Strength | J2: 1 | K2: 1 | L2: 0 | M2: 1.5 | N2: 0
A3: A_Arrow | B3: Arrow Volley | C3: Looses a flight of arrows at one foe. | D3: Attack | E3: SingleEnemy | F3: Ranged | G3: Pierce | H3: 3 | I3: Strength | J3: 0.8 | K3: 6 | L3: 0 | M3: 2 | N3: 0.3
A4: A_Fireball | B4: Fireball | C4: Hurls fire that bursts on impact, setting targets alight. | D4: Attack | E4: AreaEnemy | F4: Magic | G4: Fire | H4: 8 | I4: Magic | J4: 1.2 | K4: 5 | L4: 1.5 | M4: 6 | N4: 0.8 | O4: Burn | P4: 0.5 | Q4: 3 | R4: 2
A5: A_Stoneskin | B5: Stoneskin | C5: Hardens the minion's hide, absorbing damage. | D5: Defence | E5: Self | F5: Magic | H5: 10 | I5: Fortitude | J5: 0.5 | K5: 0 | L5: 0 | M5: 20 | N5: 0.5 | O5: Shield | P5: 1 | Q5: 8 | R5: 15
A6: A_Howl | B6: Terrible Howl | C6: Nearby enemies may flee in fear. | D6: Debuff | E6: AreaEnemy | F6: Magic | G6: Unholy | H6: 0 | I6: Magic | J6: 0 | K6: 0 | L6: 3 | M6: 15 | N6: 0.5 | O6: Fear | P6: 0.4 | Q6: 3

Sheet 01U_Data
A1: FactionID | B1: MinionID | C1: Display Name | D1: Stance | E1: Movement | F1: Dmg_Slash | G1: Dmg_Pierce | H1: Dmg_Blunt | I1: Dmg_Fire | J1: Dmg_Cold | K1: Dmg_Lightning | L1: Dmg_Poison | M1: Dmg_Holy | N1: Dmg_Unholy | O1: ResearchPreference | P1: TrainPreference | Q1: BuildPreference | R1: PrayPreference | S1: TorturePreference | T1: Gain1 | U1: Ability1 | V1: Gain2 | W1: Ability2 | X1: Gain3 | Y1: Ability3 | Z1: Gain4 | AA1: Ability4 | AB1: Gain5 | AC1: Ability5 | AD1: Summonable | AE1: WorkerJobs | AF1: SummonWeight | AG1: PopulationCost | AH1: RequiredRooms | AI1: MinRoomTiles | AJ1: RequiredResearch
A2: 01U | B2: C1 | C2: Thanatos | D2: Commander | E2: LandOnly | M2: 2 | N2: 0.5 | O2: 0.2 | P2: 0.6 | Q2: 0.1 | R2: 0.1 | S2: 0 | T2: 1 | U2: A_Strike | V2: 4 | W2: A_Howl | AD2: FALSE
A3: 01U | B3: T1M | C3: Stymphalian Bird | D3: Mage | E3: Flying | G3: 2 | I3: 0.5 | K3: 2 | O3: 0.6 | P3: 0.2 | Q3: 0 | R3: 0.1 | S3: 0.1 | T3: 1 | U3: A_Arrow | V3: 5 | W3: A_Fireball | AD3: TRUE | AF3: 1 | AG3: 1 | AH3: RoomA | AI3: 9
A4: 01U | B4: T2F | C4: Minotaur | D4: Fighter | E4: LandOnly | F4: 0.5 | G4: 0.5 | H4: 1.5 | O4: 0 | P4: 0.7 | Q4: 0.2 | R4: 0 | S4: 0.1 | T4: 1 | U4: A_Strike | V4: 3 | W4: A_Stoneskin | AD4: TRUE | AE4: TRUE | AF4: 0.6 | AG4: 2 | AH4: RoomA;RoomB | AI4: 9;4 | AJ4: Labyrinths
A5: 01U | B5: W | C5: Eidolon | D5: Worker | E5: LandOnly | O5: 0 | P5: 0 | Q5: 1 | R5: 0 | S5: 0

Sheet 01U_Levels
A1: FactionID | B1: MinionID | C1: Stat | D1: Min | E1: Max | F1: Curve | G1: Skew | H1: L1 | I1: L2 | J1: L3 | K1: L4 | L1: L5 | M1: L6 | N1: L7 | O1: L8 | P1: L9 | Q1: L10
A2: 01U | B2: C1 | C2: Experience | D2: 0 | E2: 20000 | F2: 1 | G2: 0 | H2: =IF(OR(D2="",E2=""),"",IF(IFERROR(INDEX(Stats!$D:$D,MATCH($C2,Stats!$A:$A,0)),FALSE),ROUND(D2+(E2-D2)*(1+G2)*((1-1)/(MaxLevel-1))^(2^F2),0),D2+(E2-D2)*(1+G2)*((1-1)/(MaxLevel-1))^(2^F2))) | I2: =IF(OR(D2="",E2=""),"",IF(IFERROR(INDEX(Stats!$D:$D,MATCH($C2,Stats!$A:$A,0)),FALSE),ROUND(D2+(E2-D2)*(1+G2)*((2-1)/(MaxLevel-1))^(2^F2),0),D2+(E2-D2)*(1+G2)*((2-1)/(MaxLevel-1))^(2^F2))) | J2: =IF(OR(D2="",E2=""),"",IF(IFERROR(INDEX(Stats!$D:$D,MATCH($C2,Stats!$A:$A,0)),FALSE),ROUND(D2+(E2-D2)*(1+G2)*((3-1)/(MaxLevel-1))^(2^F2),0),D2+(E2-D2)*(1+G2)*((3-1)/(MaxLevel-1))^(2^F2))) | K2: =IF(OR(D2="",E2=""),"",IF(IFERROR(INDEX(Stats!$D:$D,MATCH($C2,Stats!$A:$A,0)),FALSE),ROUND(D2+(E2-D2)*(1+G2)*((4-1)/(MaxLevel-1))^(2^F2),0),D2+(E2-D2)*(1+G2)*((4-1)/(MaxLevel-1))^(2^F2))) | L2: =IF(OR(D2="",E2=""),"",IF(IFERROR(INDEX(Stats!$D:$D,MATCH($C2,Stats!$A:$A,0)),FALSE),ROUND(D2+(E2-D2)*(1+G2)*((5-1)/(MaxLevel-1))^(2^F2),0),D2+(E2-D2)*(1+G2)*((5-1)/(MaxLevel-1))^(2^F2))) | M2: =IF(OR(D2="",E2=""),"",IF(IFERROR(INDEX(Stats!$D:$D,MATCH($C2,Stats!$A:$A,0)),FALSE),ROUND(D2+(E2-D2)*(1+G2)*((6-1)/(MaxLevel-1))^(2^F2),0),D2+(E2-D2)*(1+G2)*((6-1)/(MaxLevel-1))^(2^F2))) | N2: =IF(OR(D2="",E2=""),"",IF(IFERROR(INDEX(Stats!$D:$D,MATCH($C2,Stats!$A:$A,0)),FALSE),ROUND(D2+(E2-D2)*(1+G2)*((7-1)/(MaxLevel-1))^(2^F2),0),D2+(E2-D2)*(1+G2)*((7-1)/(MaxLevel-1))^(2^F2))) | O2: =IF(OR(D2="",E2=""),"",IF(IFERROR(INDEX(Stats!$D:$D,MATCH($C2,Stats!$A:$A,0)),FALSE),ROUND(D2+(E2-D2)*(1+G2)*((8-1)/(MaxLevel-1))^(2^F2),0),D2+(E2-D2)*(1+G2)*((8-1)/(MaxLevel-1))^(2^F2))) | P2: =IF(OR(D2="",E2=""),"",IF(IFERROR(INDEX(Stats!$D:$D,MATCH($C2,Stats!$A:$A,0)),FALSE),ROUND(D2+(E2-D2)*(1+G2)*((9-1)/(MaxLevel-1))^(2^F2),0),D2+(E2-D2)*(1+G2)*((9-1)/(MaxLevel-1))^(2^F2))) | Q2: =IF(OR(D2="",E2=""),"",IF(IFERROR(INDEX(Stats!$D:$D,MATCH($C2,Stats!$A:$A,0)),FALSE),ROUND(D2+(E2-D2)*(1+G2)*((10-1)/(MaxLevel-1))^(2^F2),0),D2+(E2-D2)*(1+G2)*((10-1)/(MaxLevel-1))^(2^F2)))
A3: 01U | B3: C1 | C3: Salary | D3: 50 | E3: 300 | F3: 0 | G3: 0 | H3: =IF(OR(D3="",E3=""),"",IF(IFERROR(INDEX(Stats!$D:$D,MATCH($C3,Stats!$A:$A,0)),FALSE),ROUND(D3+(E3-D3)*(1+G3)*((1-1)/(MaxLevel-1))^(2^F3),0),D3+(E3-D3)*(1+G3)*((1-1)/(MaxLevel-1))^(2^F3))) | I3: =IF(OR(D3="",E3=""),"",IF(IFERROR(INDEX(Stats!$D:$D,MATCH($C3,Stats!$A:$A,0)),FALSE),ROUND(D3+(E3-D3)*(1+G3)*((2-1)/(MaxLevel-1))^(2^F3),0),D3+(E3-D3)*(1+G3)*((2-1)/(MaxLevel-1))^(2^F3))) | J3: =IF(OR(D3="",E3=""),"",IF(IFERROR(INDEX(Stats!$D:$D,MATCH($C3,Stats!$A:$A,0)),FALSE),ROUND(D3+(E3-D3)*(1+G3)*((3-1)/(MaxLevel-1))^(2^F3),0),D3+(E3-D3)*(1+G3)*((3-1)/(MaxLevel-1))^(2^F3))) | K3: =IF(OR(D3="",E3=""),"",IF(IFERROR(INDEX(Stats!$D:$D,MATCH($C3,Stats!$A:$A,0)),FALSE),ROUND(D3+(E3-D3)*(1+G3)*((4-1)/(MaxLevel-1))^(2^F3),0),D3+(E3-D3)*(1+G3)*((4-1)/(MaxLevel-1))^(2^F3))) | L3: =IF(OR(D3="",E3=""),"",IF(IFERROR(INDEX(Stats!$D:$D,MATCH($C3,Stats!$A:$A,0)),FALSE),ROUND(D3+(E3-D3)*(1+G3)*((5-1)/(MaxLevel-1))^(2^F3),0),D3+(E3-D3)*(1+G3)*((5-1)/(MaxLevel-1))^(2^F3))) | M3: =IF(OR(D3="",E3=""),"",IF(IFERROR(INDEX(Stats!$D:$D,MATCH($C3,Stats!$A:$A,0)),FALSE),ROUND(D3+(E3-D3)*(1+G3)*((6-1)/(MaxLevel-1))^(2^F3),0),D3+(E3-D3)*(1+G3)*((6-1)/(MaxLevel-1))^(2^F3))) | N3: =IF(OR(D3="",E3=""),"",IF(IFERROR(INDEX(Stats!$D:$D,MATCH($C3,Stats!$A:$A,0)),FALSE),ROUND(D3+(E3-D3)*(1+G3)*((7-1)/(MaxLevel-1))^(2^F3),0),D3+(E3-D3)*(1+G3)*((7-1)/(MaxLevel-1))^(2^F3))) | O3: =IF(OR(D3="",E3=""),"",IF(IFERROR(INDEX(Stats!$D:$D,MATCH($C3,Stats!$A:$A,0)),FALSE),ROUND(D3+(E3-D3)*(1+G3)*((8-1)/(MaxLevel-1))^(2^F3),0),D3+(E3-D3)*(1+G3)*((8-1)/(MaxLevel-1))^(2^F3))) | P3: =IF(OR(D3="",E3=""),"",IF(IFERROR(INDEX(Stats!$D:$D,MATCH($C3,Stats!$A:$A,0)),FALSE),ROUND(D3+(E3-D3)*(1+G3)*((9-1)/(MaxLevel-1))^(2^F3),0),D3+(E3-D3)*(1+G3)*((9-1)/(MaxLevel-1))^(2^F3))) | Q3: =IF(OR(D3="",E3=""),"",IF(IFERROR(INDEX(Stats!$D:$D,MATCH($C3,Stats!$A:$A,0)),FALSE),ROUND(D3+(E3-D3)*(1+G3)*((10-1)/(MaxLevel-1))^(2^F3),0),D3+(E3-D3)*(1+G3)*((10-1)/(MaxLevel-1))^(2^F3)))
A4: 01U | B4: C1 | C4: Health | D4: 400 | E4: 1600 | F4: 0 | G4: 0 | H4: =IF(OR(D4="",E4=""),"",IF(IFERROR(INDEX(Stats!$D:$D,MATCH($C4,Stats!$A:$A,0)),FALSE),ROUND(D4+(E4-D4)*(1+G4)*((1-1)/(MaxLevel-1))^(2^F4),0),D4+(E4-D4)*(1+G4)*((1-1)/(MaxLevel-1))^(2^F4))) | I4: =IF(OR(D4="",E4=""),"",IF(IFERROR(INDEX(Stats!$D:$D,MATCH($C4,Stats!$A:$A,0)),FALSE),ROUND(D4+(E4-D4)*(1+G4)*((2-1)/(MaxLevel-1))^(2^F4),0),D4+(E4-D4)*(1+G4)*((2-1)/(MaxLevel-1))^(2^F4))) | J4: =IF(OR(D4="",E4=""),"",IF(IFERROR(INDEX(Stats!$D:$D,MATCH($C4,Stats!$A:$A,0)),FALSE),ROUND(D4+(E4-D4)*(1+G4)*((3-1)/(MaxLevel-1))^(2^F4),0),D4+(E4-D4)*(1+G4)*((3-1)/(MaxLevel-1))^(2^F4))) | K4: =IF(OR(D4="",E4=""),"",IF(IFERROR(INDEX(Stats!$D:$D,MATCH($C4,Stats!$A:$A,0)),FALSE),ROUND(D4+(E4-D4)*(1+G4)*((4-1)/(MaxLevel-1))^(2^F4),0),D4+(E4-D4)*(1+G4)*((4-1)/(MaxLevel-1))^(2^F4))) | L4: =IF(OR(D4="",E4=""),"",IF(IFERROR(INDEX(Stats!$D:$D,MATCH($C4,Stats!$A:$A,0)),FALSE),ROUND(D4+(E4-D4)*(1+G4)*((5-1)/(MaxLevel-1))^(2^F4),0),D4+(E4-D4)*(1+G4)*((5-1)/(MaxLevel-1))^(2^F4))) | M4: =IF(OR(D4="",E4=""),"",IF(IFERROR(INDEX(Stats!$D:$D,MATCH($C4,Stats!$A:$A,0)),FALSE),ROUND(D4+(E4-D4)*(1+G4)*((6-1)/(MaxLevel-1))^(2^F4),0),D4+(E4-D4)*(1+G4)*((6-1)/(MaxLevel-1))^(2^F4))) | N4: =IF(OR(D4="",E4=""),"",IF(IFERROR(INDEX(Stats!$D:$D,MATCH($C4,Stats!$A:$A,0)),FALSE),ROUND(D4+(E4-D4)*(1+G4)*((7-1)/(MaxLevel-1))^(2^F4),0),D4+(E4-D4)*(1+G4)*((7-1)/(MaxLevel-1))^(2^F4))) | O4: =IF(OR(D4="",E4=""),"",IF(IFERROR(INDEX(Stats!$D:$D,MATCH($C4,Stats!$A:$A,0)),FALSE),ROUND(D4+(E4-D4)*(1+G4)*((8-1)/(MaxLevel-1))^(2^F4),0),D4+(E4-D4)*(1+G4)*((8-1)/(MaxLevel-1))^(2^F4))) | P4: =IF(OR(D4="",E4=""),"",IF(IFERROR(INDEX(Stats!$D:$D,MATCH($C4,Stats!$A:$A,0)),FALSE),ROUND(D4+(E4-D4)*(1+G4)*((9-1)/(MaxLevel-1))^(2^F4),0),D4+(E4-D4)*(1+G4)*((9-1)/(MaxLevel-1))^(2^F4))) | Q4: =IF(OR(D4="",E4=""),"",IF(IFERROR(INDEX(Stats!$D:$D,MATCH($C4,Stats!$A:$A,0)),FALSE),ROUND(D4+(E4-D4)*(1+G4)*((10-1)/(MaxLevel-1))^(2^F4),0),D4+(E4-D4)*(1+G4)*((10-1)/(MaxLevel-1))^(2^F4)))
A5: 01U | B5: C1 | C5: Strength | D5: 30 | E5: 120 | F5: 0 | G5: 0 | H5: =IF(OR(D5="",E5=""),"",IF(IFERROR(INDEX(Stats!$D:$D,MATCH($C5,Stats!$A:$A,0)),FALSE),ROUND(D5+(E5-D5)*(1+G5)*((1-1)/(MaxLevel-1))^(2^F5),0),D5+(E5-D5)*(1+G5)*((1-1)/(MaxLevel-1))^(2^F5))) | I5: =IF(OR(D5="",E5=""),"",IF(IFERROR(INDEX(Stats!$D:$D,MATCH($C5,Stats!$A:$A,0)),FALSE),ROUND(D5+(E5-D5)*(1+G5)*((2-1)/(MaxLevel-1))^(2^F5),0),D5+(E5-D5)*(1+G5)*((2-1)/(MaxLevel-1))^(2^F5))) | J5: =IF(OR(D5="",E5=""),"",IF(IFERROR(INDEX(Stats!$D:$D,MATCH($C5,Stats!$A:$A,0)),FALSE),ROUND(D5+(E5-D5)*(1+G5)*((3-1)/(MaxLevel-1))^(2^F5),0),D5+(E5-D5)*(1+G5)*((3-1)/(MaxLevel-1))^(2^F5))) | K5: =IF(OR(D5="",E5=""),"",IF(IFERROR(INDEX(Stats!$D:$D,MATCH($C5,Stats!$A:$A,0)),FALSE),ROUND(D5+(E5-D5)*(1+G5)*((4-1)/(MaxLevel-1))^(2^F5),0),D5+(E5-D5)*(1+G5)*((4-1)/(MaxLevel-1))^(2^F5))) | L5: =IF(OR(D5="",E5=""),"",IF(IFERROR(INDEX(Stats!$D:$D,MATCH($C5,Stats!$A:$A,0)),FALSE),ROUND(D5+(E5-D5)*(1+G5)*((5-1)/(MaxLevel-1))^(2^F5),0),D5+(E5-D5)*(1+G5)*((5-1)/(MaxLevel-1))^(2^F5))) | M5: =IF(OR(D5="",E5=""),"",IF(IFERROR(INDEX(Stats!$D:$D,MATCH($C5,Stats!$A:$A,0)),FALSE),ROUND(D5+(E5-D5)*(1+G5)*((6-1)/(MaxLevel-1))^(2^F5),0),D5+(E5-D5)*(1+G5)*((6-1)/(MaxLevel-1))^(2^F5))) | N5: =IF(OR(D5="",E5=""),"",IF(IFERROR(INDEX(Stats!$D:$D,MATCH($C5,Stats!$A:$A,0)),FALSE),ROUND(D5+(E5-D5)*(1+G5)*((7-1)/(MaxLevel-1))^(2^F5),0),D5+(E5-D5)*(1+G5)*((7-1)/(MaxLevel-1))^(2^F5))) | O5: =IF(OR(D5="",E5=""),"",IF(IFERROR(INDEX(Stats!$D:$D,MATCH($C5,Stats!$A:$A,0)),FALSE),ROUND(D5+(E5-D5)*(1+G5)*((8-1)/(MaxLevel-1))^(2^F5),0),D5+(E5-D5)*(1+G5)*((8-1)/(MaxLevel-1))^(2^F5))) | P5: =IF(OR(D5="",E5=""),"",IF(IFERROR(INDEX(Stats!$D:$D,MATCH($C5,Stats!$A:$A,0)),FALSE),ROUND(D5+(E5-D5)*(1+G5)*((9-1)/(MaxLevel-1))^(2^F5),0),D5+(E5-D5)*(1+G5)*((9-1)/(MaxLevel-1))^(2^F5))) | Q5: =IF(OR(D5="",E5=""),"",IF(IFERROR(INDEX(Stats!$D:$D,MATCH($C5,Stats!$A:$A,0)),FALSE),ROUND(D5+(E5-D5)*(1+G5)*((10-1)/(MaxLevel-1))^(2^F5),0),D5+(E5-D5)*(1+G5)*((10-1)/(MaxLevel-1))^(2^F5)))
A6: 01U | B6: C1 | C6: Accuracy | D6: 0.7 | E6: 0.95 | F6: -1 | G6: 0 | H6: =IF(OR(D6="",E6=""),"",IF(IFERROR(INDEX(Stats!$D:$D,MATCH($C6,Stats!$A:$A,0)),FALSE),ROUND(D6+(E6-D6)*(1+G6)*((1-1)/(MaxLevel-1))^(2^F6),0),D6+(E6-D6)*(1+G6)*((1-1)/(MaxLevel-1))^(2^F6))) | I6: =IF(OR(D6="",E6=""),"",IF(IFERROR(INDEX(Stats!$D:$D,MATCH($C6,Stats!$A:$A,0)),FALSE),ROUND(D6+(E6-D6)*(1+G6)*((2-1)/(MaxLevel-1))^(2^F6),0),D6+(E6-D6)*(1+G6)*((2-1)/(MaxLevel-1))^(2^F6))) | J6: =IF(OR(D6="",E6=""),"",IF(IFERROR(INDEX(Stats!$D:$D,MATCH($C6,Stats!$A:$A,0)),FALSE),ROUND(D6+(E6-D6)*(1+G6)*((3-1)/(MaxLevel-1))^(2^F6),0),D6+(E6-D6)*(1+G6)*((3-1)/(MaxLevel-1))^(2^F6))) | K6: =IF(OR(D6="",E6=""),"",IF(IFERROR(INDEX(Stats!$D:$D,MATCH($C6,Stats!$A:$A,0)),FALSE),ROUND(D6+(E6-D6)*(1+G6)*((4-1)/(MaxLevel-1))^(2^F6),0),D6+(E6-D6)*(1+G6)*((4-1)/(MaxLevel-1))^(2^F6))) | L6: =IF(OR(D6="",E6=""),"",IF(IFERROR(INDEX(Stats!$D:$D,MATCH($C6,Stats!$A:$A,0)),FALSE),ROUND(D6+(E6-D6)*(1+G6)*((5-1)/(MaxLevel-1))^(2^F6),0),D6+(E6-D6)*(1+G6)*((5-1)/(MaxLevel-1))^(2^F6))) | M6: =IF(OR(D6="",E6=""),"",IF(IFERROR(INDEX(Stats!$D:$D,MATCH($C6,Stats!$A:$A,0)),FALSE),ROUND(D6+(E6-D6)*(1+G6)*((6-1)/(MaxLevel-1))^(2^F6),0),D6+(E6-D6)*(1+G6)*((6-1)/(MaxLevel-1))^(2^F6))) | N6: =IF(OR(D6="",E6=""),"",IF(IFERROR(INDEX(Stats!$D:$D,MATCH($C6,Stats!$A:$A,0)),FALSE),ROUND(D6+(E6-D6)*(1+G6)*((7-1)/(MaxLevel-1))^(2^F6),0),D6+(E6-D6)*(1+G6)*((7-1)/(MaxLevel-1))^(2^F6))) | O6: =IF(OR(D6="",E6=""),"",IF(IFERROR(INDEX(Stats!$D:$D,MATCH($C6,Stats!$A:$A,0)),FALSE),ROUND(D6+(E6-D6)*(1+G6)*((8-1)/(MaxLevel-1))^(2^F6),0),D6+(E6-D6)*(1+G6)*((8-1)/(MaxLevel-1))^(2^F6))) | P6: =IF(OR(D6="",E6=""),"",IF(IFERROR(INDEX(Stats!$D:$D,MATCH($C6,Stats!$A:$A,0)),FALSE),ROUND(D6+(E6-D6)*(1+G6)*((9-1)/(MaxLevel-1))^(2^F6),0),D6+(E6-D6)*(1+G6)*((9-1)/(MaxLevel-1))^(2^F6))) | Q6: =IF(OR(D6="",E6=""),"",IF(IFERROR(INDEX(Stats!$D:$D,MATCH($C6,Stats!$A:$A,0)),FALSE),ROUND(D6+(E6-D6)*(1+G6)*((10-1)/(MaxLevel-1))^(2^F6),0),D6+(E6-D6)*(1+G6)*((10-1)/(MaxLevel-1))^(2^F6)))
A7: 01U | B7: C1 | C7: Dexterity | D7: 0.1 | E7: 0.3 | F7: 0 | G7: 0 | H7: =IF(OR(D7="",E7=""),"",IF(IFERROR(INDEX(Stats!$D:$D,MATCH($C7,Stats!$A:$A,0)),FALSE),ROUND(D7+(E7-D7)*(1+G7)*((1-1)/(MaxLevel-1))^(2^F7),0),D7+(E7-D7)*(1+G7)*((1-1)/(MaxLevel-1))^(2^F7))) | I7: =IF(OR(D7="",E7=""),"",IF(IFERROR(INDEX(Stats!$D:$D,MATCH($C7,Stats!$A:$A,0)),FALSE),ROUND(D7+(E7-D7)*(1+G7)*((2-1)/(MaxLevel-1))^(2^F7),0),D7+(E7-D7)*(1+G7)*((2-1)/(MaxLevel-1))^(2^F7))) | J7: =IF(OR(D7="",E7=""),"",IF(IFERROR(INDEX(Stats!$D:$D,MATCH($C7,Stats!$A:$A,0)),FALSE),ROUND(D7+(E7-D7)*(1+G7)*((3-1)/(MaxLevel-1))^(2^F7),0),D7+(E7-D7)*(1+G7)*((3-1)/(MaxLevel-1))^(2^F7))) | K7: =IF(OR(D7="",E7=""),"",IF(IFERROR(INDEX(Stats!$D:$D,MATCH($C7,Stats!$A:$A,0)),FALSE),ROUND(D7+(E7-D7)*(1+G7)*((4-1)/(MaxLevel-1))^(2^F7),0),D7+(E7-D7)*(1+G7)*((4-1)/(MaxLevel-1))^(2^F7))) | L7: =IF(OR(D7="",E7=""),"",IF(IFERROR(INDEX(Stats!$D:$D,MATCH($C7,Stats!$A:$A,0)),FALSE),ROUND(D7+(E7-D7)*(1+G7)*((5-1)/(MaxLevel-1))^(2^F7),0),D7+(E7-D7)*(1+G7)*((5-1)/(MaxLevel-1))^(2^F7))) | M7: =IF(OR(D7="",E7=""),"",IF(IFERROR(INDEX(Stats!$D:$D,MATCH($C7,Stats!$A:$A,0)),FALSE),ROUND(D7+(E7-D7)*(1+G7)*((6-1)/(MaxLevel-1))^(2^F7),0),D7+(E7-D7)*(1+G7)*((6-1)/(MaxLevel-1))^(2^F7))) | N7: =IF(OR(D7="",E7=""),"",IF(IFERROR(INDEX(Stats!$D:$D,MATCH($C7,Stats!$A:$A,0)),FALSE),ROUND(D7+(E7-D7)*(1+G7)*((7-1)/(MaxLevel-1))^(2^F7),0),D7+(E7-D7)*(1+G7)*((7-1)/(MaxLevel-1))^(2^F7))) | O7: =IF(OR(D7="",E7=""),"",IF(IFERROR(INDEX(Stats!$D:$D,MATCH($C7,Stats!$A:$A,0)),FALSE),ROUND(D7+(E7-D7)*(1+G7)*((8-1)/(MaxLevel-1))^(2^F7),0),D7+(E7-D7)*(1+G7)*((8-1)/(MaxLevel-1))^(2^F7))) | P7: =IF(OR(D7="",E7=""),"",IF(IFERROR(INDEX(Stats!$D:$D,MATCH($C7,Stats!$A:$A,0)),FALSE),ROUND(D7+(E7-D7)*(1+G7)*((9-1)/(MaxLevel-1))^(2^F7),0),D7+(E7-D7)*(1+G7)*((9-1)/(MaxLevel-1))^(2^F7))) | Q7: =IF(OR(D7="",E7=""),"",IF(IFERROR(INDEX(Stats!$D:$D,MATCH($C7,Stats!$A:$A,0)),FALSE),ROUND(D7+(E7-D7)*(1+G7)*((10-1)/(MaxLevel-1))^(2^F7),0),D7+(E7-D7)*(1+G7)*((10-1)/(MaxLevel-1))^(2^F7)))
A8: 01U | B8: C1 | C8: Fortitude | H8: =IF(OR(D8="",E8=""),"",IF(IFERROR(INDEX(Stats!$D:$D,MATCH($C8,Stats!$A:$A,0)),FALSE),ROUND(D8+(E8-D8)*(1+G8)*((1-1)/(MaxLevel-1))^(2^F8),0),D8+(E8-D8)*(1+G8)*((1-1)/(MaxLevel-1))^(2^F8))) | I8: =IF(OR(D8="",E8=""),"",IF(IFERROR(INDEX(Stats!$D:$D,MATCH($C8,Stats!$A:$A,0)),FALSE),ROUND(D8+(E8-D8)*(1+G8)*((2-1)/(MaxLevel-1))^(2^F8),0),D8+(E8-D8)*(1+G8)*((2-1)/(MaxLevel-1))^(2^F8))) | J8: =IF(OR(D8="",E8=""),"",IF(IFERROR(INDEX(Stats!$D:$D,MATCH($C8,Stats!$A:$A,0)),FALSE),ROUND(D8+(E8-D8)*(1+G8)*((3-1)/(MaxLevel-1))^(2^F8),0),D8+(E8-D8)*(1+G8)*((3-1)/(MaxLevel-1))^(2^F8))) | K8: =IF(OR(D8="",E8=""),"",IF(IFERROR(INDEX(Stats!$D:$D,MATCH($C8,Stats!$A:$A,0)),FALSE),ROUND(D8+(E8-D8)*(1+G8)*((4-1)/(MaxLevel-1))^(2^F8),0),D8+(E8-D8)*(1+G8)*((4-1)/(MaxLevel-1))^(2^F8))) | L8: =IF(OR(D8="",E8=""),"",IF(IFERROR(INDEX(Stats!$D:$D,MATCH($C8,Stats!$A:$A,0)),FALSE),ROUND(D8+(E8-D8)*(1+G8)*((5-1)/(MaxLevel-1))^(2^F8),0),D8+(E8-D8)*(1+G8)*((5-1)/(MaxLevel-1))^(2^F8))) | M8: =IF(OR(D8="",E8=""),"",IF(IFERROR(INDEX(Stats!$D:$D,MATCH($C8,Stats!$A:$A,0)),FALSE),ROUND(D8+(E8-D8)*(1+G8)*((6-1)/(MaxLevel-1))^(2^F8),0),D8+(E8-D8)*(1+G8)*((6-1)/(MaxLevel-1))^(2^F8))) | N8: =IF(OR(D8="",E8=""),"",IF(IFERROR(INDEX(Stats!$D:$D,MATCH($C8,Stats!$A:$A,0)),FALSE),ROUND(D8+(E8-D8)*(1+G8)*((7-1)/(MaxLevel-1))^(2^F8),0),D8+(E8-D8)*(1+G8)*((7-1)/(MaxLevel-1))^(2^F8))) | O8: =IF(OR(D8="",E8=""),"",IF(IFERROR(INDEX(Stats!$D:$D,MATCH($C8,Stats!$A:$A,0)),FALSE),ROUND(D8+(E8-D8)*(1+G8)*((8-1)/(MaxLevel-1))^(2^F8),0),D8+(E8-D8)*(1+G8)*((8-1)/(MaxLevel-1))^(2^F8))) | P8: =IF(OR(D8="",E8=""),"",IF(IFERROR(INDEX(Stats!$D:$D,MATCH($C8,Stats!$A:$A,0)),FALSE),ROUND(D8+(E8-D8)*(1+G8)*((9-1)/(MaxLevel-1))^(2^F8),0),D8+(E8-D8)*(1+G8)*((9-1)/(MaxLevel-1))^(2^F8))) | Q8: =IF(OR(D8="",E8=""),"",IF(IFERROR(INDEX(Stats!$D:$D,MATCH($C8,Stats!$A:$A,0)),FALSE),ROUND(D8+(E8-D8)*(1+G8)*((10-1)/(MaxLevel-1))^(2^F8),0),D8+(E8-D8)*(1+G8)*((10-1)/(MaxLevel-1))^(2^F8)))
A9: 01U | B9: C1 | C9: Speed | H9: =IF(OR(D9="",E9=""),"",IF(IFERROR(INDEX(Stats!$D:$D,MATCH($C9,Stats!$A:$A,0)),FALSE),ROUND(D9+(E9-D9)*(1+G9)*((1-1)/(MaxLevel-1))^(2^F9),0),D9+(E9-D9)*(1+G9)*((1-1)/(MaxLevel-1))^(2^F9))) | I9: =IF(OR(D9="",E9=""),"",IF(IFERROR(INDEX(Stats!$D:$D,MATCH($C9,Stats!$A:$A,0)),FALSE),ROUND(D9+(E9-D9)*(1+G9)*((2-1)/(MaxLevel-1))^(2^F9),0),D9+(E9-D9)*(1+G9)*((2-1)/(MaxLevel-1))^(2^F9))) | J9: =IF(OR(D9="",E9=""),"",IF(IFERROR(INDEX(Stats!$D:$D,MATCH($C9,Stats!$A:$A,0)),FALSE),ROUND(D9+(E9-D9)*(1+G9)*((3-1)/(MaxLevel-1))^(2^F9),0),D9+(E9-D9)*(1+G9)*((3-1)/(MaxLevel-1))^(2^F9))) | K9: =IF(OR(D9="",E9=""),"",IF(IFERROR(INDEX(Stats!$D:$D,MATCH($C9,Stats!$A:$A,0)),FALSE),ROUND(D9+(E9-D9)*(1+G9)*((4-1)/(MaxLevel-1))^(2^F9),0),D9+(E9-D9)*(1+G9)*((4-1)/(MaxLevel-1))^(2^F9))) | L9: =IF(OR(D9="",E9=""),"",IF(IFERROR(INDEX(Stats!$D:$D,MATCH($C9,Stats!$A:$A,0)),FALSE),ROUND(D9+(E9-D9)*(1+G9)*((5-1)/(MaxLevel-1))^(2^F9),0),D9+(E9-D9)*(1+G9)*((5-1)/(MaxLevel-1))^(2^F9))) | M9: =IF(OR(D9="",E9=""),"",IF(IFERROR(INDEX(Stats!$D:$D,MATCH($C9,Stats!$A:$A,0)),FALSE),ROUND(D9+(E9-D9)*(1+G9)*((6-1)/(MaxLevel-1))^(2^F9),0),D9+(E9-D9)*(1+G9)*((6-1)/(MaxLevel-1))^(2^F9))) | N9: =IF(OR(D9="",E9=""),"",IF(IFERROR(INDEX(Stats!$D:$D,MATCH($C9,Stats!$A:$A,0)),FALSE),ROUND(D9+(E9-D9)*(1+G9)*((7-1)/(MaxLevel-1))^(2^F9),0),D9+(E9-D9)*(1+G9)*((7-1)/(MaxLevel-1))^(2^F9))) | O9: =IF(OR(D9="",E9=""),"",IF(IFERROR(INDEX(Stats!$D:$D,MATCH($C9,Stats!$A:$A,0)),FALSE),ROUND(D9+(E9-D9)*(1+G9)*((8-1)/(MaxLevel-1))^(2^F9),0),D9+(E9-D9)*(1+G9)*((8-1)/(MaxLevel-1))^(2^F9))) | P9: =IF(OR(D9="",E9=""),"",IF(IFERROR(INDEX(Stats!$D:$D,MATCH($C9,Stats!$A:$A,0)),FALSE),ROUND(D9+(E9-D9)*(1+G9)*((9-1)/(MaxLevel-1))^(2^F9),0),D9+(E9-D9)*(1+G9)*((9-1)/(MaxLevel-1))^(2^F9))) | Q9: =IF(OR(D9="",E9=""),"",IF(IFERROR(INDEX(Stats!$D:$D,MATCH($C9,Stats!$A:$A,0)),FALSE),ROUND(D9+(E9-D9)*(1+G9)*((10-1)/(MaxLevel-1))^(2^F9),0),D9+(E9-D9)*(1+G9)*((10-1)/(MaxLevel-1))^(2^F9)))
A10: 01U | B10: C1 | C10: Magic | H10: =IF(OR(D10="",E10=""),"",IF(IFERROR(INDEX(Stats!$D:$D,MATCH($C10,Stats!$A:$A,0)),FALSE),ROUND(D10+(E10-D10)*(1+G10)*((1-1)/(MaxLevel-1))^(2^F10),0),D10+(E10-D10)*(1+G10)*((1-1)/(MaxLevel-1))^(2^F10))) | I10: =IF(OR(D10="",E10=""),"",IF(IFERROR(INDEX(Stats!$D:$D,MATCH($C10,Stats!$A:$A,0)),FALSE),ROUND(D10+(E10-D10)*(1+G10)*((2-1)/(MaxLevel-1))^(2^F10),0),D10+(E10-D10)*(1+G10)*((2-1)/(MaxLevel-1))^(2^F10))) | J10: =IF(OR(D10="",E10=""),"",IF(IFERROR(INDEX(Stats!$D:$D,MATCH($C10,Stats!$A:$A,0)),FALSE),ROUND(D10+(E10-D10)*(1+G10)*((3-1)/(MaxLevel-1))^(2^F10),0),D10+(E10-D10)*(1+G10)*((3-1)/(MaxLevel-1))^(2^F10))) | K10: =IF(OR(D10="",E10=""),"",IF(IFERROR(INDEX(Stats!$D:$D,MATCH($C10,Stats!$A:$A,0)),FALSE),ROUND(D10+(E10-D10)*(1+G10)*((4-1)/(MaxLevel-1))^(2^F10),0),D10+(E10-D10)*(1+G10)*((4-1)/(MaxLevel-1))^(2^F10))) | L10: =IF(OR(D10="",E10=""),"",IF(IFERROR(INDEX(Stats!$D:$D,MATCH($C10,Stats!$A:$A,0)),FALSE),ROUND(D10+(E10-D10)*(1+G10)*((5-1)/(MaxLevel-1))^(2^F10),0),D10+(E10-D10)*(1+G10)*((5-1)/(MaxLevel-1))^(2^F10))) | M10: =IF(OR(D10="",E10=""),"",IF(IFERROR(INDEX(Stats!$D:$D,MATCH($C10,Stats!$A:$A,0)),FALSE),ROUND(D10+(E10-D10)*(1+G10)*((6-1)/(MaxLevel-1))^(2^F10),0),D10+(E10-D10)*(1+G10)*((6-1)/(MaxLevel-1))^(2^F10))) | N10: =IF(OR(D10="",E10=""),"",IF(IFERROR(INDEX(Stats!$D:$D,MATCH($C10,Stats!$A:$A,0)),FALSE),ROUND(D10+(E10-D10)*(1+G10)*((7-1)/(MaxLevel-1))^(2^F10),0),D10+(E10-D10)*(1+G10)*((7-1)/(MaxLevel-1))^(2^F10))) | O10: =IF(OR(D10="",E10=""),"",IF(IFERROR(INDEX(Stats!$D:$D,MATCH($C10,Stats!$A:$A,0)),FALSE),ROUND(D10+(E10-D10)*(1+G10)*((8-1)/(MaxLevel-1))^(2^F10),0),D10+(E10-D10)*(1+G10)*((8-1)/(MaxLevel-1))^(2^F10))) | P10: =IF(OR(D10="",E10=""),"",IF(IFERROR(INDEX(Stats!$D:$D,MATCH($C10,Stats!$A:$A,0)),FALSE),ROUND(D10+(E10-D10)*(1+G10)*((9-1)/(MaxLevel-1))^(2^F10),0),D10+(E10-D10)*(1+G10)*((9-1)/(MaxLevel-1))^(2^F10))) | Q10: =IF(OR(D10="",E10=""),"",IF(IFERROR(INDEX(Stats!$D:$D,MATCH($C10,Stats!$A:$A,0)),FALSE),ROUND(D10+(E10-D10)*(1+G10)*((10-1)/(MaxLevel-1))^(2^F10),0),D10+(E10-D10)*(1+G10)*((10-1)/(MaxLevel-1))^(2^F10)))
A11: 01U | B11: C1 | C11: Resistance | H11: =IF(OR(D11="",E11=""),"",IF(IFERROR(INDEX(Stats!$D:$D,MATCH($C11,Stats!$A:$A,0)),FALSE),ROUND(D11+(E11-D11)*(1+G11)*((1-1)/(MaxLevel-1))^(2^F11),0),D11+(E11-D11)*(1+G11)*((1-1)/(MaxLevel-1))^(2^F11))) | I11: =IF(OR(D11="",E11=""),"",IF(IFERROR(INDEX(Stats!$D:$D,MATCH($C11,Stats!$A:$A,0)),FALSE),ROUND(D11+(E11-D11)*(1+G11)*((2-1)/(MaxLevel-1))^(2^F11),0),D11+(E11-D11)*(1+G11)*((2-1)/(MaxLevel-1))^(2^F11))) | J11: =IF(OR(D11="",E11=""),"",IF(IFERROR(INDEX(Stats!$D:$D,MATCH($C11,Stats!$A:$A,0)),FALSE),ROUND(D11+(E11-D11)*(1+G11)*((3-1)/(MaxLevel-1))^(2^F11),0),D11+(E11-D11)*(1+G11)*((3-1)/(MaxLevel-1))^(2^F11))) | K11: =IF(OR(D11="",E11=""),"",IF(IFERROR(INDEX(Stats!$D:$D,MATCH($C11,Stats!$A:$A,0)),FALSE),ROUND(D11+(E11-D11)*(1+G11)*((4-1)/(MaxLevel-1))^(2^F11),0),D11+(E11-D11)*(1+G11)*((4-1)/(MaxLevel-1))^(2^F11))) | L11: =IF(OR(D11="",E11=""),"",IF(IFERROR(INDEX(Stats!$D:$D,MATCH($C11,Stats!$A:$A,0)),FALSE),ROUND(D11+(E11-D11)*(1+G11)*((5-1)/(MaxLevel-1))^(2^F11),0),D11+(E11-D11)*(1+G11)*((5-1)/(MaxLevel-1))^(2^F11))) | M11: =IF(OR(D11="",E11=""),"",IF(IFERROR(INDEX(Stats!$D:$D,MATCH($C11,Stats!$A:$A,0)),FALSE),ROUND(D11+(E11-D11)*(1+G11)*((6-1)/(MaxLevel-1))^(2^F11),0),D11+(E11-D11)*(1+G11)*((6-1)/(MaxLevel-1))^(2^F11))) | N11: =IF(OR(D11="",E11=""),"",IF(IFERROR(INDEX(Stats!$D:$D,MATCH($C11,Stats!$A:$A,0)),FALSE),ROUND(D11+(E11-D11)*(1+G11)*((7-1)/(MaxLevel-1))^(2^F11),0),D11+(E11-D11)*(1+G11)*((7-1)/(MaxLevel-1))^(2^F11))) | O11: =IF(OR(D11="",E11=""),"",IF(IFERROR(INDEX(Stats!$D:$D,MATCH($C11,Stats!$A:$A,0)),FALSE),ROUND(D11+(E11-D11)*(1+G11)*((8-1)/(MaxLevel-1))^(2^F11),0),D11+(E11-D11)*(1+G11)*((8-1)/(MaxLevel-1))^(2^F11))) | P11: =IF(OR(D11="",E11=""),"",IF(IFERROR(INDEX(Stats!$D:$D,MATCH($C11,Stats!$A:$A,0)),FALSE),ROUND(D11+(E11-D11)*(1+G11)*((9-1)/(MaxLevel-1))^(2^F11),0),D11+(E11-D11)*(1+G11)*((9-1)/(MaxLevel-1))^(2^F11))) | Q11: =IF(OR(D11="",E11=""),"",IF(IFERROR(INDEX(Stats!$D:$D,MATCH($C11,Stats!$A:$A,0)),FALSE),ROUND(D11+(E11-D11)*(1+G11)*((10-1)/(MaxLevel-1))^(2^F11),0),D11+(E11-D11)*(1+G11)*((10-1)/(MaxLevel-1))^(2^F11)))
A12: 01U | B12: C1 | C12: Luck | H12: =IF(OR(D12="",E12=""),"",IF(IFERROR(INDEX(Stats!$D:$D,MATCH($C12,Stats!$A:$A,0)),FALSE),ROUND(D12+(E12-D12)*(1+G12)*((1-1)/(MaxLevel-1))^(2^F12),0),D12+(E12-D12)*(1+G12)*((1-1)/(MaxLevel-1))^(2^F12))) | I12: =IF(OR(D12="",E12=""),"",IF(IFERROR(INDEX(Stats!$D:$D,MATCH($C12,Stats!$A:$A,0)),FALSE),ROUND(D12+(E12-D12)*(1+G12)*((2-1)/(MaxLevel-1))^(2^F12),0),D12+(E12-D12)*(1+G12)*((2-1)/(MaxLevel-1))^(2^F12))) | J12: =IF(OR(D12="",E12=""),"",IF(IFERROR(INDEX(Stats!$D:$D,MATCH($C12,Stats!$A:$A,0)),FALSE),ROUND(D12+(E12-D12)*(1+G12)*((3-1)/(MaxLevel-1))^(2^F12),0),D12+(E12-D12)*(1+G12)*((3-1)/(MaxLevel-1))^(2^F12))) | K12: =IF(OR(D12="",E12=""),"",IF(IFERROR(INDEX(Stats!$D:$D,MATCH($C12,Stats!$A:$A,0)),FALSE),ROUND(D12+(E12-D12)*(1+G12)*((4-1)/(MaxLevel-1))^(2^F12),0),D12+(E12-D12)*(1+G12)*((4-1)/(MaxLevel-1))^(2^F12))) | L12: =IF(OR(D12="",E12=""),"",IF(IFERROR(INDEX(Stats!$D:$D,MATCH($C12,Stats!$A:$A,0)),FALSE),ROUND(D12+(E12-D12)*(1+G12)*((5-1)/(MaxLevel-1))^(2^F12),0),D12+(E12-D12)*(1+G12)*((5-1)/(MaxLevel-1))^(2^F12))) | M12: =IF(OR(D12="",E12=""),"",IF(IFERROR(INDEX(Stats!$D:$D,MATCH($C12,Stats!$A:$A,0)),FALSE),ROUND(D12+(E12-D12)*(1+G12)*((6-1)/(MaxLevel-1))^(2^F12),0),D12+(E12-D12)*(1+G12)*((6-1)/(MaxLevel-1))^(2^F12))) | N12: =IF(OR(D12="",E12=""),"",IF(IFERROR(INDEX(Stats!$D:$D,MATCH($C12,Stats!$A:$A,0)),FALSE),ROUND(D12+(E12-D12)*(1+G12)*((7-1)/(MaxLevel-1))^(2^F12),0),D12+(E12-D12)*(1+G12)*((7-1)/(MaxLevel-1))^(2^F12))) | O12: =IF(OR(D12="",E12=""),"",IF(IFERROR(INDEX(Stats!$D:$D,MATCH($C12,Stats!$A:$A,0)),FALSE),ROUND(D12+(E12-D12)*(1+G12)*((8-1)/(MaxLevel-1))^(2^F12),0),D12+(E12-D12)*(1+G12)*((8-1)/(MaxLevel-1))^(2^F12))) | P12: =IF(OR(D12="",E12=""),"",IF(IFERROR(INDEX(Stats!$D:$D,MATCH($C12,Stats!$A:$A,0)),FALSE),ROUND(D12+(E12-D12)*(1+G12)*((9-1)/(MaxLevel-1))^(2^F12),0),D12+(E12-D12)*(1+G12)*((9-1)/(MaxLevel-1))^(2^F12))) | Q12: =IF(OR(D12="",E12=""),"",IF(IFERROR(INDEX(Stats!$D:$D,MATCH($C12,Stats!$A:$A,0)),FALSE),ROUND(D12+(E12-D12)*(1+G12)*((10-1)/(MaxLevel-1))^(2^F12),0),D12+(E12-D12)*(1+G12)*((10-1)/(MaxLevel-1))^(2^F12)))
A13: 01U | B13: C1 | C13: Weight | H13: =IF(OR(D13="",E13=""),"",IF(IFERROR(INDEX(Stats!$D:$D,MATCH($C13,Stats!$A:$A,0)),FALSE),ROUND(D13+(E13-D13)*(1+G13)*((1-1)/(MaxLevel-1))^(2^F13),0),D13+(E13-D13)*(1+G13)*((1-1)/(MaxLevel-1))^(2^F13))) | I13: =IF(OR(D13="",E13=""),"",IF(IFERROR(INDEX(Stats!$D:$D,MATCH($C13,Stats!$A:$A,0)),FALSE),ROUND(D13+(E13-D13)*(1+G13)*((2-1)/(MaxLevel-1))^(2^F13),0),D13+(E13-D13)*(1+G13)*((2-1)/(MaxLevel-1))^(2^F13))) | J13: =IF(OR(D13="",E13=""),"",IF(IFERROR(INDEX(Stats!$D:$D,MATCH($C13,Stats!$A:$A,0)),FALSE),ROUND(D13+(E13-D13)*(1+G13)*((3-1)/(MaxLevel-1))^(2^F13),0),D13+(E13-D13)*(1+G13)*((3-1)/(MaxLevel-1))^(2^F13))) | K13: =IF(OR(D13="",E13=""),"",IF(IFERROR(INDEX(Stats!$D:$D,MATCH($C13,Stats!$A:$A,0)),FALSE),ROUND(D13+(E13-D13)*(1+G13)*((4-1)/(MaxLevel-1))^(2^F13),0),D13+(E13-D13)*(1+G13)*((4-1)/(MaxLevel-1))^(2^F13))) | L13: =IF(OR(D13="",E13=""),"",IF(IFERROR(INDEX(Stats!$D:$D,MATCH($C13,Stats!$A:$A,0)),FALSE),ROUND(D13+(E13-D13)*(1+G13)*((5-1)/(MaxLevel-1))^(2^F13),0),D13+(E13-D13)*(1+G13)*((5-1)/(MaxLevel-1))^(2^F13))) | M13: =IF(OR(D13="",E13=""),"",IF(IFERROR(INDEX(Stats!$D:$D,MATCH($C13,Stats!$A:$A,0)),FALSE),ROUND(D13+(E13-D13)*(1+G13)*((6-1)/(MaxLevel-1))^(2^F13),0),D13+(E13-D13)*(1+G13)*((6-1)/(MaxLevel-1))^(2^F13))) | N13: =IF(OR(D13="",E13=""),"",IF(IFERROR(INDEX(Stats!$D:$D,MATCH($C13,Stats!$A:$A,0)),FALSE),ROUND(D13+(E13-D13)*(1+G13)*((7-1)/(MaxLevel-1))^(2^F13),0),D13+(E13-D13)*(1+G13)*((7-1)/(MaxLevel-1))^(2^F13))) | O13: =IF(OR(D13="",E13=""),"",IF(IFERROR(INDEX(Stats!$D:$D,MATCH($C13,Stats!$A:$A,0)),FALSE),ROUND(D13+(E13-D13)*(1+G13)*((8-1)/(MaxLevel-1))^(2^F13),0),D13+(E13-D13)*(1+G13)*((8-1)/(MaxLevel-1))^(2^F13))) | P13: =IF(OR(D13="",E13=""),"",IF(IFERROR(INDEX(Stats!$D:$D,MATCH($C13,Stats!$A:$A,0)),FALSE),ROUND(D13+(E13-D13)*(1+G13)*((9-1)/(MaxLevel-1))^(2^F13),0),D13+(E13-D13)*(1+G13)*((9-1)/(MaxLevel-1))^(2^F13))) | Q13: =IF(OR(D13="",E13=""),"",IF(IFERROR(INDEX(Stats!$D:$D,MATCH($C13,Stats!$A:$A,0)),FALSE),ROUND(D13+(E13-D13)*(1+G13)*((10-1)/(MaxLevel-1))^(2^F13),0),D13+(E13-D13)*(1+G13)*((10-1)/(MaxLevel-1))^(2^F13)))
A14: 01U | B14: C1 | C14: WorkingCost | H14: =IF(OR(D14="",E14=""),"",IF(IFERROR(INDEX(Stats!$D:$D,MATCH($C14,Stats!$A:$A,0)),FALSE),ROUND(D14+(E14-D14)*(1+G14)*((1-1)/(MaxLevel-1))^(2^F14),0),D14+(E14-D14)*(1+G14)*((1-1)/(MaxLevel-1))^(2^F14))) | I14: =IF(OR(D14="",E14=""),"",IF(IFERROR(INDEX(Stats!$D:$D,MATCH($C14,Stats!$A:$A,0)),FALSE),ROUND(D14+(E14-D14)*(1+G14)*((2-1)/(MaxLevel-1))^(2^F14),0),D14+(E14-D14)*(1+G14)*((2-1)/(MaxLevel-1))^(2^F14))) | J14: =IF(OR(D14="",E14=""),"",IF(IFERROR(INDEX(Stats!$D:$D,MATCH($C14,Stats!$A:$A,0)),FALSE),ROUND(D14+(E14-D14)*(1+G14)*((3-1)/(MaxLevel-1))^(2^F14),0),D14+(E14-D14)*(1+G14)*((3-1)/(MaxLevel-1))^(2^F14))) | K14: =IF(OR(D14="",E14=""),"",IF(IFERROR(INDEX(Stats!$D:$D,MATCH($C14,Stats!$A:$A,0)),FALSE),ROUND(D14+(E14-D14)*(1+G14)*((4-1)/(MaxLevel-1))^(2^F14),0),D14+(E14-D14)*(1+G14)*((4-1)/(MaxLevel-1))^(2^F14))) | L14: =IF(OR(D14="",E14=""),"",IF(IFERROR(INDEX(Stats!$D:$D,MATCH($C14,Stats!$A:$A,0)),FALSE),ROUND(D14+(E14-D14)*(1+G14)*((5-1)/(MaxLevel-1))^(2^F14),0),D14+(E14-D14)*(1+G14)*((5-1)/(MaxLevel-1))^(2^F14))) | M14: =IF(OR(D14="",E14=""),"",IF(IFERROR(INDEX(Stats!$D:$D,MATCH($C14,Stats!$A:$A,0)),FALSE),ROUND(D14+(E14-D14)*(1+G14)*((6-1)/(MaxLevel-1))^(2^F14),0),D14+(E14-D14)*(1+G14)*((6-1)/(MaxLevel-1))^(2^F14))) | N14: =IF(OR(D14="",E14=""),"",IF(IFERROR(INDEX(Stats!$D:$D,MATCH($C14,Stats!$A:$A,0)),FALSE),ROUND(D14+(E14-D14)*(1+G14)*((7-1)/(MaxLevel-1))^(2^F14),0),D14+(E14-D14)*(1+G14)*((7-1)/(MaxLevel-1))^(2^F14))) | O14: =IF(OR(D14="",E14=""),"",IF(IFERROR(INDEX(Stats!$D:$D,MATCH($C14,Stats!$A:$A,0)),FALSE),ROUND(D14+(E14-D14)*(1+G14)*((8-1)/(MaxLevel-1))^(2^F14),0),D14+(E14-D14)*(1+G14)*((8-1)/(MaxLevel-1))^(2^F14))) | P14: =IF(OR(D14="",E14=""),"",IF(IFERROR(INDEX(Stats!$D:$D,MATCH($C14,Stats!$A:$A,0)),FALSE),ROUND(D14+(E14-D14)*(1+G14)*((9-1)/(MaxLevel-1))^(2^F14),0),D14+(E14-D14)*(1+G14)*((9-1)/(MaxLevel-1))^(2^F14))) | Q14: =IF(OR(D14="",E14=""),"",IF(IFERROR(INDEX(Stats!$D:$D,MATCH($C14,Stats!$A:$A,0)),FALSE),ROUND(D14+(E14-D14)*(1+G14)*((10-1)/(MaxLevel-1))^(2^F14),0),D14+(E14-D14)*(1+G14)*((10-1)/(MaxLevel-1))^(2^F14)))
A15: 01U | B15: C1 | C15: SkillResearch | H15: =IF(OR(D15="",E15=""),"",IF(IFERROR(INDEX(Stats!$D:$D,MATCH($C15,Stats!$A:$A,0)),FALSE),ROUND(D15+(E15-D15)*(1+G15)*((1-1)/(MaxLevel-1))^(2^F15),0),D15+(E15-D15)*(1+G15)*((1-1)/(MaxLevel-1))^(2^F15))) | I15: =IF(OR(D15="",E15=""),"",IF(IFERROR(INDEX(Stats!$D:$D,MATCH($C15,Stats!$A:$A,0)),FALSE),ROUND(D15+(E15-D15)*(1+G15)*((2-1)/(MaxLevel-1))^(2^F15),0),D15+(E15-D15)*(1+G15)*((2-1)/(MaxLevel-1))^(2^F15))) | J15: =IF(OR(D15="",E15=""),"",IF(IFERROR(INDEX(Stats!$D:$D,MATCH($C15,Stats!$A:$A,0)),FALSE),ROUND(D15+(E15-D15)*(1+G15)*((3-1)/(MaxLevel-1))^(2^F15),0),D15+(E15-D15)*(1+G15)*((3-1)/(MaxLevel-1))^(2^F15))) | K15: =IF(OR(D15="",E15=""),"",IF(IFERROR(INDEX(Stats!$D:$D,MATCH($C15,Stats!$A:$A,0)),FALSE),ROUND(D15+(E15-D15)*(1+G15)*((4-1)/(MaxLevel-1))^(2^F15),0),D15+(E15-D15)*(1+G15)*((4-1)/(MaxLevel-1))^(2^F15))) | L15: =IF(OR(D15="",E15=""),"",IF(IFERROR(INDEX(Stats!$D:$D,MATCH($C15,Stats!$A:$A,0)),FALSE),ROUND(D15+(E15-D15)*(1+G15)*((5-1)/(MaxLevel-1))^(2^F15),0),D15+(E15-D15)*(1+G15)*((5-1)/(MaxLevel-1))^(2^F15))) | M15: =IF(OR(D15="",E15=""),"",IF(IFERROR(INDEX(Stats!$D:$D,MATCH($C15,Stats!$A:$A,0)),FALSE),ROUND(D15+(E15-D15)*(1+G15)*((6-1)/(MaxLevel-1))^(2^F15),0),D15+(E15-D15)*(1+G15)*((6-1)/(MaxLevel-1))^(2^F15))) | N15: =IF(OR(D15="",E15=""),"",IF(IFERROR(INDEX(Stats!$D:$D,MATCH($C15,Stats!$A:$A,0)),FALSE),ROUND(D15+(E15-D15)*(1+G15)*((7-1)/(MaxLevel-1))^(2^F15),0),D15+(E15-D15)*(1+G15)*((7-1)/(MaxLevel-1))^(2^F15))) | O15: =IF(OR(D15="",E15=""),"",IF(IFERROR(INDEX(Stats!$D:$D,MATCH($C15,Stats!$A:$A,0)),FALSE),ROUND(D15+(E15-D15)*(1+G15)*((8-1)/(MaxLevel-1))^(2^F15),0),D15+(E15-D15)*(1+G15)*((8-1)/(MaxLevel-1))^(2^F15))) | P15: =IF(OR(D15="",E15=""),"",IF(IFERROR(INDEX(Stats!$D:$D,MATCH($C15,Stats!$A:$A,0)),FALSE),ROUND(D15+(E15-D15)*(1+G15)*((9-1)/(MaxLevel-1))^(2^F15),0),D15+(E15-D15)*(1+G15)*((9-1)/(MaxLevel-1))^(2^F15))) | Q15: =IF(OR(D15="",E15=""),"",IF(IFERROR(INDEX(Stats!$D:$D,MATCH($C15,Stats!$A:$A,0)),FALSE),ROUND(D15+(E15-D15)*(1+G15)*((10-1)/(MaxLevel-1))^(2^F15),0),D15+(E15-D15)*(1+G15)*((10-1)/(MaxLevel-1))^(2^F15)))
A16: 01U | B16: C1 | C16: SkillTrain | H16: =IF(OR(D16="",E16=""),"",IF(IFERROR(INDEX(Stats!$D:$D,MATCH($C16,Stats!$A:$A,0)),FALSE),ROUND(D16+(E16-D16)*(1+G16)*((1-1)/(MaxLevel-1))^(2^F16),0),D16+(E16-D16)*(1+G16)*((1-1)/(MaxLevel-1))^(2^F16))) | I16: =IF(OR(D16="",E16=""),"",IF(IFERROR(INDEX(Stats!$D:$D,MATCH($C16,Stats!$A:$A,0)),FALSE),ROUND(D16+(E16-D16)*(1+G16)*((2-1)/(MaxLevel-1))^(2^F16),0),D16+(E16-D16)*(1+G16)*((2-1)/(MaxLevel-1))^(2^F16))) | J16: =IF(OR(D16="",E16=""),"",IF(IFERROR(INDEX(Stats!$D:$D,MATCH($C16,Stats!$A:$A,0)),FALSE),ROUND(D16+(E16-D16)*(1+G16)*((3-1)/(MaxLevel-1))^(2^F16),0),D16+(E16-D16)*(1+G16)*((3-1)/(MaxLevel-1))^(2^F16))) | K16: =IF(OR(D16="",E16=""),"",IF(IFERROR(INDEX(Stats!$D:$D,MATCH($C16,Stats!$A:$A,0)),FALSE),ROUND(D16+(E16-D16)*(1+G16)*((4-1)/(MaxLevel-1))^(2^F16),0),D16+(E16-D16)*(1+G16)*((4-1)/(MaxLevel-1))^(2^F16))) | L16: =IF(OR(D16="",E16=""),"",IF(IFERROR(INDEX(Stats!$D:$D,MATCH($C16,Stats!$A:$A,0)),FALSE),ROUND(D16+(E16-D16)*(1+G16)*((5-1)/(MaxLevel-1))^(2^F16),0),D16+(E16-D16)*(1+G16)*((5-1)/(MaxLevel-1))^(2^F16))) | M16: =IF(OR(D16="",E16=""),"",IF(IFERROR(INDEX(Stats!$D:$D,MATCH($C16,Stats!$A:$A,0)),FALSE),ROUND(D16+(E16-D16)*(1+G16)*((6-1)/(MaxLevel-1))^(2^F16),0),D16+(E16-D16)*(1+G16)*((6-1)/(MaxLevel-1))^(2^F16))) | N16: =IF(OR(D16="",E16=""),"",IF(IFERROR(INDEX(Stats!$D:$D,MATCH($C16,Stats!$A:$A,0)),FALSE),ROUND(D16+(E16-D16)*(1+G16)*((7-1)/(MaxLevel-1))^(2^F16),0),D16+(E16-D16)*(1+G16)*((7-1)/(MaxLevel-1))^(2^F16))) | O16: =IF(OR(D16="",E16=""),"",IF(IFERROR(INDEX(Stats!$D:$D,MATCH($C16,Stats!$A:$A,0)),FALSE),ROUND(D16+(E16-D16)*(1+G16)*((8-1)/(MaxLevel-1))^(2^F16),0),D16+(E16-D16)*(1+G16)*((8-1)/(MaxLevel-1))^(2^F16))) | P16: =IF(OR(D16="",E16=""),"",IF(IFERROR(INDEX(Stats!$D:$D,MATCH($C16,Stats!$A:$A,0)),FALSE),ROUND(D16+(E16-D16)*(1+G16)*((9-1)/(MaxLevel-1))^(2^F16),0),D16+(E16-D16)*(1+G16)*((9-1)/(MaxLevel-1))^(2^F16))) | Q16: =IF(OR(D16="",E16=""),"",IF(IFERROR(INDEX(Stats!$D:$D,MATCH($C16,Stats!$A:$A,0)),FALSE),ROUND(D16+(E16-D16)*(1+G16)*((10-1)/(MaxLevel-1))^(2^F16),0),D16+(E16-D16)*(1+G16)*((10-1)/(MaxLevel-1))^(2^F16)))
A17: 01U | B17: C1 | C17: SkillBuild | H17: =IF(OR(D17="",E17=""),"",IF(IFERROR(INDEX(Stats!$D:$D,MATCH($C17,Stats!$A:$A,0)),FALSE),ROUND(D17+(E17-D17)*(1+G17)*((1-1)/(MaxLevel-1))^(2^F17),0),D17+(E17-D17)*(1+G17)*((1-1)/(MaxLevel-1))^(2^F17))) | I17: =IF(OR(D17="",E17=""),"",IF(IFERROR(INDEX(Stats!$D:$D,MATCH($C17,Stats!$A:$A,0)),FALSE),ROUND(D17+(E17-D17)*(1+G17)*((2-1)/(MaxLevel-1))^(2^F17),0),D17+(E17-D17)*(1+G17)*((2-1)/(MaxLevel-1))^(2^F17))) | J17: =IF(OR(D17="",E17=""),"",IF(IFERROR(INDEX(Stats!$D:$D,MATCH($C17,Stats!$A:$A,0)),FALSE),ROUND(D17+(E17-D17)*(1+G17)*((3-1)/(MaxLevel-1))^(2^F17),0),D17+(E17-D17)*(1+G17)*((3-1)/(MaxLevel-1))^(2^F17))) | K17: =IF(OR(D17="",E17=""),"",IF(IFERROR(INDEX(Stats!$D:$D,MATCH($C17,Stats!$A:$A,0)),FALSE),ROUND(D17+(E17-D17)*(1+G17)*((4-1)/(MaxLevel-1))^(2^F17),0),D17+(E17-D17)*(1+G17)*((4-1)/(MaxLevel-1))^(2^F17))) | L17: =IF(OR(D17="",E17=""),"",IF(IFERROR(INDEX(Stats!$D:$D,MATCH($C17,Stats!$A:$A,0)),FALSE),ROUND(D17+(E17-D17)*(1+G17)*((5-1)/(MaxLevel-1))^(2^F17),0),D17+(E17-D17)*(1+G17)*((5-1)/(MaxLevel-1))^(2^F17))) | M17: =IF(OR(D17="",E17=""),"",IF(IFERROR(INDEX(Stats!$D:$D,MATCH($C17,Stats!$A:$A,0)),FALSE),ROUND(D17+(E17-D17)*(1+G17)*((6-1)/(MaxLevel-1))^(2^F17),0),D17+(E17-D17)*(1+G17)*((6-1)/(MaxLevel-1))^(2^F17))) | N17: =IF(OR(D17="",E17=""),"",IF(IFERROR(INDEX(Stats!$D:$D,MATCH($C17,Stats!$A:$A,0)),FALSE),ROUND(D17+(E17-D17)*(1+G17)*((7-1)/(MaxLevel-1))^(2^F17),0),D17+(E17-D17)*(1+G17)*((7-1)/(MaxLevel-1))^(2^F17))) | O17: =IF(OR(D17="",E17=""),"",IF(IFERROR(INDEX(Stats!$D:$D,MATCH($C17,Stats!$A:$A,0)),FALSE),ROUND(D17+(E17-D17)*(1+G17)*((8-1)/(MaxLevel-1))^(2^F17),0),D17+(E17-D17)*(1+G17)*((8-1)/(MaxLevel-1))^(2^F17))) | P17: =IF(OR(D17="",E17=""),"",IF(IFERROR(INDEX(Stats!$D:$D,MATCH($C17,Stats!$A:$A,0)),FALSE),ROUND(D17+(E17-D17)*(1+G17)*((9-1)/(MaxLevel-1))^(2^F17),0),D17+(E17-D17)*(1+G17)*((9-1)/(MaxLevel-1))^(2^F17))) | Q17: =IF(OR(D17="",E17=""),"",IF(IFERROR(INDEX(Stats!$D:$D,MATCH($C17,Stats!$A:$A,0)),FALSE),ROUND(D17+(E17-D17)*(1+G17)*((10-1)/(MaxLevel-1))^(2^F17),0),D17+(E17-D17)*(1+G17)*((10-1)/(MaxLevel-1))^(2^F17)))
A18: 01U | B18: C1 | C18: SkillPray | H18: =IF(OR(D18="",E18=""),"",IF(IFERROR(INDEX(Stats!$D:$D,MATCH($C18,Stats!$A:$A,0)),FALSE),ROUND(D18+(E18-D18)*(1+G18)*((1-1)/(MaxLevel-1))^(2^F18),0),D18+(E18-D18)*(1+G18)*((1-1)/(MaxLevel-1))^(2^F18))) | I18: =IF(OR(D18="",E18=""),"",IF(IFERROR(INDEX(Stats!$D:$D,MATCH($C18,Stats!$A:$A,0)),FALSE),ROUND(D18+(E18-D18)*(1+G18)*((2-1)/(MaxLevel-1))^(2^F18),0),D18+(E18-D18)*(1+G18)*((2-1)/(MaxLevel-1))^(2^F18))) | J18: =IF(OR(D18="",E18=""),"",IF(IFERROR(INDEX(Stats!$D:$D,MATCH($C18,Stats!$A:$A,0)),FALSE),ROUND(D18+(E18-D18)*(1+G18)*((3-1)/(MaxLevel-1))^(2^F18),0),D18+(E18-D18)*(1+G18)*((3-1)/(MaxLevel-1))^(2^F18))) | K18: =IF(OR(D18="",E18=""),"",IF(IFERROR(INDEX(Stats!$D:$D,MATCH($C18,Stats!$A:$A,0)),FALSE),ROUND(D18+(E18-D18)*(1+G18)*((4-1)/(MaxLevel-1))^(2^F18),0),D18+(E18-D18)*(1+G18)*((4-1)/(MaxLevel-1))^(2^F18))) | L18: =IF(OR(D18="",E18=""),"",IF(IFERROR(INDEX(Stats!$D:$D,MATCH($C18,Stats!$A:$A,0)),FALSE),ROUND(D18+(E18-D18)*(1+G18)*((5-1)/(MaxLevel-1))^(2^F18),0),D18+(E18-D18)*(1+G18)*((5-1)/(MaxLevel-1))^(2^F18))) | M18: =IF(OR(D18="",E18=""),"",IF(IFERROR(INDEX(Stats!$D:$D,MATCH($C18,Stats!$A:$A,0)),FALSE),ROUND(D18+(E18-D18)*(1+G18)*((6-1)/(MaxLevel-1))^(2^F18),0),D18+(E18-D18)*(1+G18)*((6-1)/(MaxLevel-1))^(2^F18))) | N18: =IF(OR(D18="",E18=""),"",IF(IFERROR(INDEX(Stats!$D:$D,MATCH($C18,Stats!$A:$A,0)),FALSE),ROUND(D18+(E18-D18)*(1+G18)*((7-1)/(MaxLevel-1))^(2^F18),0),D18+(E18-D18)*(1+G18)*((7-1)/(MaxLevel-1))^(2^F18))) | O18: =IF(OR(D18="",E18=""),"",IF(IFERROR(INDEX(Stats!$D:$D,MATCH($C18,Stats!$A:$A,0)),FALSE),ROUND(D18+(E18-D18)*(1+G18)*((8-1)/(MaxLevel-1))^(2^F18),0),D18+(E18-D18)*(1+G18)*((8-1)/(MaxLevel-1))^(2^F18))) | P18: =IF(OR(D18="",E18=""),"",IF(IFERROR(INDEX(Stats!$D:$D,MATCH($C18,Stats!$A:$A,0)),FALSE),ROUND(D18+(E18-D18)*(1+G18)*((9-1)/(MaxLevel-1))^(2^F18),0),D18+(E18-D18)*(1+G18)*((9-1)/(MaxLevel-1))^(2^F18))) | Q18: =IF(OR(D18="",E18=""),"",IF(IFERROR(INDEX(Stats!$D:$D,MATCH($C18,Stats!$A:$A,0)),FALSE),ROUND(D18+(E18-D18)*(1+G18)*((10-1)/(MaxLevel-1))^(2^F18),0),D18+(E18-D18)*(1+G18)*((10-1)/(MaxLevel-1))^(2^F18)))
A19: 01U | B19: C1 | C19: SkillTorture | H19: =IF(OR(D19="",E19=""),"",IF(IFERROR(INDEX(Stats!$D:$D,MATCH($C19,Stats!$A:$A,0)),FALSE),ROUND(D19+(E19-D19)*(1+G19)*((1-1)/(MaxLevel-1))^(2^F19),0),D19+(E19-D19)*(1+G19)*((1-1)/(MaxLevel-1))^(2^F19))) | I19: =IF(OR(D19="",E19=""),"",IF(IFERROR(INDEX(Stats!$D:$D,MATCH($C19,Stats!$A:$A,0)),FALSE),ROUND(D19+(E19-D19)*(1+G19)*((2-1)/(MaxLevel-1))^(2^F19),0),D19+(E19-D19)*(1+G19)*((2-1)/(MaxLevel-1))^(2^F19))) | J19: =IF(OR(D19="",E19=""),"",IF(IFERROR(INDEX(Stats!$D:$D,MATCH($C19,Stats!$A:$A,0)),FALSE),ROUND(D19+(E19-D19)*(1+G19)*((3-1)/(MaxLevel-1))^(2^F19),0),D19+(E19-D19)*(1+G19)*((3-1)/(MaxLevel-1))^(2^F19))) | K19: =IF(OR(D19="",E19=""),"",IF(IFERROR(INDEX(Stats!$D:$D,MATCH($C19,Stats!$A:$A,0)),FALSE),ROUND(D19+(E19-D19)*(1+G19)*((4-1)/(MaxLevel-1))^(2^F19),0),D19+(E19-D19)*(1+G19)*((4-1)/(MaxLevel-1))^(2^F19))) | L19: =IF(OR(D19="",E19=""),"",IF(IFERROR(INDEX(Stats!$D:$D,MATCH($C19,Stats!$A:$A,0)),FALSE),ROUND(D19+(E19-D19)*(1+G19)*((5-1)/(MaxLevel-1))^(2^F19),0),D19+(E19-D19)*(1+G19)*((5-1)/(MaxLevel-1))^(2^F19))) | M19: =IF(OR(D19="",E19=""),"",IF(IFERROR(INDEX(Stats!$D:$D,MATCH($C19,Stats!$A:$A,0)),FALSE),ROUND(D19+(E19-D19)*(1+G19)*((6-1)/(MaxLevel-1))^(2^F19),0),D19+(E19-D19)*(1+G19)*((6-1)/(MaxLevel-1))^(2^F19))) | N19: =IF(OR(D19="",E19=""),"",IF(IFERROR(INDEX(Stats!$D:$D,MATCH($C19,Stats!$A:$A,0)),FALSE),ROUND(D19+(E19-D19)*(1+G19)*((7-1)/(MaxLevel-1))^(2^F19),0),D19+(E19-D19)*(1+G19)*((7-1)/(MaxLevel-1))^(2^F19))) | O19: =IF(OR(D19="",E19=""),"",IF(IFERROR(INDEX(Stats!$D:$D,MATCH($C19,Stats!$A:$A,0)),FALSE),ROUND(D19+(E19-D19)*(1+G19)*((8-1)/(MaxLevel-1))^(2^F19),0),D19+(E19-D19)*(1+G19)*((8-1)/(MaxLevel-1))^(2^F19))) | P19: =IF(OR(D19="",E19=""),"",IF(IFERROR(INDEX(Stats!$D:$D,MATCH($C19,Stats!$A:$A,0)),FALSE),ROUND(D19+(E19-D19)*(1+G19)*((9-1)/(MaxLevel-1))^(2^F19),0),D19+(E19-D19)*(1+G19)*((9-1)/(MaxLevel-1))^(2^F19))) | Q19: =IF(OR(D19="",E19=""),"",IF(IFERROR(INDEX(Stats!$D:$D,MATCH($C19,Stats!$A:$A,0)),FALSE),ROUND(D19+(E19-D19)*(1+G19)*((10-1)/(MaxLevel-1))^(2^F19),0),D19+(E19-D19)*(1+G19)*((10-1)/(MaxLevel-1))^(2^F19)))
A20: 01U | B20: C1 | C20: Anger | D20: 0.3 | E20: 0.1 | F20: 0 | G20: 0 | H20: =IF(OR(D20="",E20=""),"",IF(IFERROR(INDEX(Stats!$D:$D,MATCH($C20,Stats!$A:$A,0)),FALSE),ROUND(D20+(E20-D20)*(1+G20)*((1-1)/(MaxLevel-1))^(2^F20),0),D20+(E20-D20)*(1+G20)*((1-1)/(MaxLevel-1))^(2^F20))) | I20: =IF(OR(D20="",E20=""),"",IF(IFERROR(INDEX(Stats!$D:$D,MATCH($C20,Stats!$A:$A,0)),FALSE),ROUND(D20+(E20-D20)*(1+G20)*((2-1)/(MaxLevel-1))^(2^F20),0),D20+(E20-D20)*(1+G20)*((2-1)/(MaxLevel-1))^(2^F20))) | J20: =IF(OR(D20="",E20=""),"",IF(IFERROR(INDEX(Stats!$D:$D,MATCH($C20,Stats!$A:$A,0)),FALSE),ROUND(D20+(E20-D20)*(1+G20)*((3-1)/(MaxLevel-1))^(2^F20),0),D20+(E20-D20)*(1+G20)*((3-1)/(MaxLevel-1))^(2^F20))) | K20: =IF(OR(D20="",E20=""),"",IF(IFERROR(INDEX(Stats!$D:$D,MATCH($C20,Stats!$A:$A,0)),FALSE),ROUND(D20+(E20-D20)*(1+G20)*((4-1)/(MaxLevel-1))^(2^F20),0),D20+(E20-D20)*(1+G20)*((4-1)/(MaxLevel-1))^(2^F20))) | L20: =IF(OR(D20="",E20=""),"",IF(IFERROR(INDEX(Stats!$D:$D,MATCH($C20,Stats!$A:$A,0)),FALSE),ROUND(D20+(E20-D20)*(1+G20)*((5-1)/(MaxLevel-1))^(2^F20),0),D20+(E20-D20)*(1+G20)*((5-1)/(MaxLevel-1))^(2^F20))) | M20: =IF(OR(D20="",E20=""),"",IF(IFERROR(INDEX(Stats!$D:$D,MATCH($C20,Stats!$A:$A,0)),FALSE),ROUND(D20+(E20-D20)*(1+G20)*((6-1)/(MaxLevel-1))^(2^F20),0),D20+(E20-D20)*(1+G20)*((6-1)/(MaxLevel-1))^(2^F20))) | N20: =IF(OR(D20="",E20=""),"",IF(IFERROR(INDEX(Stats!$D:$D,MATCH($C20,Stats!$A:$A,0)),FALSE),ROUND(D20+(E20-D20)*(1+G20)*((7-1)/(MaxLevel-1))^(2^F20),0),D20+(E20-D20)*(1+G20)*((7-1)/(MaxLevel-1))^(2^F20))) | O20: =IF(OR(D20="",E20=""),"",IF(IFERROR(INDEX(Stats!$D:$D,MATCH($C20,Stats!$A:$A,0)),FALSE),ROUND(D20+(E20-D20)*(1+G20)*((8-1)/(MaxLevel-1))^(2^F20),0),D20+(E20-D20)*(1+G20)*((8-1)/(MaxLevel-1))^(2^F20))) | P20: =IF(OR(D20="",E20=""),"",IF(IFERROR(INDEX(Stats!$D:$D,MATCH($C20,Stats!$A:$A,0)),FALSE),ROUND(D20+(E20-D20)*(1+G20)*((9-1)/(MaxLevel-1))^(2^F20),0),D20+(E20-D20)*(1+G20)*((9-1)/(MaxLevel-1))^(2^F20))) | Q20: =IF(OR(D20="",E20=""),"",IF(IFERROR(INDEX(Stats!$D:$D,MATCH($C20,Stats!$A:$A,0)),FALSE),ROUND(D20+(E20-D20)*(1+G20)*((10-1)/(MaxLevel-1))^(2^F20),0),D20+(E20-D20)*(1+G20)*((10-1)/(MaxLevel-1))^(2^F20)))
A21: 01U | B21: T1M | C21: Experience | D21: 0 | E21: 5000 | F21: 1 | G21: 0 | H21: =IF(OR(D21="",E21=""),"",IF(IFERROR(INDEX(Stats!$D:$D,MATCH($C21,Stats!$A:$A,0)),FALSE),ROUND(D21+(E21-D21)*(1+G21)*((1-1)/(MaxLevel-1))^(2^F21),0),D21+(E21-D21)*(1+G21)*((1-1)/(MaxLevel-1))^(2^F21))) | I21: =IF(OR(D21="",E21=""),"",IF(IFERROR(INDEX(Stats!$D:$D,MATCH($C21,Stats!$A:$A,0)),FALSE),ROUND(D21+(E21-D21)*(1+G21)*((2-1)/(MaxLevel-1))^(2^F21),0),D21+(E21-D21)*(1+G21)*((2-1)/(MaxLevel-1))^(2^F21))) | J21: =IF(OR(D21="",E21=""),"",IF(IFERROR(INDEX(Stats!$D:$D,MATCH($C21,Stats!$A:$A,0)),FALSE),ROUND(D21+(E21-D21)*(1+G21)*((3-1)/(MaxLevel-1))^(2^F21),0),D21+(E21-D21)*(1+G21)*((3-1)/(MaxLevel-1))^(2^F21))) | K21: =IF(OR(D21="",E21=""),"",IF(IFERROR(INDEX(Stats!$D:$D,MATCH($C21,Stats!$A:$A,0)),FALSE),ROUND(D21+(E21-D21)*(1+G21)*((4-1)/(MaxLevel-1))^(2^F21),0),D21+(E21-D21)*(1+G21)*((4-1)/(MaxLevel-1))^(2^F21))) | L21: =IF(OR(D21="",E21=""),"",IF(IFERROR(INDEX(Stats!$D:$D,MATCH($C21,Stats!$A:$A,0)),FALSE),ROUND(D21+(E21-D21)*(1+G21)*((5-1)/(MaxLevel-1))^(2^F21),0),D21+(E21-D21)*(1+G21)*((5-1)/(MaxLevel-1))^(2^F21))) | M21: =IF(OR(D21="",E21=""),"",IF(IFERROR(INDEX(Stats!$D:$D,MATCH($C21,Stats!$A:$A,0)),FALSE),ROUND(D21+(E21-D21)*(1+G21)*((6-1)/(MaxLevel-1))^(2^F21),0),D21+(E21-D21)*(1+G21)*((6-1)/(MaxLevel-1))^(2^F21))) | N21: =IF(OR(D21="",E21=""),"",IF(IFERROR(INDEX(Stats!$D:$D,MATCH($C21,Stats!$A:$A,0)),FALSE),ROUND(D21+(E21-D21)*(1+G21)*((7-1)/(MaxLevel-1))^(2^F21),0),D21+(E21-D21)*(1+G21)*((7-1)/(MaxLevel-1))^(2^F21))) | O21: =IF(OR(D21="",E21=""),"",IF(IFERROR(INDEX(Stats!$D:$D,MATCH($C21,Stats!$A:$A,0)),FALSE),ROUND(D21+(E21-D21)*(1+G21)*((8-1)/(MaxLevel-1))^(2^F21),0),D21+(E21-D21)*(1+G21)*((8-1)/(MaxLevel-1))^(2^F21))) | P21: =IF(OR(D21="",E21=""),"",IF(IFERROR(INDEX(Stats!$D:$D,MATCH($C21,Stats!$A:$A,0)),FALSE),ROUND(D21+(E21-D21)*(1+G21)*((9-1)/(MaxLevel-1))^(2^F21),0),D21+(E21-D21)*(1+G21)*((9-1)/(MaxLevel-1))^(2^F21))) | Q21: =IF(OR(D21="",E21=""),"",IF(IFERROR(INDEX(Stats!$D:$D,MATCH($C21,Stats!$A:$A,0)),FALSE),ROUND(D21+(E21-D21)*(1+G21)*((10-1)/(MaxLevel-1))^(2^F21),0),D21+(E21-D21)*(1+G21)*((10-1)/(MaxLevel-1))^(2^F21)))
A22: 01U | B22: T1M | C22: Salary | D22: 10 | E22: 80 | F22: 0 | G22: 0 | H22: =IF(OR(D22="",E22=""),"",IF(IFERROR(INDEX(Stats!$D:$D,MATCH($C22,Stats!$A:$A,0)),FALSE),ROUND(D22+(E22-D22)*(1+G22)*((1-1)/(MaxLevel-1))^(2^F22),0),D22+(E22-D22)*(1+G22)*((1-1)/(MaxLevel-1))^(2^F22))) | I22: =IF(OR(D22="",E22=""),"",IF(IFERROR(INDEX(Stats!$D:$D,MATCH($C22,Stats!$A:$A,0)),FALSE),ROUND(D22+(E22-D22)*(1+G22)*((2-1)/(MaxLevel-1))^(2^F22),0),D22+(E22-D22)*(1+G22)*((2-1)/(MaxLevel-1))^(2^F22))) | J22: =IF(OR(D22="",E22=""),"",IF(IFERROR(INDEX(Stats!$D:$D,MATCH($C22,Stats!$A:$A,0)),FALSE),ROUND(D22+(E22-D22)*(1+G22)*((3-1)/(MaxLevel-1))^(2^F22),0),D22+(E22-D22)*(1+G22)*((3-1)/(MaxLevel-1))^(2^F22))) | K22: =IF(OR(D22="",E22=""),"",IF(IFERROR(INDEX(Stats!$D:$D,MATCH($C22,Stats!$A:$A,0)),FALSE),ROUND(D22+(E22-D22)*(1+G22)*((4-1)/(MaxLevel-1))^(2^F22),0),D22+(E22-D22)*(1+G22)*((4-1)/(MaxLevel-1))^(2^F22))) | L22: =IF(OR(D22="",E22=""),"",IF(IFERROR(INDEX(Stats!$D:$D,MATCH($C22,Stats!$A:$A,0)),FALSE),ROUND(D22+(E22-D22)*(1+G22)*((5-1)/(MaxLevel-1))^(2^F22),0),D22+(E22-D22)*(1+G22)*((5-1)/(MaxLevel-1))^(2^F22))) | M22: =IF(OR(D22="",E22=""),"",IF(IFERROR(INDEX(Stats!$D:$D,MATCH($C22,Stats!$A:$A,0)),FALSE),ROUND(D22+(E22-D22)*(1+G22)*((6-1)/(MaxLevel-1))^(2^F22),0),D22+(E22-D22)*(1+G22)*((6-1)/(MaxLevel-1))^(2^F22))) | N22: =IF(OR(D22="",E22=""),"",IF(IFERROR(INDEX(Stats!$D:$D,MATCH($C22,Stats!$A:$A,0)),FALSE),ROUND(D22+(E22-D22)*(1+G22)*((7-1)/(MaxLevel-1))^(2^F22),0),D22+(E22-D22)*(1+G22)*((7-1)/(MaxLevel-1))^(2^F22))) | O22: =IF(OR(D22="",E22=""),"",IF(IFERROR(INDEX(Stats!$D:$D,MATCH($C22,Stats!$A:$A,0)),FALSE),ROUND(D22+(E22-D22)*(1+G22)*((8-1)/(MaxLevel-1))^(2^F22),0),D22+(E22-D22)*(1+G22)*((8-1)/(MaxLevel-1))^(2^F22))) | P22: =IF(OR(D22="",E22=""),"",IF(IFERROR(INDEX(Stats!$D:$D,MATCH($C22,Stats!$A:$A,0)),FALSE),ROUND(D22+(E22-D22)*(1+G22)*((9-1)/(MaxLevel-1))^(2^F22),0),D22+(E22-D22)*(1+G22)*((9-1)/(MaxLevel-1))^(2^F22))) | Q22: =IF(OR(D22="",E22=""),"",IF(IFERROR(INDEX(Stats!$D:$D,MATCH($C22,Stats!$A:$A,0)),FALSE),ROUND(D22+(E22-D22)*(1+G22)*((10-1)/(MaxLevel-1))^(2^F22),0),D22+(E22-D22)*(1+G22)*((10-1)/(MaxLevel-1))^(2^F22)))
A23: 01U | B23: T1M | C23: Health | D23: 80 | E23: 400 | F23: -0.5 | G23: 0 | H23: =IF(OR(D23="",E23=""),"",IF(IFERROR(INDEX(Stats!$D:$D,MATCH($C23,Stats!$A:$A,0)),FALSE),ROUND(D23+(E23-D23)*(1+G23)*((1-1)/(MaxLevel-1))^(2^F23),0),D23+(E23-D23)*(1+G23)*((1-1)/(MaxLevel-1))^(2^F23))) | I23: =IF(OR(D23="",E23=""),"",IF(IFERROR(INDEX(Stats!$D:$D,MATCH($C23,Stats!$A:$A,0)),FALSE),ROUND(D23+(E23-D23)*(1+G23)*((2-1)/(MaxLevel-1))^(2^F23),0),D23+(E23-D23)*(1+G23)*((2-1)/(MaxLevel-1))^(2^F23))) | J23: =IF(OR(D23="",E23=""),"",IF(IFERROR(INDEX(Stats!$D:$D,MATCH($C23,Stats!$A:$A,0)),FALSE),ROUND(D23+(E23-D23)*(1+G23)*((3-1)/(MaxLevel-1))^(2^F23),0),D23+(E23-D23)*(1+G23)*((3-1)/(MaxLevel-1))^(2^F23))) | K23: =IF(OR(D23="",E23=""),"",IF(IFERROR(INDEX(Stats!$D:$D,MATCH($C23,Stats!$A:$A,0)),FALSE),ROUND(D23+(E23-D23)*(1+G23)*((4-1)/(MaxLevel-1))^(2^F23),0),D23+(E23-D23)*(1+G23)*((4-1)/(MaxLevel-1))^(2^F23))) | L23: =IF(OR(D23="",E23=""),"",IF(IFERROR(INDEX(Stats!$D:$D,MATCH($C23,Stats!$A:$A,0)),FALSE),ROUND(D23+(E23-D23)*(1+G23)*((5-1)/(MaxLevel-1))^(2^F23),0),D23+(E23-D23)*(1+G23)*((5-1)/(MaxLevel-1))^(2^F23))) | M23: =IF(OR(D23="",E23=""),"",IF(IFERROR(INDEX(Stats!$D:$D,MATCH($C23,Stats!$A:$A,0)),FALSE),ROUND(D23+(E23-D23)*(1+G23)*((6-1)/(MaxLevel-1))^(2^F23),0),D23+(E23-D23)*(1+G23)*((6-1)/(MaxLevel-1))^(2^F23))) | N23: =IF(OR(D23="",E23=""),"",IF(IFERROR(INDEX(Stats!$D:$D,MATCH($C23,Stats!$A:$A,0)),FALSE),ROUND(D23+(E23-D23)*(1+G23)*((7-1)/(MaxLevel-1))^(2^F23),0),D23+(E23-D23)*(1+G23)*((7-1)/(MaxLevel-1))^(2^F23))) | O23: =IF(OR(D23="",E23=""),"",IF(IFERROR(INDEX(Stats!$D:$D,MATCH($C23,Stats!$A:$A,0)),FALSE),ROUND(D23+(E23-D23)*(1+G23)*((8-1)/(MaxLevel-1))^(2^F23),0),D23+(E23-D23)*(1+G23)*((8-1)/(MaxLevel-1))^(2^F23))) | P23: =IF(OR(D23="",E23=""),"",IF(IFERROR(INDEX(Stats!$D:$D,MATCH($C23,Stats!$A:$A,0)),FALSE),ROUND(D23+(E23-D23)*(1+G23)*((9-1)/(MaxLevel-1))^(2^F23),0),D23+(E23-D23)*(1+G23)*((9-1)/(MaxLevel-1))^(2^F23))) | Q23: =IF(OR(D23="",E23=""),"",IF(IFERROR(INDEX(Stats!$D:$D,MATCH($C23,Stats!$A:$A,0)),FALSE),ROUND(D23+(E23-D23)*(1+G23)*((10-1)/(MaxLevel-1))^(2^F23),0),D23+(E23-D23)*(1+G23)*((10-1)/(MaxLevel-1))^(2^F23)))
A24: 01U | B24: T1M | C24: Strength | H24: =IF(OR(D24="",E24=""),"",IF(IFERROR(INDEX(Stats!$D:$D,MATCH($C24,Stats!$A:$A,0)),FALSE),ROUND(D24+(E24-D24)*(1+G24)*((1-1)/(MaxLevel-1))^(2^F24),0),D24+(E24-D24)*(1+G24)*((1-1)/(MaxLevel-1))^(2^F24))) | I24: =IF(OR(D24="",E24=""),"",IF(IFERROR(INDEX(Stats!$D:$D,MATCH($C24,Stats!$A:$A,0)),FALSE),ROUND(D24+(E24-D24)*(1+G24)*((2-1)/(MaxLevel-1))^(2^F24),0),D24+(E24-D24)*(1+G24)*((2-1)/(MaxLevel-1))^(2^F24))) | J24: =IF(OR(D24="",E24=""),"",IF(IFERROR(INDEX(Stats!$D:$D,MATCH($C24,Stats!$A:$A,0)),FALSE),ROUND(D24+(E24-D24)*(1+G24)*((3-1)/(MaxLevel-1))^(2^F24),0),D24+(E24-D24)*(1+G24)*((3-1)/(MaxLevel-1))^(2^F24))) | K24: =IF(OR(D24="",E24=""),"",IF(IFERROR(INDEX(Stats!$D:$D,MATCH($C24,Stats!$A:$A,0)),FALSE),ROUND(D24+(E24-D24)*(1+G24)*((4-1)/(MaxLevel-1))^(2^F24),0),D24+(E24-D24)*(1+G24)*((4-1)/(MaxLevel-1))^(2^F24))) | L24: =IF(OR(D24="",E24=""),"",IF(IFERROR(INDEX(Stats!$D:$D,MATCH($C24,Stats!$A:$A,0)),FALSE),ROUND(D24+(E24-D24)*(1+G24)*((5-1)/(MaxLevel-1))^(2^F24),0),D24+(E24-D24)*(1+G24)*((5-1)/(MaxLevel-1))^(2^F24))) | M24: =IF(OR(D24="",E24=""),"",IF(IFERROR(INDEX(Stats!$D:$D,MATCH($C24,Stats!$A:$A,0)),FALSE),ROUND(D24+(E24-D24)*(1+G24)*((6-1)/(MaxLevel-1))^(2^F24),0),D24+(E24-D24)*(1+G24)*((6-1)/(MaxLevel-1))^(2^F24))) | N24: =IF(OR(D24="",E24=""),"",IF(IFERROR(INDEX(Stats!$D:$D,MATCH($C24,Stats!$A:$A,0)),FALSE),ROUND(D24+(E24-D24)*(1+G24)*((7-1)/(MaxLevel-1))^(2^F24),0),D24+(E24-D24)*(1+G24)*((7-1)/(MaxLevel-1))^(2^F24))) | O24: =IF(OR(D24="",E24=""),"",IF(IFERROR(INDEX(Stats!$D:$D,MATCH($C24,Stats!$A:$A,0)),FALSE),ROUND(D24+(E24-D24)*(1+G24)*((8-1)/(MaxLevel-1))^(2^F24),0),D24+(E24-D24)*(1+G24)*((8-1)/(MaxLevel-1))^(2^F24))) | P24: =IF(OR(D24="",E24=""),"",IF(IFERROR(INDEX(Stats!$D:$D,MATCH($C24,Stats!$A:$A,0)),FALSE),ROUND(D24+(E24-D24)*(1+G24)*((9-1)/(MaxLevel-1))^(2^F24),0),D24+(E24-D24)*(1+G24)*((9-1)/(MaxLevel-1))^(2^F24))) | Q24: =IF(OR(D24="",E24=""),"",IF(IFERROR(INDEX(Stats!$D:$D,MATCH($C24,Stats!$A:$A,0)),FALSE),ROUND(D24+(E24-D24)*(1+G24)*((10-1)/(MaxLevel-1))^(2^F24),0),D24+(E24-D24)*(1+G24)*((10-1)/(MaxLevel-1))^(2^F24)))
A25: 01U | B25: T1M | C25: Accuracy | H25: =IF(OR(D25="",E25=""),"",IF(IFERROR(INDEX(Stats!$D:$D,MATCH($C25,Stats!$A:$A,0)),FALSE),ROUND(D25+(E25-D25)*(1+G25)*((1-1)/(MaxLevel-1))^(2^F25),0),D25+(E25-D25)*(1+G25)*((1-1)/(MaxLevel-1))^(2^F25))) | I25: =IF(OR(D25="",E25=""),"",IF(IFERROR(INDEX(Stats!$D:$D,MATCH($C25,Stats!$A:$A,0)),FALSE),ROUND(D25+(E25-D25)*(1+G25)*((2-1)/(MaxLevel-1))^(2^F25),0),D25+(E25-D25)*(1+G25)*((2-1)/(MaxLevel-1))^(2^F25))) | J25: =IF(OR(D25="",E25=""),"",IF(IFERROR(INDEX(Stats!$D:$D,MATCH($C25,Stats!$A:$A,0)),FALSE),ROUND(D25+(E25-D25)*(1+G25)*((3-1)/(MaxLevel-1))^(2^F25),0),D25+(E25-D25)*(1+G25)*((3-1)/(MaxLevel-1))^(2^F25))) | K25: =IF(OR(D25="",E25=""),"",IF(IFERROR(INDEX(Stats!$D:$D,MATCH($C25,Stats!$A:$A,0)),FALSE),ROUND(D25+(E25-D25)*(1+G25)*((4-1)/(MaxLevel-1))^(2^F25),0),D25+(E25-D25)*(1+G25)*((4-1)/(MaxLevel-1))^(2^F25))) | L25: =IF(OR(D25="",E25=""),"",IF(IFERROR(INDEX(Stats!$D:$D,MATCH($C25,Stats!$A:$A,0)),FALSE),ROUND(D25+(E25-D25)*(1+G25)*((5-1)/(MaxLevel-1))^(2^F25),0),D25+(E25-D25)*(1+G25)*((5-1)/(MaxLevel-1))^(2^F25))) | M25: =IF(OR(D25="",E25=""),"",IF(IFERROR(INDEX(Stats!$D:$D,MATCH($C25,Stats!$A:$A,0)),FALSE),ROUND(D25+(E25-D25)*(1+G25)*((6-1)/(MaxLevel-1))^(2^F25),0),D25+(E25-D25)*(1+G25)*((6-1)/(MaxLevel-1))^(2^F25))) | N25: =IF(OR(D25="",E25=""),"",IF(IFERROR(INDEX(Stats!$D:$D,MATCH($C25,Stats!$A:$A,0)),FALSE),ROUND(D25+(E25-D25)*(1+G25)*((7-1)/(MaxLevel-1))^(2^F25),0),D25+(E25-D25)*(1+G25)*((7-1)/(MaxLevel-1))^(2^F25))) | O25: =IF(OR(D25="",E25=""),"",IF(IFERROR(INDEX(Stats!$D:$D,MATCH($C25,Stats!$A:$A,0)),FALSE),ROUND(D25+(E25-D25)*(1+G25)*((8-1)/(MaxLevel-1))^(2^F25),0),D25+(E25-D25)*(1+G25)*((8-1)/(MaxLevel-1))^(2^F25))) | P25: =IF(OR(D25="",E25=""),"",IF(IFERROR(INDEX(Stats!$D:$D,MATCH($C25,Stats!$A:$A,0)),FALSE),ROUND(D25+(E25-D25)*(1+G25)*((9-1)/(MaxLevel-1))^(2^F25),0),D25+(E25-D25)*(1+G25)*((9-1)/(MaxLevel-1))^(2^F25))) | Q25: =IF(OR(D25="",E25=""),"",IF(IFERROR(INDEX(Stats!$D:$D,MATCH($C25,Stats!$A:$A,0)),FALSE),ROUND(D25+(E25-D25)*(1+G25)*((10-1)/(MaxLevel-1))^(2^F25),0),D25+(E25-D25)*(1+G25)*((10-1)/(MaxLevel-1))^(2^F25)))
A26: 01U | B26: T1M | C26: Dexterity | H26: =IF(OR(D26="",E26=""),"",IF(IFERROR(INDEX(Stats!$D:$D,MATCH($C26,Stats!$A:$A,0)),FALSE),ROUND(D26+(E26-D26)*(1+G26)*((1-1)/(MaxLevel-1))^(2^F26),0),D26+(E26-D26)*(1+G26)*((1-1)/(MaxLevel-1))^(2^F26))) | I26: =IF(OR(D26="",E26=""),"",IF(IFERROR(INDEX(Stats!$D:$D,MATCH($C26,Stats!$A:$A,0)),FALSE),ROUND(D26+(E26-D26)*(1+G26)*((2-1)/(MaxLevel-1))^(2^F26),0),D26+(E26-D26)*(1+G26)*((2-1)/(MaxLevel-1))^(2^F26))) | J26: =IF(OR(D26="",E26=""),"",IF(IFERROR(INDEX(Stats!$D:$D,MATCH($C26,Stats!$A:$A,0)),FALSE),ROUND(D26+(E26-D26)*(1+G26)*((3-1)/(MaxLevel-1))^(2^F26),0),D26+(E26-D26)*(1+G26)*((3-1)/(MaxLevel-1))^(2^F26))) | K26: =IF(OR(D26="",E26=""),"",IF(IFERROR(INDEX(Stats!$D:$D,MATCH($C26,Stats!$A:$A,0)),FALSE),ROUND(D26+(E26-D26)*(1+G26)*((4-1)/(MaxLevel-1))^(2^F26),0),D26+(E26-D26)*(1+G26)*((4-1)/(MaxLevel-1))^(2^F26))) | L26: =IF(OR(D26="",E26=""),"",IF(IFERROR(INDEX(Stats!$D:$D,MATCH($C26,Stats!$A:$A,0)),FALSE),ROUND(D26+(E26-D26)*(1+G26)*((5-1)/(MaxLevel-1))^(2^F26),0),D26+(E26-D26)*(1+G26)*((5-1)/(MaxLevel-1))^(2^F26))) | M26: =IF(OR(D26="",E26=""),"",IF(IFERROR(INDEX(Stats!$D:$D,MATCH($C26,Stats!$A:$A,0)),FALSE),ROUND(D26+(E26-D26)*(1+G26)*((6-1)/(MaxLevel-1))^(2^F26),0),D26+(E26-D26)*(1+G26)*((6-1)/(MaxLevel-1))^(2^F26))) | N26: =IF(OR(D26="",E26=""),"",IF(IFERROR(INDEX(Stats!$D:$D,MATCH($C26,Stats!$A:$A,0)),FALSE),ROUND(D26+(E26-D26)*(1+G26)*((7-1)/(MaxLevel-1))^(2^F26),0),D26+(E26-D26)*(1+G26)*((7-1)/(MaxLevel-1))^(2^F26))) | O26: =IF(OR(D26="",E26=""),"",IF(IFERROR(INDEX(Stats!$D:$D,MATCH($C26,Stats!$A:$A,0)),FALSE),ROUND(D26+(E26-D26)*(1+G26)*((8-1)/(MaxLevel-1))^(2^F26),0),D26+(E26-D26)*(1+G26)*((8-1)/(MaxLevel-1))^(2^F26))) | P26: =IF(OR(D26="",E26=""),"",IF(IFERROR(INDEX(Stats!$D:$D,MATCH($C26,Stats!$A:$A,0)),FALSE),ROUND(D26+(E26-D26)*(1+G26)*((9-1)/(MaxLevel-1))^(2^F26),0),D26+(E26-D26)*(1+G26)*((9-1)/(MaxLevel-1))^(2^F26))) | Q26: =IF(OR(D26="",E26=""),"",IF(IFERROR(INDEX(Stats!$D:$D,MATCH($C26,Stats!$A:$A,0)),FALSE),ROUND(D26+(E26-D26)*(1+G26)*((10-1)/(MaxLevel-1))^(2^F26),0),D26+(E26-D26)*(1+G26)*((10-1)/(MaxLevel-1))^(2^F26)))
A27: 01U | B27: T1M | C27: Fortitude | H27: =IF(OR(D27="",E27=""),"",IF(IFERROR(INDEX(Stats!$D:$D,MATCH($C27,Stats!$A:$A,0)),FALSE),ROUND(D27+(E27-D27)*(1+G27)*((1-1)/(MaxLevel-1))^(2^F27),0),D27+(E27-D27)*(1+G27)*((1-1)/(MaxLevel-1))^(2^F27))) | I27: =IF(OR(D27="",E27=""),"",IF(IFERROR(INDEX(Stats!$D:$D,MATCH($C27,Stats!$A:$A,0)),FALSE),ROUND(D27+(E27-D27)*(1+G27)*((2-1)/(MaxLevel-1))^(2^F27),0),D27+(E27-D27)*(1+G27)*((2-1)/(MaxLevel-1))^(2^F27))) | J27: =IF(OR(D27="",E27=""),"",IF(IFERROR(INDEX(Stats!$D:$D,MATCH($C27,Stats!$A:$A,0)),FALSE),ROUND(D27+(E27-D27)*(1+G27)*((3-1)/(MaxLevel-1))^(2^F27),0),D27+(E27-D27)*(1+G27)*((3-1)/(MaxLevel-1))^(2^F27))) | K27: =IF(OR(D27="",E27=""),"",IF(IFERROR(INDEX(Stats!$D:$D,MATCH($C27,Stats!$A:$A,0)),FALSE),ROUND(D27+(E27-D27)*(1+G27)*((4-1)/(MaxLevel-1))^(2^F27),0),D27+(E27-D27)*(1+G27)*((4-1)/(MaxLevel-1))^(2^F27))) | L27: =IF(OR(D27="",E27=""),"",IF(IFERROR(INDEX(Stats!$D:$D,MATCH($C27,Stats!$A:$A,0)),FALSE),ROUND(D27+(E27-D27)*(1+G27)*((5-1)/(MaxLevel-1))^(2^F27),0),D27+(E27-D27)*(1+G27)*((5-1)/(MaxLevel-1))^(2^F27))) | M27: =IF(OR(D27="",E27=""),"",IF(IFERROR(INDEX(Stats!$D:$D,MATCH($C27,Stats!$A:$A,0)),FALSE),ROUND(D27+(E27-D27)*(1+G27)*((6-1)/(MaxLevel-1))^(2^F27),0),D27+(E27-D27)*(1+G27)*((6-1)/(MaxLevel-1))^(2^F27))) | N27: =IF(OR(D27="",E27=""),"",IF(IFERROR(INDEX(Stats!$D:$D,MATCH($C27,Stats!$A:$A,0)),FALSE),ROUND(D27+(E27-D27)*(1+G27)*((7-1)/(MaxLevel-1))^(2^F27),0),D27+(E27-D27)*(1+G27)*((7-1)/(MaxLevel-1))^(2^F27))) | O27: =IF(OR(D27="",E27=""),"",IF(IFERROR(INDEX(Stats!$D:$D,MATCH($C27,Stats!$A:$A,0)),FALSE),ROUND(D27+(E27-D27)*(1+G27)*((8-1)/(MaxLevel-1))^(2^F27),0),D27+(E27-D27)*(1+G27)*((8-1)/(MaxLevel-1))^(2^F27))) | P27: =IF(OR(D27="",E27=""),"",IF(IFERROR(INDEX(Stats!$D:$D,MATCH($C27,Stats!$A:$A,0)),FALSE),ROUND(D27+(E27-D27)*(1+G27)*((9-1)/(MaxLevel-1))^(2^F27),0),D27+(E27-D27)*(1+G27)*((9-1)/(MaxLevel-1))^(2^F27))) | Q27: =IF(OR(D27="",E27=""),"",IF(IFERROR(INDEX(Stats!$D:$D,MATCH($C27,Stats!$A:$A,0)),FALSE),ROUND(D27+(E27-D27)*(1+G27)*((10-1)/(MaxLevel-1))^(2^F27),0),D27+(E27-D27)*(1+G27)*((10-1)/(MaxLevel-1))^(2^F27)))
A28: 01U | B28: T1M | C28: Speed | D28: 1.5 | E28: 2 | F28: -1 | G28: 0 | H28: =IF(OR(D28="",E28=""),"",IF(IFERROR(INDEX(Stats!$D:$D,MATCH($C28,Stats!$A:$A,0)),FALSE),ROUND(D28+(E28-D28)*(1+G28)*((1-1)/(MaxLevel-1))^(2^F28),0),D28+(E28-D28)*(1+G28)*((1-1)/(MaxLevel-1))^(2^F28))) | I28: =IF(OR(D28="",E28=""),"",IF(IFERROR(INDEX(Stats!$D:$D,MATCH($C28,Stats!$A:$A,0)),FALSE),ROUND(D28+(E28-D28)*(1+G28)*((2-1)/(MaxLevel-1))^(2^F28),0),D28+(E28-D28)*(1+G28)*((2-1)/(MaxLevel-1))^(2^F28))) | J28: =IF(OR(D28="",E28=""),"",IF(IFERROR(INDEX(Stats!$D:$D,MATCH($C28,Stats!$A:$A,0)),FALSE),ROUND(D28+(E28-D28)*(1+G28)*((3-1)/(MaxLevel-1))^(2^F28),0),D28+(E28-D28)*(1+G28)*((3-1)/(MaxLevel-1))^(2^F28))) | K28: =IF(OR(D28="",E28=""),"",IF(IFERROR(INDEX(Stats!$D:$D,MATCH($C28,Stats!$A:$A,0)),FALSE),ROUND(D28+(E28-D28)*(1+G28)*((4-1)/(MaxLevel-1))^(2^F28),0),D28+(E28-D28)*(1+G28)*((4-1)/(MaxLevel-1))^(2^F28))) | L28: =IF(OR(D28="",E28=""),"",IF(IFERROR(INDEX(Stats!$D:$D,MATCH($C28,Stats!$A:$A,0)),FALSE),ROUND(D28+(E28-D28)*(1+G28)*((5-1)/(MaxLevel-1))^(2^F28),0),D28+(E28-D28)*(1+G28)*((5-1)/(MaxLevel-1))^(2^F28))) | M28: =IF(OR(D28="",E28=""),"",IF(IFERROR(INDEX(Stats!$D:$D,MATCH($C28,Stats!$A:$A,0)),FALSE),ROUND(D28+(E28-D28)*(1+G28)*((6-1)/(MaxLevel-1))^(2^F28),0),D28+(E28-D28)*(1+G28)*((6-1)/(MaxLevel-1))^(2^F28))) | N28: =IF(OR(D28="",E28=""),"",IF(IFERROR(INDEX(Stats!$D:$D,MATCH($C28,Stats!$A:$A,0)),FALSE),ROUND(D28+(E28-D28)*(1+G28)*((7-1)/(MaxLevel-1))^(2^F28),0),D28+(E28-D28)*(1+G28)*((7-1)/(MaxLevel-1))^(2^F28))) | O28: =IF(OR(D28="",E28=""),"",IF(IFERROR(INDEX(Stats!$D:$D,MATCH($C28,Stats!$A:$A,0)),FALSE),ROUND(D28+(E28-D28)*(1+G28)*((8-1)/(MaxLevel-1))^(2^F28),0),D28+(E28-D28)*(1+G28)*((8-1)/(MaxLevel-1))^(2^F28))) | P28: =IF(OR(D28="",E28=""),"",IF(IFERROR(INDEX(Stats!$D:$D,MATCH($C28,Stats!$A:$A,0)),FALSE),ROUND(D28+(E28-D28)*(1+G28)*((9-1)/(MaxLevel-1))^(2^F28),0),D28+(E28-D28)*(1+G28)*((9-1)/(MaxLevel-1))^(2^F28))) | Q28: =IF(OR(D28="",E28=""),"",IF(IFERROR(INDEX(Stats!$D:$D,MATCH($C28,Stats!$A:$A,0)),FALSE),ROUND(D28+(E28-D28)*(1+G28)*((10-1)/(MaxLevel-1))^(2^F28),0),D28+(E28-D28)*(1+G28)*((10-1)/(MaxLevel-1))^(2^F28)))
A29: 01U | B29: T1M | C29: Magic | D29: 20 | E29: 100 | F29: 1 | G29: 0.1 | H29: =IF(OR(D29="",E29=""),"",IF(IFERROR(INDEX(Stats!$D:$D,MATCH($C29,Stats!$A:$A,0)),FALSE),ROUND(D29+(E29-D29)*(1+G29)*((1-1)/(MaxLevel-1))^(2^F29),0),D29+(E29-D29)*(1+G29)*((1-1)/(MaxLevel-1))^(2^F29))) | I29: =IF(OR(D29="",E29=""),"",IF(IFERROR(INDEX(Stats!$D:$D,MATCH($C29,Stats!$A:$A,0)),FALSE),ROUND(D29+(E29-D29)*(1+G29)*((2-1)/(MaxLevel-1))^(2^F29),0),D29+(E29-D29)*(1+G29)*((2-1)/(MaxLevel-1))^(2^F29))) | J29: =IF(OR(D29="",E29=""),"",IF(IFERROR(INDEX(Stats!$D:$D,MATCH($C29,Stats!$A:$A,0)),FALSE),ROUND(D29+(E29-D29)*(1+G29)*((3-1)/(MaxLevel-1))^(2^F29),0),D29+(E29-D29)*(1+G29)*((3-1)/(MaxLevel-1))^(2^F29))) | K29: =IF(OR(D29="",E29=""),"",IF(IFERROR(INDEX(Stats!$D:$D,MATCH($C29,Stats!$A:$A,0)),FALSE),ROUND(D29+(E29-D29)*(1+G29)*((4-1)/(MaxLevel-1))^(2^F29),0),D29+(E29-D29)*(1+G29)*((4-1)/(MaxLevel-1))^(2^F29))) | L29: =IF(OR(D29="",E29=""),"",IF(IFERROR(INDEX(Stats!$D:$D,MATCH($C29,Stats!$A:$A,0)),FALSE),ROUND(D29+(E29-D29)*(1+G29)*((5-1)/(MaxLevel-1))^(2^F29),0),D29+(E29-D29)*(1+G29)*((5-1)/(MaxLevel-1))^(2^F29))) | M29: =IF(OR(D29="",E29=""),"",IF(IFERROR(INDEX(Stats!$D:$D,MATCH($C29,Stats!$A:$A,0)),FALSE),ROUND(D29+(E29-D29)*(1+G29)*((6-1)/(MaxLevel-1))^(2^F29),0),D29+(E29-D29)*(1+G29)*((6-1)/(MaxLevel-1))^(2^F29))) | N29: =IF(OR(D29="",E29=""),"",IF(IFERROR(INDEX(Stats!$D:$D,MATCH($C29,Stats!$A:$A,0)),FALSE),ROUND(D29+(E29-D29)*(1+G29)*((7-1)/(MaxLevel-1))^(2^F29),0),D29+(E29-D29)*(1+G29)*((7-1)/(MaxLevel-1))^(2^F29))) | O29: =IF(OR(D29="",E29=""),"",IF(IFERROR(INDEX(Stats!$D:$D,MATCH($C29,Stats!$A:$A,0)),FALSE),ROUND(D29+(E29-D29)*(1+G29)*((8-1)/(MaxLevel-1))^(2^F29),0),D29+(E29-D29)*(1+G29)*((8-1)/(MaxLevel-1))^(2^F29))) | P29: =IF(OR(D29="",E29=""),"",IF(IFERROR(INDEX(Stats!$D:$D,MATCH($C29,Stats!$A:$A,0)),FALSE),ROUND(D29+(E29-D29)*(1+G29)*((9-1)/(MaxLevel-1))^(2^F29),0),D29+(E29-D29)*(1+G29)*((9-1)/(MaxLevel-1))^(2^F29))) | Q29: =IF(OR(D29="",E29=""),"",IF(IFERROR(INDEX(Stats!$D:$D,MATCH($C29,Stats!$A:$A,0)),FALSE),ROUND(D29+(E29-D29)*(1+G29)*((10-1)/(MaxLevel-1))^(2^F29),0),D29+(E29-D29)*(1+G29)*((10-1)/(MaxLevel-1))^(2^F29)))
A30: 01U | B30: T1M | C30: Resistance | H30: =IF(OR(D30="",E30=""),"",IF(IFERROR(INDEX(Stats!$D:$D,MATCH($C30,Stats!$A:$A,0)),FALSE),ROUND(D30+(E30-D30)*(1+G30)*((1-1)/(MaxLevel-1))^(2^F30),0),D30+(E30-D30)*(1+G30)*((1-1)/(MaxLevel-1))^(2^F30))) | I30: =IF(OR(D30="",E30=""),"",IF(IFERROR(INDEX(Stats!$D:$D,MATCH($C30,Stats!$A:$A,0)),FALSE),ROUND(D30+(E30-D30)*(1+G30)*((2-1)/(MaxLevel-1))^(2^F30),0),D30+(E30-D30)*(1+G30)*((2-1)/(MaxLevel-1))^(2^F30))) | J30: =IF(OR(D30="",E30=""),"",IF(IFERROR(INDEX(Stats!$D:$D,MATCH($C30,Stats!$A:$A,0)),FALSE),ROUND(D30+(E30-D30)*(1+G30)*((3-1)/(MaxLevel-1))^(2^F30),0),D30+(E30-D30)*(1+G30)*((3-1)/(MaxLevel-1))^(2^F30))) | K30: =IF(OR(D30="",E30=""),"",IF(IFERROR(INDEX(Stats!$D:$D,MATCH($C30,Stats!$A:$A,0)),FALSE),ROUND(D30+(E30-D30)*(1+G30)*((4-1)/(MaxLevel-1))^(2^F30),0),D30+(E30-D30)*(1+G30)*((4-1)/(MaxLevel-1))^(2^F30))) | L30: =IF(OR(D30="",E30=""),"",IF(IFERROR(INDEX(Stats!$D:$D,MATCH($C30,Stats!$A:$A,0)),FALSE),ROUND(D30+(E30-D30)*(1+G30)*((5-1)/(MaxLevel-1))^(2^F30),0),D30+(E30-D30)*(1+G30)*((5-1)/(MaxLevel-1))^(2^F30))) | M30: =IF(OR(D30="",E30=""),"",IF(IFERROR(INDEX(Stats!$D:$D,MATCH($C30,Stats!$A:$A,0)),FALSE),ROUND(D30+(E30-D30)*(1+G30)*((6-1)/(MaxLevel-1))^(2^F30),0),D30+(E30-D30)*(1+G30)*((6-1)/(MaxLevel-1))^(2^F30))) | N30: =IF(OR(D30="",E30=""),"",IF(IFERROR(INDEX(Stats!$D:$D,MATCH($C30,Stats!$A:$A,0)),FALSE),ROUND(D30+(E30-D30)*(1+G30)*((7-1)/(MaxLevel-1))^(2^F30),0),D30+(E30-D30)*(1+G30)*((7-1)/(MaxLevel-1))^(2^F30))) | O30: =IF(OR(D30="",E30=""),"",IF(IFERROR(INDEX(Stats!$D:$D,MATCH($C30,Stats!$A:$A,0)),FALSE),ROUND(D30+(E30-D30)*(1+G30)*((8-1)/(MaxLevel-1))^(2^F30),0),D30+(E30-D30)*(1+G30)*((8-1)/(MaxLevel-1))^(2^F30))) | P30: =IF(OR(D30="",E30=""),"",IF(IFERROR(INDEX(Stats!$D:$D,MATCH($C30,Stats!$A:$A,0)),FALSE),ROUND(D30+(E30-D30)*(1+G30)*((9-1)/(MaxLevel-1))^(2^F30),0),D30+(E30-D30)*(1+G30)*((9-1)/(MaxLevel-1))^(2^F30))) | Q30: =IF(OR(D30="",E30=""),"",IF(IFERROR(INDEX(Stats!$D:$D,MATCH($C30,Stats!$A:$A,0)),FALSE),ROUND(D30+(E30-D30)*(1+G30)*((10-1)/(MaxLevel-1))^(2^F30),0),D30+(E30-D30)*(1+G30)*((10-1)/(MaxLevel-1))^(2^F30)))
A31: 01U | B31: T1M | C31: Luck | H31: =IF(OR(D31="",E31=""),"",IF(IFERROR(INDEX(Stats!$D:$D,MATCH($C31,Stats!$A:$A,0)),FALSE),ROUND(D31+(E31-D31)*(1+G31)*((1-1)/(MaxLevel-1))^(2^F31),0),D31+(E31-D31)*(1+G31)*((1-1)/(MaxLevel-1))^(2^F31))) | I31: =IF(OR(D31="",E31=""),"",IF(IFERROR(INDEX(Stats!$D:$D,MATCH($C31,Stats!$A:$A,0)),FALSE),ROUND(D31+(E31-D31)*(1+G31)*((2-1)/(MaxLevel-1))^(2^F31),0),D31+(E31-D31)*(1+G31)*((2-1)/(MaxLevel-1))^(2^F31))) | J31: =IF(OR(D31="",E31=""),"",IF(IFERROR(INDEX(Stats!$D:$D,MATCH($C31,Stats!$A:$A,0)),FALSE),ROUND(D31+(E31-D31)*(1+G31)*((3-1)/(MaxLevel-1))^(2^F31),0),D31+(E31-D31)*(1+G31)*((3-1)/(MaxLevel-1))^(2^F31))) | K31: =IF(OR(D31="",E31=""),"",IF(IFERROR(INDEX(Stats!$D:$D,MATCH($C31,Stats!$A:$A,0)),FALSE),ROUND(D31+(E31-D31)*(1+G31)*((4-1)/(MaxLevel-1))^(2^F31),0),D31+(E31-D31)*(1+G31)*((4-1)/(MaxLevel-1))^(2^F31))) | L31: =IF(OR(D31="",E31=""),"",IF(IFERROR(INDEX(Stats!$D:$D,MATCH($C31,Stats!$A:$A,0)),FALSE),ROUND(D31+(E31-D31)*(1+G31)*((5-1)/(MaxLevel-1))^(2^F31),0),D31+(E31-D31)*(1+G31)*((5-1)/(MaxLevel-1))^(2^F31))) | M31: =IF(OR(D31="",E31=""),"",IF(IFERROR(INDEX(Stats!$D:$D,MATCH($C31,Stats!$A:$A,0)),FALSE),ROUND(D31+(E31-D31)*(1+G31)*((6-1)/(MaxLevel-1))^(2^F31),0),D31+(E31-D31)*(1+G31)*((6-1)/(MaxLevel-1))^(2^F31))) | N31: =IF(OR(D31="",E31=""),"",IF(IFERROR(INDEX(Stats!$D:$D,MATCH($C31,Stats!$A:$A,0)),FALSE),ROUND(D31+(E31-D31)*(1+G31)*((7-1)/(MaxLevel-1))^(2^F31),0),D31+(E31-D31)*(1+G31)*((7-1)/(MaxLevel-1))^(2^F31))) | O31: =IF(OR(D31="",E31=""),"",IF(IFERROR(INDEX(Stats!$D:$D,MATCH($C31,Stats!$A:$A,0)),FALSE),ROUND(D31+(E31-D31)*(1+G31)*((8-1)/(MaxLevel-1))^(2^F31),0),D31+(E31-D31)*(1+G31)*((8-1)/(MaxLevel-1))^(2^F31))) | P31: =IF(OR(D31="",E31=""),"",IF(IFERROR(INDEX(Stats!$D:$D,MATCH($C31,Stats!$A:$A,0)),FALSE),ROUND(D31+(E31-D31)*(1+G31)*((9-1)/(MaxLevel-1))^(2^F31),0),D31+(E31-D31)*(1+G31)*((9-1)/(MaxLevel-1))^(2^F31))) | Q31: =IF(OR(D31="",E31=""),"",IF(IFERROR(INDEX(Stats!$D:$D,MATCH($C31,Stats!$A:$A,0)),FALSE),ROUND(D31+(E31-D31)*(1+G31)*((10-1)/(MaxLevel-1))^(2^F31),0),D31+(E31-D31)*(1+G31)*((10-1)/(MaxLevel-1))^(2^F31)))
A32: 01U | B32: T1M | C32: Weight | H32: =IF(OR(D32="",E32=""),"",IF(IFERROR(INDEX(Stats!$D:$D,MATCH($C32,Stats!$A:$A,0)),FALSE),ROUND(D32+(E32-D32)*(1+G32)*((1-1)/(MaxLevel-1))^(2^F32),0),D32+(E32-D32)*(1+G32)*((1-1)/(MaxLevel-1))^(2^F32))) | I32: =IF(OR(D32="",E32=""),"",IF(IFERROR(INDEX(Stats!$D:$D,MATCH($C32,Stats!$A:$A,0)),FALSE),ROUND(D32+(E32-D32)*(1+G32)*((2-1)/(MaxLevel-1))^(2^F32),0),D32+(E32-D32)*(1+G32)*((2-1)/(MaxLevel-1))^(2^F32))) | J32: =IF(OR(D32="",E32=""),"",IF(IFERROR(INDEX(Stats!$D:$D,MATCH($C32,Stats!$A:$A,0)),FALSE),ROUND(D32+(E32-D32)*(1+G32)*((3-1)/(MaxLevel-1))^(2^F32),0),D32+(E32-D32)*(1+G32)*((3-1)/(MaxLevel-1))^(2^F32))) | K32: =IF(OR(D32="",E32=""),"",IF(IFERROR(INDEX(Stats!$D:$D,MATCH($C32,Stats!$A:$A,0)),FALSE),ROUND(D32+(E32-D32)*(1+G32)*((4-1)/(MaxLevel-1))^(2^F32),0),D32+(E32-D32)*(1+G32)*((4-1)/(MaxLevel-1))^(2^F32))) | L32: =IF(OR(D32="",E32=""),"",IF(IFERROR(INDEX(Stats!$D:$D,MATCH($C32,Stats!$A:$A,0)),FALSE),ROUND(D32+(E32-D32)*(1+G32)*((5-1)/(MaxLevel-1))^(2^F32),0),D32+(E32-D32)*(1+G32)*((5-1)/(MaxLevel-1))^(2^F32))) | M32: =IF(OR(D32="",E32=""),"",IF(IFERROR(INDEX(Stats!$D:$D,MATCH($C32,Stats!$A:$A,0)),FALSE),ROUND(D32+(E32-D32)*(1+G32)*((6-1)/(MaxLevel-1))^(2^F32),0),D32+(E32-D32)*(1+G32)*((6-1)/(MaxLevel-1))^(2^F32))) | N32: =IF(OR(D32="",E32=""),"",IF(IFERROR(INDEX(Stats!$D:$D,MATCH($C32,Stats!$A:$A,0)),FALSE),ROUND(D32+(E32-D32)*(1+G32)*((7-1)/(MaxLevel-1))^(2^F32),0),D32+(E32-D32)*(1+G32)*((7-1)/(MaxLevel-1))^(2^F32))) | O32: =IF(OR(D32="",E32=""),"",IF(IFERROR(INDEX(Stats!$D:$D,MATCH($C32,Stats!$A:$A,0)),FALSE),ROUND(D32+(E32-D32)*(1+G32)*((8-1)/(MaxLevel-1))^(2^F32),0),D32+(E32-D32)*(1+G32)*((8-1)/(MaxLevel-1))^(2^F32))) | P32: =IF(OR(D32="",E32=""),"",IF(IFERROR(INDEX(Stats!$D:$D,MATCH($C32,Stats!$A:$A,0)),FALSE),ROUND(D32+(E32-D32)*(1+G32)*((9-1)/(MaxLevel-1))^(2^F32),0),D32+(E32-D32)*(1+G32)*((9-1)/(MaxLevel-1))^(2^F32))) | Q32: =IF(OR(D32="",E32=""),"",IF(IFERROR(INDEX(Stats!$D:$D,MATCH($C32,Stats!$A:$A,0)),FALSE),ROUND(D32+(E32-D32)*(1+G32)*((10-1)/(MaxLevel-1))^(2^F32),0),D32+(E32-D32)*(1+G32)*((10-1)/(MaxLevel-1))^(2^F32)))
A33: 01U | B33: T1M | C33: WorkingCost | H33: =IF(OR(D33="",E33=""),"",IF(IFERROR(INDEX(Stats!$D:$D,MATCH($C33,Stats!$A:$A,0)),FALSE),ROUND(D33+(E33-D33)*(1+G33)*((1-1)/(MaxLevel-1))^(2^F33),0),D33+(E33-D33)*(1+G33)*((1-1)/(MaxLevel-1))^(2^F33))) | I33: =IF(OR(D33="",E33=""),"",IF(IFERROR(INDEX(Stats!$D:$D,MATCH($C33,Stats!$A:$A,0)),FALSE),ROUND(D33+(E33-D33)*(1+G33)*((2-1)/(MaxLevel-1))^(2^F33),0),D33+(E33-D33)*(1+G33)*((2-1)/(MaxLevel-1))^(2^F33))) | J33: =IF(OR(D33="",E33=""),"",IF(IFERROR(INDEX(Stats!$D:$D,MATCH($C33,Stats!$A:$A,0)),FALSE),ROUND(D33+(E33-D33)*(1+G33)*((3-1)/(MaxLevel-1))^(2^F33),0),D33+(E33-D33)*(1+G33)*((3-1)/(MaxLevel-1))^(2^F33))) | K33: =IF(OR(D33="",E33=""),"",IF(IFERROR(INDEX(Stats!$D:$D,MATCH($C33,Stats!$A:$A,0)),FALSE),ROUND(D33+(E33-D33)*(1+G33)*((4-1)/(MaxLevel-1))^(2^F33),0),D33+(E33-D33)*(1+G33)*((4-1)/(MaxLevel-1))^(2^F33))) | L33: =IF(OR(D33="",E33=""),"",IF(IFERROR(INDEX(Stats!$D:$D,MATCH($C33,Stats!$A:$A,0)),FALSE),ROUND(D33+(E33-D33)*(1+G33)*((5-1)/(MaxLevel-1))^(2^F33),0),D33+(E33-D33)*(1+G33)*((5-1)/(MaxLevel-1))^(2^F33))) | M33: =IF(OR(D33="",E33=""),"",IF(IFERROR(INDEX(Stats!$D:$D,MATCH($C33,Stats!$A:$A,0)),FALSE),ROUND(D33+(E33-D33)*(1+G33)*((6-1)/(MaxLevel-1))^(2^F33),0),D33+(E33-D33)*(1+G33)*((6-1)/(MaxLevel-1))^(2^F33))) | N33: =IF(OR(D33="",E33=""),"",IF(IFERROR(INDEX(Stats!$D:$D,MATCH($C33,Stats!$A:$A,0)),FALSE),ROUND(D33+(E33-D33)*(1+G33)*((7-1)/(MaxLevel-1))^(2^F33),0),D33+(E33-D33)*(1+G33)*((7-1)/(MaxLevel-1))^(2^F33))) | O33: =IF(OR(D33="",E33=""),"",IF(IFERROR(INDEX(Stats!$D:$D,MATCH($C33,Stats!$A:$A,0)),FALSE),ROUND(D33+(E33-D33)*(1+G33)*((8-1)/(MaxLevel-1))^(2^F33),0),D33+(E33-D33)*(1+G33)*((8-1)/(MaxLevel-1))^(2^F33))) | P33: =IF(OR(D33="",E33=""),"",IF(IFERROR(INDEX(Stats!$D:$D,MATCH($C33,Stats!$A:$A,0)),FALSE),ROUND(D33+(E33-D33)*(1+G33)*((9-1)/(MaxLevel-1))^(2^F33),0),D33+(E33-D33)*(1+G33)*((9-1)/(MaxLevel-1))^(2^F33))) | Q33: =IF(OR(D33="",E33=""),"",IF(IFERROR(INDEX(Stats!$D:$D,MATCH($C33,Stats!$A:$A,0)),FALSE),ROUND(D33+(E33-D33)*(1+G33)*((10-1)/(MaxLevel-1))^(2^F33),0),D33+(E33-D33)*(1+G33)*((10-1)/(MaxLevel-1))^(2^F33)))
A34: 01U | B34: T1M | C34: SkillResearch | H34: =IF(OR(D34="",E34=""),"",IF(IFERROR(INDEX(Stats!$D:$D,MATCH($C34,Stats!$A:$A,0)),FALSE),ROUND(D34+(E34-D34)*(1+G34)*((1-1)/(MaxLevel-1))^(2^F34),0),D34+(E34-D34)*(1+G34)*((1-1)/(MaxLevel-1))^(2^F34))) | I34: =IF(OR(D34="",E34=""),"",IF(IFERROR(INDEX(Stats!$D:$D,MATCH($C34,Stats!$A:$A,0)),FALSE),ROUND(D34+(E34-D34)*(1+G34)*((2-1)/(MaxLevel-1))^(2^F34),0),D34+(E34-D34)*(1+G34)*((2-1)/(MaxLevel-1))^(2^F34))) | J34: =IF(OR(D34="",E34=""),"",IF(IFERROR(INDEX(Stats!$D:$D,MATCH($C34,Stats!$A:$A,0)),FALSE),ROUND(D34+(E34-D34)*(1+G34)*((3-1)/(MaxLevel-1))^(2^F34),0),D34+(E34-D34)*(1+G34)*((3-1)/(MaxLevel-1))^(2^F34))) | K34: =IF(OR(D34="",E34=""),"",IF(IFERROR(INDEX(Stats!$D:$D,MATCH($C34,Stats!$A:$A,0)),FALSE),ROUND(D34+(E34-D34)*(1+G34)*((4-1)/(MaxLevel-1))^(2^F34),0),D34+(E34-D34)*(1+G34)*((4-1)/(MaxLevel-1))^(2^F34))) | L34: =IF(OR(D34="",E34=""),"",IF(IFERROR(INDEX(Stats!$D:$D,MATCH($C34,Stats!$A:$A,0)),FALSE),ROUND(D34+(E34-D34)*(1+G34)*((5-1)/(MaxLevel-1))^(2^F34),0),D34+(E34-D34)*(1+G34)*((5-1)/(MaxLevel-1))^(2^F34))) | M34: =IF(OR(D34="",E34=""),"",IF(IFERROR(INDEX(Stats!$D:$D,MATCH($C34,Stats!$A:$A,0)),FALSE),ROUND(D34+(E34-D34)*(1+G34)*((6-1)/(MaxLevel-1))^(2^F34),0),D34+(E34-D34)*(1+G34)*((6-1)/(MaxLevel-1))^(2^F34))) | N34: =IF(OR(D34="",E34=""),"",IF(IFERROR(INDEX(Stats!$D:$D,MATCH($C34,Stats!$A:$A,0)),FALSE),ROUND(D34+(E34-D34)*(1+G34)*((7-1)/(MaxLevel-1))^(2^F34),0),D34+(E34-D34)*(1+G34)*((7-1)/(MaxLevel-1))^(2^F34))) | O34: =IF(OR(D34="",E34=""),"",IF(IFERROR(INDEX(Stats!$D:$D,MATCH($C34,Stats!$A:$A,0)),FALSE),ROUND(D34+(E34-D34)*(1+G34)*((8-1)/(MaxLevel-1))^(2^F34),0),D34+(E34-D34)*(1+G34)*((8-1)/(MaxLevel-1))^(2^F34))) | P34: =IF(OR(D34="",E34=""),"",IF(IFERROR(INDEX(Stats!$D:$D,MATCH($C34,Stats!$A:$A,0)),FALSE),ROUND(D34+(E34-D34)*(1+G34)*((9-1)/(MaxLevel-1))^(2^F34),0),D34+(E34-D34)*(1+G34)*((9-1)/(MaxLevel-1))^(2^F34))) | Q34: =IF(OR(D34="",E34=""),"",IF(IFERROR(INDEX(Stats!$D:$D,MATCH($C34,Stats!$A:$A,0)),FALSE),ROUND(D34+(E34-D34)*(1+G34)*((10-1)/(MaxLevel-1))^(2^F34),0),D34+(E34-D34)*(1+G34)*((10-1)/(MaxLevel-1))^(2^F34)))
A35: 01U | B35: T1M | C35: SkillTrain | H35: =IF(OR(D35="",E35=""),"",IF(IFERROR(INDEX(Stats!$D:$D,MATCH($C35,Stats!$A:$A,0)),FALSE),ROUND(D35+(E35-D35)*(1+G35)*((1-1)/(MaxLevel-1))^(2^F35),0),D35+(E35-D35)*(1+G35)*((1-1)/(MaxLevel-1))^(2^F35))) | I35: =IF(OR(D35="",E35=""),"",IF(IFERROR(INDEX(Stats!$D:$D,MATCH($C35,Stats!$A:$A,0)),FALSE),ROUND(D35+(E35-D35)*(1+G35)*((2-1)/(MaxLevel-1))^(2^F35),0),D35+(E35-D35)*(1+G35)*((2-1)/(MaxLevel-1))^(2^F35))) | J35: =IF(OR(D35="",E35=""),"",IF(IFERROR(INDEX(Stats!$D:$D,MATCH($C35,Stats!$A:$A,0)),FALSE),ROUND(D35+(E35-D35)*(1+G35)*((3-1)/(MaxLevel-1))^(2^F35),0),D35+(E35-D35)*(1+G35)*((3-1)/(MaxLevel-1))^(2^F35))) | K35: =IF(OR(D35="",E35=""),"",IF(IFERROR(INDEX(Stats!$D:$D,MATCH($C35,Stats!$A:$A,0)),FALSE),ROUND(D35+(E35-D35)*(1+G35)*((4-1)/(MaxLevel-1))^(2^F35),0),D35+(E35-D35)*(1+G35)*((4-1)/(MaxLevel-1))^(2^F35))) | L35: =IF(OR(D35="",E35=""),"",IF(IFERROR(INDEX(Stats!$D:$D,MATCH($C35,Stats!$A:$A,0)),FALSE),ROUND(D35+(E35-D35)*(1+G35)*((5-1)/(MaxLevel-1))^(2^F35),0),D35+(E35-D35)*(1+G35)*((5-1)/(MaxLevel-1))^(2^F35))) | M35: =IF(OR(D35="",E35=""),"",IF(IFERROR(INDEX(Stats!$D:$D,MATCH($C35,Stats!$A:$A,0)),FALSE),ROUND(D35+(E35-D35)*(1+G35)*((6-1)/(MaxLevel-1))^(2^F35),0),D35+(E35-D35)*(1+G35)*((6-1)/(MaxLevel-1))^(2^F35))) | N35: =IF(OR(D35="",E35=""),"",IF(IFERROR(INDEX(Stats!$D:$D,MATCH($C35,Stats!$A:$A,0)),FALSE),ROUND(D35+(E35-D35)*(1+G35)*((7-1)/(MaxLevel-1))^(2^F35),0),D35+(E35-D35)*(1+G35)*((7-1)/(MaxLevel-1))^(2^F35))) | O35: =IF(OR(D35="",E35=""),"",IF(IFERROR(INDEX(Stats!$D:$D,MATCH($C35,Stats!$A:$A,0)),FALSE),ROUND(D35+(E35-D35)*(1+G35)*((8-1)/(MaxLevel-1))^(2^F35),0),D35+(E35-D35)*(1+G35)*((8-1)/(MaxLevel-1))^(2^F35))) | P35: =IF(OR(D35="",E35=""),"",IF(IFERROR(INDEX(Stats!$D:$D,MATCH($C35,Stats!$A:$A,0)),FALSE),ROUND(D35+(E35-D35)*(1+G35)*((9-1)/(MaxLevel-1))^(2^F35),0),D35+(E35-D35)*(1+G35)*((9-1)/(MaxLevel-1))^(2^F35))) | Q35: =IF(OR(D35="",E35=""),"",IF(IFERROR(INDEX(Stats!$D:$D,MATCH($C35,Stats!$A:$A,0)),FALSE),ROUND(D35+(E35-D35)*(1+G35)*((10-1)/(MaxLevel-1))^(2^F35),0),D35+(E35-D35)*(1+G35)*((10-1)/(MaxLevel-1))^(2^F35)))
A36: 01U | B36: T1M | C36: SkillBuild | H36: =IF(OR(D36="",E36=""),"",IF(IFERROR(INDEX(Stats!$D:$D,MATCH($C36,Stats!$A:$A,0)),FALSE),ROUND(D36+(E36-D36)*(1+G36)*((1-1)/(MaxLevel-1))^(2^F36),0),D36+(E36-D36)*(1+G36)*((1-1)/(MaxLevel-1))^(2^F36))) | I36: =IF(OR(D36="",E36=""),"",IF(IFERROR(INDEX(Stats!$D:$D,MATCH($C36,Stats!$A:$A,0)),FALSE),ROUND(D36+(E36-D36)*(1+G36)*((2-1)/(MaxLevel-1))^(2^F36),0),D36+(E36-D36)*(1+G36)*((2-1)/(MaxLevel-1))^(2^F36))) | J36: =IF(OR(D36="",E36=""),"",IF(IFERROR(INDEX(Stats!$D:$D,MATCH($C36,Stats!$A:$A,0)),FALSE),ROUND(D36+(E36-D36)*(1+G36)*((3-1)/(MaxLevel-1))^(2^F36),0),D36+(E36-D36)*(1+G36)*((3-1)/(MaxLevel-1))^(2^F36))) | K36: =IF(OR(D36="",E36=""),"",IF(IFERROR(INDEX(Stats!$D:$D,MATCH($C36,Stats!$A:$A,0)),FALSE),ROUND(D36+(E36-D36)*(1+G36)*((4-1)/(MaxLevel-1))^(2^F36),0),D36+(E36-D36)*(1+G36)*((4-1)/(MaxLevel-1))^(2^F36))) | L36: =IF(OR(D36="",E36=""),"",IF(IFERROR(INDEX(Stats!$D:$D,MATCH($C36,Stats!$A:$A,0)),FALSE),ROUND(D36+(E36-D36)*(1+G36)*((5-1)/(MaxLevel-1))^(2^F36),0),D36+(E36-D36)*(1+G36)*((5-1)/(MaxLevel-1))^(2^F36))) | M36: =IF(OR(D36="",E36=""),"",IF(IFERROR(INDEX(Stats!$D:$D,MATCH($C36,Stats!$A:$A,0)),FALSE),ROUND(D36+(E36-D36)*(1+G36)*((6-1)/(MaxLevel-1))^(2^F36),0),D36+(E36-D36)*(1+G36)*((6-1)/(MaxLevel-1))^(2^F36))) | N36: =IF(OR(D36="",E36=""),"",IF(IFERROR(INDEX(Stats!$D:$D,MATCH($C36,Stats!$A:$A,0)),FALSE),ROUND(D36+(E36-D36)*(1+G36)*((7-1)/(MaxLevel-1))^(2^F36),0),D36+(E36-D36)*(1+G36)*((7-1)/(MaxLevel-1))^(2^F36))) | O36: =IF(OR(D36="",E36=""),"",IF(IFERROR(INDEX(Stats!$D:$D,MATCH($C36,Stats!$A:$A,0)),FALSE),ROUND(D36+(E36-D36)*(1+G36)*((8-1)/(MaxLevel-1))^(2^F36),0),D36+(E36-D36)*(1+G36)*((8-1)/(MaxLevel-1))^(2^F36))) | P36: =IF(OR(D36="",E36=""),"",IF(IFERROR(INDEX(Stats!$D:$D,MATCH($C36,Stats!$A:$A,0)),FALSE),ROUND(D36+(E36-D36)*(1+G36)*((9-1)/(MaxLevel-1))^(2^F36),0),D36+(E36-D36)*(1+G36)*((9-1)/(MaxLevel-1))^(2^F36))) | Q36: =IF(OR(D36="",E36=""),"",IF(IFERROR(INDEX(Stats!$D:$D,MATCH($C36,Stats!$A:$A,0)),FALSE),ROUND(D36+(E36-D36)*(1+G36)*((10-1)/(MaxLevel-1))^(2^F36),0),D36+(E36-D36)*(1+G36)*((10-1)/(MaxLevel-1))^(2^F36)))
A37: 01U | B37: T1M | C37: SkillPray | H37: =IF(OR(D37="",E37=""),"",IF(IFERROR(INDEX(Stats!$D:$D,MATCH($C37,Stats!$A:$A,0)),FALSE),ROUND(D37+(E37-D37)*(1+G37)*((1-1)/(MaxLevel-1))^(2^F37),0),D37+(E37-D37)*(1+G37)*((1-1)/(MaxLevel-1))^(2^F37))) | I37: =IF(OR(D37="",E37=""),"",IF(IFERROR(INDEX(Stats!$D:$D,MATCH($C37,Stats!$A:$A,0)),FALSE),ROUND(D37+(E37-D37)*(1+G37)*((2-1)/(MaxLevel-1))^(2^F37),0),D37+(E37-D37)*(1+G37)*((2-1)/(MaxLevel-1))^(2^F37))) | J37: =IF(OR(D37="",E37=""),"",IF(IFERROR(INDEX(Stats!$D:$D,MATCH($C37,Stats!$A:$A,0)),FALSE),ROUND(D37+(E37-D37)*(1+G37)*((3-1)/(MaxLevel-1))^(2^F37),0),D37+(E37-D37)*(1+G37)*((3-1)/(MaxLevel-1))^(2^F37))) | K37: =IF(OR(D37="",E37=""),"",IF(IFERROR(INDEX(Stats!$D:$D,MATCH($C37,Stats!$A:$A,0)),FALSE),ROUND(D37+(E37-D37)*(1+G37)*((4-1)/(MaxLevel-1))^(2^F37),0),D37+(E37-D37)*(1+G37)*((4-1)/(MaxLevel-1))^(2^F37))) | L37: =IF(OR(D37="",E37=""),"",IF(IFERROR(INDEX(Stats!$D:$D,MATCH($C37,Stats!$A:$A,0)),FALSE),ROUND(D37+(E37-D37)*(1+G37)*((5-1)/(MaxLevel-1))^(2^F37),0),D37+(E37-D37)*(1+G37)*((5-1)/(MaxLevel-1))^(2^F37))) | M37: =IF(OR(D37="",E37=""),"",IF(IFERROR(INDEX(Stats!$D:$D,MATCH($C37,Stats!$A:$A,0)),FALSE),ROUND(D37+(E37-D37)*(1+G37)*((6-1)/(MaxLevel-1))^(2^F37),0),D37+(E37-D37)*(1+G37)*((6-1)/(MaxLevel-1))^(2^F37))) | N37: =IF(OR(D37="",E37=""),"",IF(IFERROR(INDEX(Stats!$D:$D,MATCH($C37,Stats!$A:$A,0)),FALSE),ROUND(D37+(E37-D37)*(1+G37)*((7-1)/(MaxLevel-1))^(2^F37),0),D37+(E37-D37)*(1+G37)*((7-1)/(MaxLevel-1))^(2^F37))) | O37: =IF(OR(D37="",E37=""),"",IF(IFERROR(INDEX(Stats!$D:$D,MATCH($C37,Stats!$A:$A,0)),FALSE),ROUND(D37+(E37-D37)*(1+G37)*((8-1)/(MaxLevel-1))^(2^F37),0),D37+(E37-D37)*(1+G37)*((8-1)/(MaxLevel-1))^(2^F37))) | P37: =IF(OR(D37="",E37=""),"",IF(IFERROR(INDEX(Stats!$D:$D,MATCH($C37,Stats!$A:$A,0)),FALSE),ROUND(D37+(E37-D37)*(1+G37)*((9-1)/(MaxLevel-1))^(2^F37),0),D37+(E37-D37)*(1+G37)*((9-1)/(MaxLevel-1))^(2^F37))) | Q37: =IF(OR(D37="",E37=""),"",IF(IFERROR(INDEX(Stats!$D:$D,MATCH($C37,Stats!$A:$A,0)),FALSE),ROUND(D37+(E37-D37)*(1+G37)*((10-1)/(MaxLevel-1))^(2^F37),0),D37+(E37-D37)*(1+G37)*((10-1)/(MaxLevel-1))^(2^F37)))
A38: 01U | B38: T1M | C38: SkillTorture | H38: =IF(OR(D38="",E38=""),"",IF(IFERROR(INDEX(Stats!$D:$D,MATCH($C38,Stats!$A:$A,0)),FALSE),ROUND(D38+(E38-D38)*(1+G38)*((1-1)/(MaxLevel-1))^(2^F38),0),D38+(E38-D38)*(1+G38)*((1-1)/(MaxLevel-1))^(2^F38))) | I38: =IF(OR(D38="",E38=""),"",IF(IFERROR(INDEX(Stats!$D:$D,MATCH($C38,Stats!$A:$A,0)),FALSE),ROUND(D38+(E38-D38)*(1+G38)*((2-1)/(MaxLevel-1))^(2^F38),0),D38+(E38-D38)*(1+G38)*((2-1)/(MaxLevel-1))^(2^F38))) | J38: =IF(OR(D38="",E38=""),"",IF(IFERROR(INDEX(Stats!$D:$D,MATCH($C38,Stats!$A:$A,0)),FALSE),ROUND(D38+(E38-D38)*(1+G38)*((3-1)/(MaxLevel-1))^(2^F38),0),D38+(E38-D38)*(1+G38)*((3-1)/(MaxLevel-1))^(2^F38))) | K38: =IF(OR(D38="",E38=""),"",IF(IFERROR(INDEX(Stats!$D:$D,MATCH($C38,Stats!$A:$A,0)),FALSE),ROUND(D38+(E38-D38)*(1+G38)*((4-1)/(MaxLevel-1))^(2^F38),0),D38+(E38-D38)*(1+G38)*((4-1)/(MaxLevel-1))^(2^F38))) | L38: =IF(OR(D38="",E38=""),"",IF(IFERROR(INDEX(Stats!$D:$D,MATCH($C38,Stats!$A:$A,0)),FALSE),ROUND(D38+(E38-D38)*(1+G38)*((5-1)/(MaxLevel-1))^(2^F38),0),D38+(E38-D38)*(1+G38)*((5-1)/(MaxLevel-1))^(2^F38))) | M38: =IF(OR(D38="",E38=""),"",IF(IFERROR(INDEX(Stats!$D:$D,MATCH($C38,Stats!$A:$A,0)),FALSE),ROUND(D38+(E38-D38)*(1+G38)*((6-1)/(MaxLevel-1))^(2^F38),0),D38+(E38-D38)*(1+G38)*((6-1)/(MaxLevel-1))^(2^F38))) | N38: =IF(OR(D38="",E38=""),"",IF(IFERROR(INDEX(Stats!$D:$D,MATCH($C38,Stats!$A:$A,0)),FALSE),ROUND(D38+(E38-D38)*(1+G38)*((7-1)/(MaxLevel-1))^(2^F38),0),D38+(E38-D38)*(1+G38)*((7-1)/(MaxLevel-1))^(2^F38))) | O38: =IF(OR(D38="",E38=""),"",IF(IFERROR(INDEX(Stats!$D:$D,MATCH($C38,Stats!$A:$A,0)),FALSE),ROUND(D38+(E38-D38)*(1+G38)*((8-1)/(MaxLevel-1))^(2^F38),0),D38+(E38-D38)*(1+G38)*((8-1)/(MaxLevel-1))^(2^F38))) | P38: =IF(OR(D38="",E38=""),"",IF(IFERROR(INDEX(Stats!$D:$D,MATCH($C38,Stats!$A:$A,0)),FALSE),ROUND(D38+(E38-D38)*(1+G38)*((9-1)/(MaxLevel-1))^(2^F38),0),D38+(E38-D38)*(1+G38)*((9-1)/(MaxLevel-1))^(2^F38))) | Q38: =IF(OR(D38="",E38=""),"",IF(IFERROR(INDEX(Stats!$D:$D,MATCH($C38,Stats!$A:$A,0)),FALSE),ROUND(D38+(E38-D38)*(1+G38)*((10-1)/(MaxLevel-1))^(2^F38),0),D38+(E38-D38)*(1+G38)*((10-1)/(MaxLevel-1))^(2^F38)))
A39: 01U | B39: T1M | C39: Anger | H39: =IF(OR(D39="",E39=""),"",IF(IFERROR(INDEX(Stats!$D:$D,MATCH($C39,Stats!$A:$A,0)),FALSE),ROUND(D39+(E39-D39)*(1+G39)*((1-1)/(MaxLevel-1))^(2^F39),0),D39+(E39-D39)*(1+G39)*((1-1)/(MaxLevel-1))^(2^F39))) | I39: =IF(OR(D39="",E39=""),"",IF(IFERROR(INDEX(Stats!$D:$D,MATCH($C39,Stats!$A:$A,0)),FALSE),ROUND(D39+(E39-D39)*(1+G39)*((2-1)/(MaxLevel-1))^(2^F39),0),D39+(E39-D39)*(1+G39)*((2-1)/(MaxLevel-1))^(2^F39))) | J39: =IF(OR(D39="",E39=""),"",IF(IFERROR(INDEX(Stats!$D:$D,MATCH($C39,Stats!$A:$A,0)),FALSE),ROUND(D39+(E39-D39)*(1+G39)*((3-1)/(MaxLevel-1))^(2^F39),0),D39+(E39-D39)*(1+G39)*((3-1)/(MaxLevel-1))^(2^F39))) | K39: =IF(OR(D39="",E39=""),"",IF(IFERROR(INDEX(Stats!$D:$D,MATCH($C39,Stats!$A:$A,0)),FALSE),ROUND(D39+(E39-D39)*(1+G39)*((4-1)/(MaxLevel-1))^(2^F39),0),D39+(E39-D39)*(1+G39)*((4-1)/(MaxLevel-1))^(2^F39))) | L39: =IF(OR(D39="",E39=""),"",IF(IFERROR(INDEX(Stats!$D:$D,MATCH($C39,Stats!$A:$A,0)),FALSE),ROUND(D39+(E39-D39)*(1+G39)*((5-1)/(MaxLevel-1))^(2^F39),0),D39+(E39-D39)*(1+G39)*((5-1)/(MaxLevel-1))^(2^F39))) | M39: =IF(OR(D39="",E39=""),"",IF(IFERROR(INDEX(Stats!$D:$D,MATCH($C39,Stats!$A:$A,0)),FALSE),ROUND(D39+(E39-D39)*(1+G39)*((6-1)/(MaxLevel-1))^(2^F39),0),D39+(E39-D39)*(1+G39)*((6-1)/(MaxLevel-1))^(2^F39))) | N39: =IF(OR(D39="",E39=""),"",IF(IFERROR(INDEX(Stats!$D:$D,MATCH($C39,Stats!$A:$A,0)),FALSE),ROUND(D39+(E39-D39)*(1+G39)*((7-1)/(MaxLevel-1))^(2^F39),0),D39+(E39-D39)*(1+G39)*((7-1)/(MaxLevel-1))^(2^F39))) | O39: =IF(OR(D39="",E39=""),"",IF(IFERROR(INDEX(Stats!$D:$D,MATCH($C39,Stats!$A:$A,0)),FALSE),ROUND(D39+(E39-D39)*(1+G39)*((8-1)/(MaxLevel-1))^(2^F39),0),D39+(E39-D39)*(1+G39)*((8-1)/(MaxLevel-1))^(2^F39))) | P39: =IF(OR(D39="",E39=""),"",IF(IFERROR(INDEX(Stats!$D:$D,MATCH($C39,Stats!$A:$A,0)),FALSE),ROUND(D39+(E39-D39)*(1+G39)*((9-1)/(MaxLevel-1))^(2^F39),0),D39+(E39-D39)*(1+G39)*((9-1)/(MaxLevel-1))^(2^F39))) | Q39: =IF(OR(D39="",E39=""),"",IF(IFERROR(INDEX(Stats!$D:$D,MATCH($C39,Stats!$A:$A,0)),FALSE),ROUND(D39+(E39-D39)*(1+G39)*((10-1)/(MaxLevel-1))^(2^F39),0),D39+(E39-D39)*(1+G39)*((10-1)/(MaxLevel-1))^(2^F39)))
A40: 01U | B40: T2F | C40: Experience | D40: 0 | E40: 10000 | F40: 1 | G40: 0 | H40: =IF(OR(D40="",E40=""),"",IF(IFERROR(INDEX(Stats!$D:$D,MATCH($C40,Stats!$A:$A,0)),FALSE),ROUND(D40+(E40-D40)*(1+G40)*((1-1)/(MaxLevel-1))^(2^F40),0),D40+(E40-D40)*(1+G40)*((1-1)/(MaxLevel-1))^(2^F40))) | I40: =IF(OR(D40="",E40=""),"",IF(IFERROR(INDEX(Stats!$D:$D,MATCH($C40,Stats!$A:$A,0)),FALSE),ROUND(D40+(E40-D40)*(1+G40)*((2-1)/(MaxLevel-1))^(2^F40),0),D40+(E40-D40)*(1+G40)*((2-1)/(MaxLevel-1))^(2^F40))) | J40: =IF(OR(D40="",E40=""),"",IF(IFERROR(INDEX(Stats!$D:$D,MATCH($C40,Stats!$A:$A,0)),FALSE),ROUND(D40+(E40-D40)*(1+G40)*((3-1)/(MaxLevel-1))^(2^F40),0),D40+(E40-D40)*(1+G40)*((3-1)/(MaxLevel-1))^(2^F40))) | K40: =IF(OR(D40="",E40=""),"",IF(IFERROR(INDEX(Stats!$D:$D,MATCH($C40,Stats!$A:$A,0)),FALSE),ROUND(D40+(E40-D40)*(1+G40)*((4-1)/(MaxLevel-1))^(2^F40),0),D40+(E40-D40)*(1+G40)*((4-1)/(MaxLevel-1))^(2^F40))) | L40: =IF(OR(D40="",E40=""),"",IF(IFERROR(INDEX(Stats!$D:$D,MATCH($C40,Stats!$A:$A,0)),FALSE),ROUND(D40+(E40-D40)*(1+G40)*((5-1)/(MaxLevel-1))^(2^F40),0),D40+(E40-D40)*(1+G40)*((5-1)/(MaxLevel-1))^(2^F40))) | M40: =IF(OR(D40="",E40=""),"",IF(IFERROR(INDEX(Stats!$D:$D,MATCH($C40,Stats!$A:$A,0)),FALSE),ROUND(D40+(E40-D40)*(1+G40)*((6-1)/(MaxLevel-1))^(2^F40),0),D40+(E40-D40)*(1+G40)*((6-1)/(MaxLevel-1))^(2^F40))) | N40: =IF(OR(D40="",E40=""),"",IF(IFERROR(INDEX(Stats!$D:$D,MATCH($C40,Stats!$A:$A,0)),FALSE),ROUND(D40+(E40-D40)*(1+G40)*((7-1)/(MaxLevel-1))^(2^F40),0),D40+(E40-D40)*(1+G40)*((7-1)/(MaxLevel-1))^(2^F40))) | O40: =IF(OR(D40="",E40=""),"",IF(IFERROR(INDEX(Stats!$D:$D,MATCH($C40,Stats!$A:$A,0)),FALSE),ROUND(D40+(E40-D40)*(1+G40)*((8-1)/(MaxLevel-1))^(2^F40),0),D40+(E40-D40)*(1+G40)*((8-1)/(MaxLevel-1))^(2^F40))) | P40: =IF(OR(D40="",E40=""),"",IF(IFERROR(INDEX(Stats!$D:$D,MATCH($C40,Stats!$A:$A,0)),FALSE),ROUND(D40+(E40-D40)*(1+G40)*((9-1)/(MaxLevel-1))^(2^F40),0),D40+(E40-D40)*(1+G40)*((9-1)/(MaxLevel-1))^(2^F40))) | Q40: =IF(OR(D40="",E40=""),"",IF(IFERROR(INDEX(Stats!$D:$D,MATCH($C40,Stats!$A:$A,0)),FALSE),ROUND(D40+(E40-D40)*(1+G40)*((10-1)/(MaxLevel-1))^(2^F40),0),D40+(E40-D40)*(1+G40)*((10-1)/(MaxLevel-1))^(2^F40)))
A41: 01U | B41: T2F | C41: Salary | D41: 25 | E41: 150 | F41: 0 | G41: 0 | H41: =IF(OR(D41="",E41=""),"",IF(IFERROR(INDEX(Stats!$D:$D,MATCH($C41,Stats!$A:$A,0)),FALSE),ROUND(D41+(E41-D41)*(1+G41)*((1-1)/(MaxLevel-1))^(2^F41),0),D41+(E41-D41)*(1+G41)*((1-1)/(MaxLevel-1))^(2^F41))) | I41: =IF(OR(D41="",E41=""),"",IF(IFERROR(INDEX(Stats!$D:$D,MATCH($C41,Stats!$A:$A,0)),FALSE),ROUND(D41+(E41-D41)*(1+G41)*((2-1)/(MaxLevel-1))^(2^F41),0),D41+(E41-D41)*(1+G41)*((2-1)/(MaxLevel-1))^(2^F41))) | J41: =IF(OR(D41="",E41=""),"",IF(IFERROR(INDEX(Stats!$D:$D,MATCH($C41,Stats!$A:$A,0)),FALSE),ROUND(D41+(E41-D41)*(1+G41)*((3-1)/(MaxLevel-1))^(2^F41),0),D41+(E41-D41)*(1+G41)*((3-1)/(MaxLevel-1))^(2^F41))) | K41: =IF(OR(D41="",E41=""),"",IF(IFERROR(INDEX(Stats!$D:$D,MATCH($C41,Stats!$A:$A,0)),FALSE),ROUND(D41+(E41-D41)*(1+G41)*((4-1)/(MaxLevel-1))^(2^F41),0),D41+(E41-D41)*(1+G41)*((4-1)/(MaxLevel-1))^(2^F41))) | L41: =IF(OR(D41="",E41=""),"",IF(IFERROR(INDEX(Stats!$D:$D,MATCH($C41,Stats!$A:$A,0)),FALSE),ROUND(D41+(E41-D41)*(1+G41)*((5-1)/(MaxLevel-1))^(2^F41),0),D41+(E41-D41)*(1+G41)*((5-1)/(MaxLevel-1))^(2^F41))) | M41: =IF(OR(D41="",E41=""),"",IF(IFERROR(INDEX(Stats!$D:$D,MATCH($C41,Stats!$A:$A,0)),FALSE),ROUND(D41+(E41-D41)*(1+G41)*((6-1)/(MaxLevel-1))^(2^F41),0),D41+(E41-D41)*(1+G41)*((6-1)/(MaxLevel-1))^(2^F41))) | N41: =IF(OR(D41="",E41=""),"",IF(IFERROR(INDEX(Stats!$D:$D,MATCH($C41,Stats!$A:$A,0)),FALSE),ROUND(D41+(E41-D41)*(1+G41)*((7-1)/(MaxLevel-1))^(2^F41),0),D41+(E41-D41)*(1+G41)*((7-1)/(MaxLevel-1))^(2^F41))) | O41: =IF(OR(D41="",E41=""),"",IF(IFERROR(INDEX(Stats!$D:$D,MATCH($C41,Stats!$A:$A,0)),FALSE),ROUND(D41+(E41-D41)*(1+G41)*((8-1)/(MaxLevel-1))^(2^F41),0),D41+(E41-D41)*(1+G41)*((8-1)/(MaxLevel-1))^(2^F41))) | P41: =IF(OR(D41="",E41=""),"",IF(IFERROR(INDEX(Stats!$D:$D,MATCH($C41,Stats!$A:$A,0)),FALSE),ROUND(D41+(E41-D41)*(1+G41)*((9-1)/(MaxLevel-1))^(2^F41),0),D41+(E41-D41)*(1+G41)*((9-1)/(MaxLevel-1))^(2^F41))) | Q41: =IF(OR(D41="",E41=""),"",IF(IFERROR(INDEX(Stats!$D:$D,MATCH($C41,Stats!$A:$A,0)),FALSE),ROUND(D41+(E41-D41)*(1+G41)*((10-1)/(MaxLevel-1))^(2^F41),0),D41+(E41-D41)*(1+G41)*((10-1)/(MaxLevel-1))^(2^F41)))
A42: 01U | B42: T2F | C42: Health | D42: 300 | E42: 1200 | F42: 0 | G42: -0.1 | H42: =IF(OR(D42="",E42=""),"",IF(IFERROR(INDEX(Stats!$D:$D,MATCH($C42,Stats!$A:$A,0)),FALSE),ROUND(D42+(E42-D42)*(1+G42)*((1-1)/(MaxLevel-1))^(2^F42),0),D42+(E42-D42)*(1+G42)*((1-1)/(MaxLevel-1))^(2^F42))) | I42: =IF(OR(D42="",E42=""),"",IF(IFERROR(INDEX(Stats!$D:$D,MATCH($C42,Stats!$A:$A,0)),FALSE),ROUND(D42+(E42-D42)*(1+G42)*((2-1)/(MaxLevel-1))^(2^F42),0),D42+(E42-D42)*(1+G42)*((2-1)/(MaxLevel-1))^(2^F42))) | J42: =IF(OR(D42="",E42=""),"",IF(IFERROR(INDEX(Stats!$D:$D,MATCH($C42,Stats!$A:$A,0)),FALSE),ROUND(D42+(E42-D42)*(1+G42)*((3-1)/(MaxLevel-1))^(2^F42),0),D42+(E42-D42)*(1+G42)*((3-1)/(MaxLevel-1))^(2^F42))) | K42: =IF(OR(D42="",E42=""),"",IF(IFERROR(INDEX(Stats!$D:$D,MATCH($C42,Stats!$A:$A,0)),FALSE),ROUND(D42+(E42-D42)*(1+G42)*((4-1)/(MaxLevel-1))^(2^F42),0),D42+(E42-D42)*(1+G42)*((4-1)/(MaxLevel-1))^(2^F42))) | L42: =IF(OR(D42="",E42=""),"",IF(IFERROR(INDEX(Stats!$D:$D,MATCH($C42,Stats!$A:$A,0)),FALSE),ROUND(D42+(E42-D42)*(1+G42)*((5-1)/(MaxLevel-1))^(2^F42),0),D42+(E42-D42)*(1+G42)*((5-1)/(MaxLevel-1))^(2^F42))) | M42: =IF(OR(D42="",E42=""),"",IF(IFERROR(INDEX(Stats!$D:$D,MATCH($C42,Stats!$A:$A,0)),FALSE),ROUND(D42+(E42-D42)*(1+G42)*((6-1)/(MaxLevel-1))^(2^F42),0),D42+(E42-D42)*(1+G42)*((6-1)/(MaxLevel-1))^(2^F42))) | N42: =IF(OR(D42="",E42=""),"",IF(IFERROR(INDEX(Stats!$D:$D,MATCH($C42,Stats!$A:$A,0)),FALSE),ROUND(D42+(E42-D42)*(1+G42)*((7-1)/(MaxLevel-1))^(2^F42),0),D42+(E42-D42)*(1+G42)*((7-1)/(MaxLevel-1))^(2^F42))) | O42: =IF(OR(D42="",E42=""),"",IF(IFERROR(INDEX(Stats!$D:$D,MATCH($C42,Stats!$A:$A,0)),FALSE),ROUND(D42+(E42-D42)*(1+G42)*((8-1)/(MaxLevel-1))^(2^F42),0),D42+(E42-D42)*(1+G42)*((8-1)/(MaxLevel-1))^(2^F42))) | P42: =IF(OR(D42="",E42=""),"",IF(IFERROR(INDEX(Stats!$D:$D,MATCH($C42,Stats!$A:$A,0)),FALSE),ROUND(D42+(E42-D42)*(1+G42)*((9-1)/(MaxLevel-1))^(2^F42),0),D42+(E42-D42)*(1+G42)*((9-1)/(MaxLevel-1))^(2^F42))) | Q42: =IF(OR(D42="",E42=""),"",IF(IFERROR(INDEX(Stats!$D:$D,MATCH($C42,Stats!$A:$A,0)),FALSE),ROUND(D42+(E42-D42)*(1+G42)*((10-1)/(MaxLevel-1))^(2^F42),0),D42+(E42-D42)*(1+G42)*((10-1)/(MaxLevel-1))^(2^F42)))
A43: 01U | B43: T2F | C43: Strength | D43: 25 | E43: 110 | F43: 0.5 | G43: 0 | H43: =IF(OR(D43="",E43=""),"",IF(IFERROR(INDEX(Stats!$D:$D,MATCH($C43,Stats!$A:$A,0)),FALSE),ROUND(D43+(E43-D43)*(1+G43)*((1-1)/(MaxLevel-1))^(2^F43),0),D43+(E43-D43)*(1+G43)*((1-1)/(MaxLevel-1))^(2^F43))) | I43: =IF(OR(D43="",E43=""),"",IF(IFERROR(INDEX(Stats!$D:$D,MATCH($C43,Stats!$A:$A,0)),FALSE),ROUND(D43+(E43-D43)*(1+G43)*((2-1)/(MaxLevel-1))^(2^F43),0),D43+(E43-D43)*(1+G43)*((2-1)/(MaxLevel-1))^(2^F43))) | J43: =IF(OR(D43="",E43=""),"",IF(IFERROR(INDEX(Stats!$D:$D,MATCH($C43,Stats!$A:$A,0)),FALSE),ROUND(D43+(E43-D43)*(1+G43)*((3-1)/(MaxLevel-1))^(2^F43),0),D43+(E43-D43)*(1+G43)*((3-1)/(MaxLevel-1))^(2^F43))) | K43: =IF(OR(D43="",E43=""),"",IF(IFERROR(INDEX(Stats!$D:$D,MATCH($C43,Stats!$A:$A,0)),FALSE),ROUND(D43+(E43-D43)*(1+G43)*((4-1)/(MaxLevel-1))^(2^F43),0),D43+(E43-D43)*(1+G43)*((4-1)/(MaxLevel-1))^(2^F43))) | L43: =IF(OR(D43="",E43=""),"",IF(IFERROR(INDEX(Stats!$D:$D,MATCH($C43,Stats!$A:$A,0)),FALSE),ROUND(D43+(E43-D43)*(1+G43)*((5-1)/(MaxLevel-1))^(2^F43),0),D43+(E43-D43)*(1+G43)*((5-1)/(MaxLevel-1))^(2^F43))) | M43: =IF(OR(D43="",E43=""),"",IF(IFERROR(INDEX(Stats!$D:$D,MATCH($C43,Stats!$A:$A,0)),FALSE),ROUND(D43+(E43-D43)*(1+G43)*((6-1)/(MaxLevel-1))^(2^F43),0),D43+(E43-D43)*(1+G43)*((6-1)/(MaxLevel-1))^(2^F43))) | N43: =IF(OR(D43="",E43=""),"",IF(IFERROR(INDEX(Stats!$D:$D,MATCH($C43,Stats!$A:$A,0)),FALSE),ROUND(D43+(E43-D43)*(1+G43)*((7-1)/(MaxLevel-1))^(2^F43),0),D43+(E43-D43)*(1+G43)*((7-1)/(MaxLevel-1))^(2^F43))) | O43: =IF(OR(D43="",E43=""),"",IF(IFERROR(INDEX(Stats!$D:$D,MATCH($C43,Stats!$A:$A,0)),FALSE),ROUND(D43+(E43-D43)*(1+G43)*((8-1)/(MaxLevel-1))^(2^F43),0),D43+(E43-D43)*(1+G43)*((8-1)/(MaxLevel-1))^(2^F43))) | P43: =IF(OR(D43="",E43=""),"",IF(IFERROR(INDEX(Stats!$D:$D,MATCH($C43,Stats!$A:$A,0)),FALSE),ROUND(D43+(E43-D43)*(1+G43)*((9-1)/(MaxLevel-1))^(2^F43),0),D43+(E43-D43)*(1+G43)*((9-1)/(MaxLevel-1))^(2^F43))) | Q43: =IF(OR(D43="",E43=""),"",IF(IFERROR(INDEX(Stats!$D:$D,MATCH($C43,Stats!$A:$A,0)),FALSE),ROUND(D43+(E43-D43)*(1+G43)*((10-1)/(MaxLevel-1))^(2^F43),0),D43+(E43-D43)*(1+G43)*((10-1)/(MaxLevel-1))^(2^F43)))
A44: 01U | B44: T2F | C44: Accuracy | H44: =IF(OR(D44="",E44=""),"",IF(IFERROR(INDEX(Stats!$D:$D,MATCH($C44,Stats!$A:$A,0)),FALSE),ROUND(D44+(E44-D44)*(1+G44)*((1-1)/(MaxLevel-1))^(2^F44),0),D44+(E44-D44)*(1+G44)*((1-1)/(MaxLevel-1))^(2^F44))) | I44: =IF(OR(D44="",E44=""),"",IF(IFERROR(INDEX(Stats!$D:$D,MATCH($C44,Stats!$A:$A,0)),FALSE),ROUND(D44+(E44-D44)*(1+G44)*((2-1)/(MaxLevel-1))^(2^F44),0),D44+(E44-D44)*(1+G44)*((2-1)/(MaxLevel-1))^(2^F44))) | J44: =IF(OR(D44="",E44=""),"",IF(IFERROR(INDEX(Stats!$D:$D,MATCH($C44,Stats!$A:$A,0)),FALSE),ROUND(D44+(E44-D44)*(1+G44)*((3-1)/(MaxLevel-1))^(2^F44),0),D44+(E44-D44)*(1+G44)*((3-1)/(MaxLevel-1))^(2^F44))) | K44: =IF(OR(D44="",E44=""),"",IF(IFERROR(INDEX(Stats!$D:$D,MATCH($C44,Stats!$A:$A,0)),FALSE),ROUND(D44+(E44-D44)*(1+G44)*((4-1)/(MaxLevel-1))^(2^F44),0),D44+(E44-D44)*(1+G44)*((4-1)/(MaxLevel-1))^(2^F44))) | L44: =IF(OR(D44="",E44=""),"",IF(IFERROR(INDEX(Stats!$D:$D,MATCH($C44,Stats!$A:$A,0)),FALSE),ROUND(D44+(E44-D44)*(1+G44)*((5-1)/(MaxLevel-1))^(2^F44),0),D44+(E44-D44)*(1+G44)*((5-1)/(MaxLevel-1))^(2^F44))) | M44: =IF(OR(D44="",E44=""),"",IF(IFERROR(INDEX(Stats!$D:$D,MATCH($C44,Stats!$A:$A,0)),FALSE),ROUND(D44+(E44-D44)*(1+G44)*((6-1)/(MaxLevel-1))^(2^F44),0),D44+(E44-D44)*(1+G44)*((6-1)/(MaxLevel-1))^(2^F44))) | N44: =IF(OR(D44="",E44=""),"",IF(IFERROR(INDEX(Stats!$D:$D,MATCH($C44,Stats!$A:$A,0)),FALSE),ROUND(D44+(E44-D44)*(1+G44)*((7-1)/(MaxLevel-1))^(2^F44),0),D44+(E44-D44)*(1+G44)*((7-1)/(MaxLevel-1))^(2^F44))) | O44: =IF(OR(D44="",E44=""),"",IF(IFERROR(INDEX(Stats!$D:$D,MATCH($C44,Stats!$A:$A,0)),FALSE),ROUND(D44+(E44-D44)*(1+G44)*((8-1)/(MaxLevel-1))^(2^F44),0),D44+(E44-D44)*(1+G44)*((8-1)/(MaxLevel-1))^(2^F44))) | P44: =IF(OR(D44="",E44=""),"",IF(IFERROR(INDEX(Stats!$D:$D,MATCH($C44,Stats!$A:$A,0)),FALSE),ROUND(D44+(E44-D44)*(1+G44)*((9-1)/(MaxLevel-1))^(2^F44),0),D44+(E44-D44)*(1+G44)*((9-1)/(MaxLevel-1))^(2^F44))) | Q44: =IF(OR(D44="",E44=""),"",IF(IFERROR(INDEX(Stats!$D:$D,MATCH($C44,Stats!$A:$A,0)),FALSE),ROUND(D44+(E44-D44)*(1+G44)*((10-1)/(MaxLevel-1))^(2^F44),0),D44+(E44-D44)*(1+G44)*((10-1)/(MaxLevel-1))^(2^F44)))
A45: 01U | B45: T2F | C45: Dexterity | H45: =IF(OR(D45="",E45=""),"",IF(IFERROR(INDEX(Stats!$D:$D,MATCH($C45,Stats!$A:$A,0)),FALSE),ROUND(D45+(E45-D45)*(1+G45)*((1-1)/(MaxLevel-1))^(2^F45),0),D45+(E45-D45)*(1+G45)*((1-1)/(MaxLevel-1))^(2^F45))) | I45: =IF(OR(D45="",E45=""),"",IF(IFERROR(INDEX(Stats!$D:$D,MATCH($C45,Stats!$A:$A,0)),FALSE),ROUND(D45+(E45-D45)*(1+G45)*((2-1)/(MaxLevel-1))^(2^F45),0),D45+(E45-D45)*(1+G45)*((2-1)/(MaxLevel-1))^(2^F45))) | J45: =IF(OR(D45="",E45=""),"",IF(IFERROR(INDEX(Stats!$D:$D,MATCH($C45,Stats!$A:$A,0)),FALSE),ROUND(D45+(E45-D45)*(1+G45)*((3-1)/(MaxLevel-1))^(2^F45),0),D45+(E45-D45)*(1+G45)*((3-1)/(MaxLevel-1))^(2^F45))) | K45: =IF(OR(D45="",E45=""),"",IF(IFERROR(INDEX(Stats!$D:$D,MATCH($C45,Stats!$A:$A,0)),FALSE),ROUND(D45+(E45-D45)*(1+G45)*((4-1)/(MaxLevel-1))^(2^F45),0),D45+(E45-D45)*(1+G45)*((4-1)/(MaxLevel-1))^(2^F45))) | L45: =IF(OR(D45="",E45=""),"",IF(IFERROR(INDEX(Stats!$D:$D,MATCH($C45,Stats!$A:$A,0)),FALSE),ROUND(D45+(E45-D45)*(1+G45)*((5-1)/(MaxLevel-1))^(2^F45),0),D45+(E45-D45)*(1+G45)*((5-1)/(MaxLevel-1))^(2^F45))) | M45: =IF(OR(D45="",E45=""),"",IF(IFERROR(INDEX(Stats!$D:$D,MATCH($C45,Stats!$A:$A,0)),FALSE),ROUND(D45+(E45-D45)*(1+G45)*((6-1)/(MaxLevel-1))^(2^F45),0),D45+(E45-D45)*(1+G45)*((6-1)/(MaxLevel-1))^(2^F45))) | N45: =IF(OR(D45="",E45=""),"",IF(IFERROR(INDEX(Stats!$D:$D,MATCH($C45,Stats!$A:$A,0)),FALSE),ROUND(D45+(E45-D45)*(1+G45)*((7-1)/(MaxLevel-1))^(2^F45),0),D45+(E45-D45)*(1+G45)*((7-1)/(MaxLevel-1))^(2^F45))) | O45: =IF(OR(D45="",E45=""),"",IF(IFERROR(INDEX(Stats!$D:$D,MATCH($C45,Stats!$A:$A,0)),FALSE),ROUND(D45+(E45-D45)*(1+G45)*((8-1)/(MaxLevel-1))^(2^F45),0),D45+(E45-D45)*(1+G45)*((8-1)/(MaxLevel-1))^(2^F45))) | P45: =IF(OR(D45="",E45=""),"",IF(IFERROR(INDEX(Stats!$D:$D,MATCH($C45,Stats!$A:$A,0)),FALSE),ROUND(D45+(E45-D45)*(1+G45)*((9-1)/(MaxLevel-1))^(2^F45),0),D45+(E45-D45)*(1+G45)*((9-1)/(MaxLevel-1))^(2^F45))) | Q45: =IF(OR(D45="",E45=""),"",IF(IFERROR(INDEX(Stats!$D:$D,MATCH($C45,Stats!$A:$A,0)),FALSE),ROUND(D45+(E45-D45)*(1+G45)*((10-1)/(MaxLevel-1))^(2^F45),0),D45+(E45-D45)*(1+G45)*((10-1)/(MaxLevel-1))^(2^F45)))
A46: 01U | B46: T2F | C46: Fortitude | H46: =IF(OR(D46="",E46=""),"",IF(IFERROR(INDEX(Stats!$D:$D,MATCH($C46,Stats!$A:$A,0)),FALSE),ROUND(D46+(E46-D46)*(1+G46)*((1-1)/(MaxLevel-1))^(2^F46),0),D46+(E46-D46)*(1+G46)*((1-1)/(MaxLevel-1))^(2^F46))) | I46: =IF(OR(D46="",E46=""),"",IF(IFERROR(INDEX(Stats!$D:$D,MATCH($C46,Stats!$A:$A,0)),FALSE),ROUND(D46+(E46-D46)*(1+G46)*((2-1)/(MaxLevel-1))^(2^F46),0),D46+(E46-D46)*(1+G46)*((2-1)/(MaxLevel-1))^(2^F46))) | J46: =IF(OR(D46="",E46=""),"",IF(IFERROR(INDEX(Stats!$D:$D,MATCH($C46,Stats!$A:$A,0)),FALSE),ROUND(D46+(E46-D46)*(1+G46)*((3-1)/(MaxLevel-1))^(2^F46),0),D46+(E46-D46)*(1+G46)*((3-1)/(MaxLevel-1))^(2^F46))) | K46: =IF(OR(D46="",E46=""),"",IF(IFERROR(INDEX(Stats!$D:$D,MATCH($C46,Stats!$A:$A,0)),FALSE),ROUND(D46+(E46-D46)*(1+G46)*((4-1)/(MaxLevel-1))^(2^F46),0),D46+(E46-D46)*(1+G46)*((4-1)/(MaxLevel-1))^(2^F46))) | L46: =IF(OR(D46="",E46=""),"",IF(IFERROR(INDEX(Stats!$D:$D,MATCH($C46,Stats!$A:$A,0)),FALSE),ROUND(D46+(E46-D46)*(1+G46)*((5-1)/(MaxLevel-1))^(2^F46),0),D46+(E46-D46)*(1+G46)*((5-1)/(MaxLevel-1))^(2^F46))) | M46: =IF(OR(D46="",E46=""),"",IF(IFERROR(INDEX(Stats!$D:$D,MATCH($C46,Stats!$A:$A,0)),FALSE),ROUND(D46+(E46-D46)*(1+G46)*((6-1)/(MaxLevel-1))^(2^F46),0),D46+(E46-D46)*(1+G46)*((6-1)/(MaxLevel-1))^(2^F46))) | N46: =IF(OR(D46="",E46=""),"",IF(IFERROR(INDEX(Stats!$D:$D,MATCH($C46,Stats!$A:$A,0)),FALSE),ROUND(D46+(E46-D46)*(1+G46)*((7-1)/(MaxLevel-1))^(2^F46),0),D46+(E46-D46)*(1+G46)*((7-1)/(MaxLevel-1))^(2^F46))) | O46: =IF(OR(D46="",E46=""),"",IF(IFERROR(INDEX(Stats!$D:$D,MATCH($C46,Stats!$A:$A,0)),FALSE),ROUND(D46+(E46-D46)*(1+G46)*((8-1)/(MaxLevel-1))^(2^F46),0),D46+(E46-D46)*(1+G46)*((8-1)/(MaxLevel-1))^(2^F46))) | P46: =IF(OR(D46="",E46=""),"",IF(IFERROR(INDEX(Stats!$D:$D,MATCH($C46,Stats!$A:$A,0)),FALSE),ROUND(D46+(E46-D46)*(1+G46)*((9-1)/(MaxLevel-1))^(2^F46),0),D46+(E46-D46)*(1+G46)*((9-1)/(MaxLevel-1))^(2^F46))) | Q46: =IF(OR(D46="",E46=""),"",IF(IFERROR(INDEX(Stats!$D:$D,MATCH($C46,Stats!$A:$A,0)),FALSE),ROUND(D46+(E46-D46)*(1+G46)*((10-1)/(MaxLevel-1))^(2^F46),0),D46+(E46-D46)*(1+G46)*((10-1)/(MaxLevel-1))^(2^F46)))
A47: 01U | B47: T2F | C47: Speed | H47: =IF(OR(D47="",E47=""),"",IF(IFERROR(INDEX(Stats!$D:$D,MATCH($C47,Stats!$A:$A,0)),FALSE),ROUND(D47+(E47-D47)*(1+G47)*((1-1)/(MaxLevel-1))^(2^F47),0),D47+(E47-D47)*(1+G47)*((1-1)/(MaxLevel-1))^(2^F47))) | I47: =IF(OR(D47="",E47=""),"",IF(IFERROR(INDEX(Stats!$D:$D,MATCH($C47,Stats!$A:$A,0)),FALSE),ROUND(D47+(E47-D47)*(1+G47)*((2-1)/(MaxLevel-1))^(2^F47),0),D47+(E47-D47)*(1+G47)*((2-1)/(MaxLevel-1))^(2^F47))) | J47: =IF(OR(D47="",E47=""),"",IF(IFERROR(INDEX(Stats!$D:$D,MATCH($C47,Stats!$A:$A,0)),FALSE),ROUND(D47+(E47-D47)*(1+G47)*((3-1)/(MaxLevel-1))^(2^F47),0),D47+(E47-D47)*(1+G47)*((3-1)/(MaxLevel-1))^(2^F47))) | K47: =IF(OR(D47="",E47=""),"",IF(IFERROR(INDEX(Stats!$D:$D,MATCH($C47,Stats!$A:$A,0)),FALSE),ROUND(D47+(E47-D47)*(1+G47)*((4-1)/(MaxLevel-1))^(2^F47),0),D47+(E47-D47)*(1+G47)*((4-1)/(MaxLevel-1))^(2^F47))) | L47: =IF(OR(D47="",E47=""),"",IF(IFERROR(INDEX(Stats!$D:$D,MATCH($C47,Stats!$A:$A,0)),FALSE),ROUND(D47+(E47-D47)*(1+G47)*((5-1)/(MaxLevel-1))^(2^F47),0),D47+(E47-D47)*(1+G47)*((5-1)/(MaxLevel-1))^(2^F47))) | M47: =IF(OR(D47="",E47=""),"",IF(IFERROR(INDEX(Stats!$D:$D,MATCH($C47,Stats!$A:$A,0)),FALSE),ROUND(D47+(E47-D47)*(1+G47)*((6-1)/(MaxLevel-1))^(2^F47),0),D47+(E47-D47)*(1+G47)*((6-1)/(MaxLevel-1))^(2^F47))) | N47: =IF(OR(D47="",E47=""),"",IF(IFERROR(INDEX(Stats!$D:$D,MATCH($C47,Stats!$A:$A,0)),FALSE),ROUND(D47+(E47-D47)*(1+G47)*((7-1)/(MaxLevel-1))^(2^F47),0),D47+(E47-D47)*(1+G47)*((7-1)/(MaxLevel-1))^(2^F47))) | O47: =IF(OR(D47="",E47=""),"",IF(IFERROR(INDEX(Stats!$D:$D,MATCH($C47,Stats!$A:$A,0)),FALSE),ROUND(D47+(E47-D47)*(1+G47)*((8-1)/(MaxLevel-1))^(2^F47),0),D47+(E47-D47)*(1+G47)*((8-1)/(MaxLevel-1))^(2^F47))) | P47: =IF(OR(D47="",E47=""),"",IF(IFERROR(INDEX(Stats!$D:$D,MATCH($C47,Stats!$A:$A,0)),FALSE),ROUND(D47+(E47-D47)*(1+G47)*((9-1)/(MaxLevel-1))^(2^F47),0),D47+(E47-D47)*(1+G47)*((9-1)/(MaxLevel-1))^(2^F47))) | Q47: =IF(OR(D47="",E47=""),"",IF(IFERROR(INDEX(Stats!$D:$D,MATCH($C47,Stats!$A:$A,0)),FALSE),ROUND(D47+(E47-D47)*(1+G47)*((10-1)/(MaxLevel-1))^(2^F47),0),D47+(E47-D47)*(1+G47)*((10-1)/(MaxLevel-1))^(2^F47)))
A48: 01U | B48: T2F | C48: Magic | H48: =IF(OR(D48="",E48=""),"",IF(IFERROR(INDEX(Stats!$D:$D,MATCH($C48,Stats!$A:$A,0)),FALSE),ROUND(D48+(E48-D48)*(1+G48)*((1-1)/(MaxLevel-1))^(2^F48),0),D48+(E48-D48)*(1+G48)*((1-1)/(MaxLevel-1))^(2^F48))) | I48: =IF(OR(D48="",E48=""),"",IF(IFERROR(INDEX(Stats!$D:$D,MATCH($C48,Stats!$A:$A,0)),FALSE),ROUND(D48+(E48-D48)*(1+G48)*((2-1)/(MaxLevel-1))^(2^F48),0),D48+(E48-D48)*(1+G48)*((2-1)/(MaxLevel-1))^(2^F48))) | J48: =IF(OR(D48="",E48=""),"",IF(IFERROR(INDEX(Stats!$D:$D,MATCH($C48,Stats!$A:$A,0)),FALSE),ROUND(D48+(E48-D48)*(1+G48)*((3-1)/(MaxLevel-1))^(2^F48),0),D48+(E48-D48)*(1+G48)*((3-1)/(MaxLevel-1))^(2^F48))) | K48: =IF(OR(D48="",E48=""),"",IF(IFERROR(INDEX(Stats!$D:$D,MATCH($C48,Stats!$A:$A,0)),FALSE),ROUND(D48+(E48-D48)*(1+G48)*((4-1)/(MaxLevel-1))^(2^F48),0),D48+(E48-D48)*(1+G48)*((4-1)/(MaxLevel-1))^(2^F48))) | L48: =IF(OR(D48="",E48=""),"",IF(IFERROR(INDEX(Stats!$D:$D,MATCH($C48,Stats!$A:$A,0)),FALSE),ROUND(D48+(E48-D48)*(1+G48)*((5-1)/(MaxLevel-1))^(2^F48),0),D48+(E48-D48)*(1+G48)*((5-1)/(MaxLevel-1))^(2^F48))) | M48: =IF(OR(D48="",E48=""),"",IF(IFERROR(INDEX(Stats!$D:$D,MATCH($C48,Stats!$A:$A,0)),FALSE),ROUND(D48+(E48-D48)*(1+G48)*((6-1)/(MaxLevel-1))^(2^F48),0),D48+(E48-D48)*(1+G48)*((6-1)/(MaxLevel-1))^(2^F48))) | N48: =IF(OR(D48="",E48=""),"",IF(IFERROR(INDEX(Stats!$D:$D,MATCH($C48,Stats!$A:$A,0)),FALSE),ROUND(D48+(E48-D48)*(1+G48)*((7-1)/(MaxLevel-1))^(2^F48),0),D48+(E48-D48)*(1+G48)*((7-1)/(MaxLevel-1))^(2^F48))) | O48: =IF(OR(D48="",E48=""),"",IF(IFERROR(INDEX(Stats!$D:$D,MATCH($C48,Stats!$A:$A,0)),FALSE),ROUND(D48+(E48-D48)*(1+G48)*((8-1)/(MaxLevel-1))^(2^F48),0),D48+(E48-D48)*(1+G48)*((8-1)/(MaxLevel-1))^(2^F48))) | P48: =IF(OR(D48="",E48=""),"",IF(IFERROR(INDEX(Stats!$D:$D,MATCH($C48,Stats!$A:$A,0)),FALSE),ROUND(D48+(E48-D48)*(1+G48)*((9-1)/(MaxLevel-1))^(2^F48),0),D48+(E48-D48)*(1+G48)*((9-1)/(MaxLevel-1))^(2^F48))) | Q48: =IF(OR(D48="",E48=""),"",IF(IFERROR(INDEX(Stats!$D:$D,MATCH($C48,Stats!$A:$A,0)),FALSE),ROUND(D48+(E48-D48)*(1+G48)*((10-1)/(MaxLevel-1))^(2^F48),0),D48+(E48-D48)*(1+G48)*((10-1)/(MaxLevel-1))^(2^F48)))
A49: 01U | B49: T2F | C49: Resistance | H49: =IF(OR(D49="",E49=""),"",IF(IFERROR(INDEX(Stats!$D:$D,MATCH($C49,Stats!$A:$A,0)),FALSE),ROUND(D49+(E49-D49)*(1+G49)*((1-1)/(MaxLevel-1))^(2^F49),0),D49+(E49-D49)*(1+G49)*((1-1)/(MaxLevel-1))^(2^F49))) | I49: =IF(OR(D49="",E49=""),"",IF(IFERROR(INDEX(Stats!$D:$D,MATCH($C49,Stats!$A:$A,0)),FALSE),ROUND(D49+(E49-D49)*(1+G49)*((2-1)/(MaxLevel-1))^(2^F49),0),D49+(E49-D49)*(1+G49)*((2-1)/(MaxLevel-1))^(2^F49))) | J49: =IF(OR(D49="",E49=""),"",IF(IFERROR(INDEX(Stats!$D:$D,MATCH($C49,Stats!$A:$A,0)),FALSE),ROUND(D49+(E49-D49)*(1+G49)*((3-1)/(MaxLevel-1))^(2^F49),0),D49+(E49-D49)*(1+G49)*((3-1)/(MaxLevel-1))^(2^F49))) | K49: =IF(OR(D49="",E49=""),"",IF(IFERROR(INDEX(Stats!$D:$D,MATCH($C49,Stats!$A:$A,0)),FALSE),ROUND(D49+(E49-D49)*(1+G49)*((4-1)/(MaxLevel-1))^(2^F49),0),D49+(E49-D49)*(1+G49)*((4-1)/(MaxLevel-1))^(2^F49))) | L49: =IF(OR(D49="",E49=""),"",IF(IFERROR(INDEX(Stats!$D:$D,MATCH($C49,Stats!$A:$A,0)),FALSE),ROUND(D49+(E49-D49)*(1+G49)*((5-1)/(MaxLevel-1))^(2^F49),0),D49+(E49-D49)*(1+G49)*((5-1)/(MaxLevel-1))^(2^F49))) | M49: =IF(OR(D49="",E49=""),"",IF(IFERROR(INDEX(Stats!$D:$D,MATCH($C49,Stats!$A:$A,0)),FALSE),ROUND(D49+(E49-D49)*(1+G49)*((6-1)/(MaxLevel-1))^(2^F49),0),D49+(E49-D49)*(1+G49)*((6-1)/(MaxLevel-1))^(2^F49))) | N49: =IF(OR(D49="",E49=""),"",IF(IFERROR(INDEX(Stats!$D:$D,MATCH($C49,Stats!$A:$A,0)),FALSE),ROUND(D49+(E49-D49)*(1+G49)*((7-1)/(MaxLevel-1))^(2^F49),0),D49+(E49-D49)*(1+G49)*((7-1)/(MaxLevel-1))^(2^F49))) | O49: =IF(OR(D49="",E49=""),"",IF(IFERROR(INDEX(Stats!$D:$D,MATCH($C49,Stats!$A:$A,0)),FALSE),ROUND(D49+(E49-D49)*(1+G49)*((8-1)/(MaxLevel-1))^(2^F49),0),D49+(E49-D49)*(1+G49)*((8-1)/(MaxLevel-1))^(2^F49))) | P49: =IF(OR(D49="",E49=""),"",IF(IFERROR(INDEX(Stats!$D:$D,MATCH($C49,Stats!$A:$A,0)),FALSE),ROUND(D49+(E49-D49)*(1+G49)*((9-1)/(MaxLevel-1))^(2^F49),0),D49+(E49-D49)*(1+G49)*((9-1)/(MaxLevel-1))^(2^F49))) | Q49: =IF(OR(D49="",E49=""),"",IF(IFERROR(INDEX(Stats!$D:$D,MATCH($C49,Stats!$A:$A,0)),FALSE),ROUND(D49+(E49-D49)*(1+G49)*((10-1)/(MaxLevel-1))^(2^F49),0),D49+(E49-D49)*(1+G49)*((10-1)/(MaxLevel-1))^(2^F49)))
A50: 01U | B50: T2F | C50: Luck | H50: =IF(OR(D50="",E50=""),"",IF(IFERROR(INDEX(Stats!$D:$D,MATCH($C50,Stats!$A:$A,0)),FALSE),ROUND(D50+(E50-D50)*(1+G50)*((1-1)/(MaxLevel-1))^(2^F50),0),D50+(E50-D50)*(1+G50)*((1-1)/(MaxLevel-1))^(2^F50))) | I50: =IF(OR(D50="",E50=""),"",IF(IFERROR(INDEX(Stats!$D:$D,MATCH($C50,Stats!$A:$A,0)),FALSE),ROUND(D50+(E50-D50)*(1+G50)*((2-1)/(MaxLevel-1))^(2^F50),0),D50+(E50-D50)*(1+G50)*((2-1)/(MaxLevel-1))^(2^F50))) | J50: =IF(OR(D50="",E50=""),"",IF(IFERROR(INDEX(Stats!$D:$D,MATCH($C50,Stats!$A:$A,0)),FALSE),ROUND(D50+(E50-D50)*(1+G50)*((3-1)/(MaxLevel-1))^(2^F50),0),D50+(E50-D50)*(1+G50)*((3-1)/(MaxLevel-1))^(2^F50))) | K50: =IF(OR(D50="",E50=""),"",IF(IFERROR(INDEX(Stats!$D:$D,MATCH($C50,Stats!$A:$A,0)),FALSE),ROUND(D50+(E50-D50)*(1+G50)*((4-1)/(MaxLevel-1))^(2^F50),0),D50+(E50-D50)*(1+G50)*((4-1)/(MaxLevel-1))^(2^F50))) | L50: =IF(OR(D50="",E50=""),"",IF(IFERROR(INDEX(Stats!$D:$D,MATCH($C50,Stats!$A:$A,0)),FALSE),ROUND(D50+(E50-D50)*(1+G50)*((5-1)/(MaxLevel-1))^(2^F50),0),D50+(E50-D50)*(1+G50)*((5-1)/(MaxLevel-1))^(2^F50))) | M50: =IF(OR(D50="",E50=""),"",IF(IFERROR(INDEX(Stats!$D:$D,MATCH($C50,Stats!$A:$A,0)),FALSE),ROUND(D50+(E50-D50)*(1+G50)*((6-1)/(MaxLevel-1))^(2^F50),0),D50+(E50-D50)*(1+G50)*((6-1)/(MaxLevel-1))^(2^F50))) | N50: =IF(OR(D50="",E50=""),"",IF(IFERROR(INDEX(Stats!$D:$D,MATCH($C50,Stats!$A:$A,0)),FALSE),ROUND(D50+(E50-D50)*(1+G50)*((7-1)/(MaxLevel-1))^(2^F50),0),D50+(E50-D50)*(1+G50)*((7-1)/(MaxLevel-1))^(2^F50))) | O50: =IF(OR(D50="",E50=""),"",IF(IFERROR(INDEX(Stats!$D:$D,MATCH($C50,Stats!$A:$A,0)),FALSE),ROUND(D50+(E50-D50)*(1+G50)*((8-1)/(MaxLevel-1))^(2^F50),0),D50+(E50-D50)*(1+G50)*((8-1)/(MaxLevel-1))^(2^F50))) | P50: =IF(OR(D50="",E50=""),"",IF(IFERROR(INDEX(Stats!$D:$D,MATCH($C50,Stats!$A:$A,0)),FALSE),ROUND(D50+(E50-D50)*(1+G50)*((9-1)/(MaxLevel-1))^(2^F50),0),D50+(E50-D50)*(1+G50)*((9-1)/(MaxLevel-1))^(2^F50))) | Q50: =IF(OR(D50="",E50=""),"",IF(IFERROR(INDEX(Stats!$D:$D,MATCH($C50,Stats!$A:$A,0)),FALSE),ROUND(D50+(E50-D50)*(1+G50)*((10-1)/(MaxLevel-1))^(2^F50),0),D50+(E50-D50)*(1+G50)*((10-1)/(MaxLevel-1))^(2^F50)))
A51: 01U | B51: T2F | C51: Weight | D51: 300 | E51: 320 | F51: 0 | G51: 0 | H51: =IF(OR(D51="",E51=""),"",IF(IFERROR(INDEX(Stats!$D:$D,MATCH($C51,Stats!$A:$A,0)),FALSE),ROUND(D51+(E51-D51)*(1+G51)*((1-1)/(MaxLevel-1))^(2^F51),0),D51+(E51-D51)*(1+G51)*((1-1)/(MaxLevel-1))^(2^F51))) | I51: =IF(OR(D51="",E51=""),"",IF(IFERROR(INDEX(Stats!$D:$D,MATCH($C51,Stats!$A:$A,0)),FALSE),ROUND(D51+(E51-D51)*(1+G51)*((2-1)/(MaxLevel-1))^(2^F51),0),D51+(E51-D51)*(1+G51)*((2-1)/(MaxLevel-1))^(2^F51))) | J51: =IF(OR(D51="",E51=""),"",IF(IFERROR(INDEX(Stats!$D:$D,MATCH($C51,Stats!$A:$A,0)),FALSE),ROUND(D51+(E51-D51)*(1+G51)*((3-1)/(MaxLevel-1))^(2^F51),0),D51+(E51-D51)*(1+G51)*((3-1)/(MaxLevel-1))^(2^F51))) | K51: =IF(OR(D51="",E51=""),"",IF(IFERROR(INDEX(Stats!$D:$D,MATCH($C51,Stats!$A:$A,0)),FALSE),ROUND(D51+(E51-D51)*(1+G51)*((4-1)/(MaxLevel-1))^(2^F51),0),D51+(E51-D51)*(1+G51)*((4-1)/(MaxLevel-1))^(2^F51))) | L51: =IF(OR(D51="",E51=""),"",IF(IFERROR(INDEX(Stats!$D:$D,MATCH($C51,Stats!$A:$A,0)),FALSE),ROUND(D51+(E51-D51)*(1+G51)*((5-1)/(MaxLevel-1))^(2^F51),0),D51+(E51-D51)*(1+G51)*((5-1)/(MaxLevel-1))^(2^F51))) | M51: =IF(OR(D51="",E51=""),"",IF(IFERROR(INDEX(Stats!$D:$D,MATCH($C51,Stats!$A:$A,0)),FALSE),ROUND(D51+(E51-D51)*(1+G51)*((6-1)/(MaxLevel-1))^(2^F51),0),D51+(E51-D51)*(1+G51)*((6-1)/(MaxLevel-1))^(2^F51))) | N51: =IF(OR(D51="",E51=""),"",IF(IFERROR(INDEX(Stats!$D:$D,MATCH($C51,Stats!$A:$A,0)),FALSE),ROUND(D51+(E51-D51)*(1+G51)*((7-1)/(MaxLevel-1))^(2^F51),0),D51+(E51-D51)*(1+G51)*((7-1)/(MaxLevel-1))^(2^F51))) | O51: =IF(OR(D51="",E51=""),"",IF(IFERROR(INDEX(Stats!$D:$D,MATCH($C51,Stats!$A:$A,0)),FALSE),ROUND(D51+(E51-D51)*(1+G51)*((8-1)/(MaxLevel-1))^(2^F51),0),D51+(E51-D51)*(1+G51)*((8-1)/(MaxLevel-1))^(2^F51))) | P51: =IF(OR(D51="",E51=""),"",IF(IFERROR(INDEX(Stats!$D:$D,MATCH($C51,Stats!$A:$A,0)),FALSE),ROUND(D51+(E51-D51)*(1+G51)*((9-1)/(MaxLevel-1))^(2^F51),0),D51+(E51-D51)*(1+G51)*((9-1)/(MaxLevel-1))^(2^F51))) | Q51: =IF(OR(D51="",E51=""),"",IF(IFERROR(INDEX(Stats!$D:$D,MATCH($C51,Stats!$A:$A,0)),FALSE),ROUND(D51+(E51-D51)*(1+G51)*((10-1)/(MaxLevel-1))^(2^F51),0),D51+(E51-D51)*(1+G51)*((10-1)/(MaxLevel-1))^(2^F51)))
A52: 01U | B52: T2F | C52: WorkingCost | H52: =IF(OR(D52="",E52=""),"",IF(IFERROR(INDEX(Stats!$D:$D,MATCH($C52,Stats!$A:$A,0)),FALSE),ROUND(D52+(E52-D52)*(1+G52)*((1-1)/(MaxLevel-1))^(2^F52),0),D52+(E52-D52)*(1+G52)*((1-1)/(MaxLevel-1))^(2^F52))) | I52: =IF(OR(D52="",E52=""),"",IF(IFERROR(INDEX(Stats!$D:$D,MATCH($C52,Stats!$A:$A,0)),FALSE),ROUND(D52+(E52-D52)*(1+G52)*((2-1)/(MaxLevel-1))^(2^F52),0),D52+(E52-D52)*(1+G52)*((2-1)/(MaxLevel-1))^(2^F52))) | J52: =IF(OR(D52="",E52=""),"",IF(IFERROR(INDEX(Stats!$D:$D,MATCH($C52,Stats!$A:$A,0)),FALSE),ROUND(D52+(E52-D52)*(1+G52)*((3-1)/(MaxLevel-1))^(2^F52),0),D52+(E52-D52)*(1+G52)*((3-1)/(MaxLevel-1))^(2^F52))) | K52: =IF(OR(D52="",E52=""),"",IF(IFERROR(INDEX(Stats!$D:$D,MATCH($C52,Stats!$A:$A,0)),FALSE),ROUND(D52+(E52-D52)*(1+G52)*((4-1)/(MaxLevel-1))^(2^F52),0),D52+(E52-D52)*(1+G52)*((4-1)/(MaxLevel-1))^(2^F52))) | L52: =IF(OR(D52="",E52=""),"",IF(IFERROR(INDEX(Stats!$D:$D,MATCH($C52,Stats!$A:$A,0)),FALSE),ROUND(D52+(E52-D52)*(1+G52)*((5-1)/(MaxLevel-1))^(2^F52),0),D52+(E52-D52)*(1+G52)*((5-1)/(MaxLevel-1))^(2^F52))) | M52: =IF(OR(D52="",E52=""),"",IF(IFERROR(INDEX(Stats!$D:$D,MATCH($C52,Stats!$A:$A,0)),FALSE),ROUND(D52+(E52-D52)*(1+G52)*((6-1)/(MaxLevel-1))^(2^F52),0),D52+(E52-D52)*(1+G52)*((6-1)/(MaxLevel-1))^(2^F52))) | N52: =IF(OR(D52="",E52=""),"",IF(IFERROR(INDEX(Stats!$D:$D,MATCH($C52,Stats!$A:$A,0)),FALSE),ROUND(D52+(E52-D52)*(1+G52)*((7-1)/(MaxLevel-1))^(2^F52),0),D52+(E52-D52)*(1+G52)*((7-1)/(MaxLevel-1))^(2^F52))) | O52: =IF(OR(D52="",E52=""),"",IF(IFERROR(INDEX(Stats!$D:$D,MATCH($C52,Stats!$A:$A,0)),FALSE),ROUND(D52+(E52-D52)*(1+G52)*((8-1)/(MaxLevel-1))^(2^F52),0),D52+(E52-D52)*(1+G52)*((8-1)/(MaxLevel-1))^(2^F52))) | P52: =IF(OR(D52="",E52=""),"",IF(IFERROR(INDEX(Stats!$D:$D,MATCH($C52,Stats!$A:$A,0)),FALSE),ROUND(D52+(E52-D52)*(1+G52)*((9-1)/(MaxLevel-1))^(2^F52),0),D52+(E52-D52)*(1+G52)*((9-1)/(MaxLevel-1))^(2^F52))) | Q52: =IF(OR(D52="",E52=""),"",IF(IFERROR(INDEX(Stats!$D:$D,MATCH($C52,Stats!$A:$A,0)),FALSE),ROUND(D52+(E52-D52)*(1+G52)*((10-1)/(MaxLevel-1))^(2^F52),0),D52+(E52-D52)*(1+G52)*((10-1)/(MaxLevel-1))^(2^F52)))
A53: 01U | B53: T2F | C53: SkillResearch | H53: =IF(OR(D53="",E53=""),"",IF(IFERROR(INDEX(Stats!$D:$D,MATCH($C53,Stats!$A:$A,0)),FALSE),ROUND(D53+(E53-D53)*(1+G53)*((1-1)/(MaxLevel-1))^(2^F53),0),D53+(E53-D53)*(1+G53)*((1-1)/(MaxLevel-1))^(2^F53))) | I53: =IF(OR(D53="",E53=""),"",IF(IFERROR(INDEX(Stats!$D:$D,MATCH($C53,Stats!$A:$A,0)),FALSE),ROUND(D53+(E53-D53)*(1+G53)*((2-1)/(MaxLevel-1))^(2^F53),0),D53+(E53-D53)*(1+G53)*((2-1)/(MaxLevel-1))^(2^F53))) | J53: =IF(OR(D53="",E53=""),"",IF(IFERROR(INDEX(Stats!$D:$D,MATCH($C53,Stats!$A:$A,0)),FALSE),ROUND(D53+(E53-D53)*(1+G53)*((3-1)/(MaxLevel-1))^(2^F53),0),D53+(E53-D53)*(1+G53)*((3-1)/(MaxLevel-1))^(2^F53))) | K53: =IF(OR(D53="",E53=""),"",IF(IFERROR(INDEX(Stats!$D:$D,MATCH($C53,Stats!$A:$A,0)),FALSE),ROUND(D53+(E53-D53)*(1+G53)*((4-1)/(MaxLevel-1))^(2^F53),0),D53+(E53-D53)*(1+G53)*((4-1)/(MaxLevel-1))^(2^F53))) | L53: =IF(OR(D53="",E53=""),"",IF(IFERROR(INDEX(Stats!$D:$D,MATCH($C53,Stats!$A:$A,0)),FALSE),ROUND(D53+(E53-D53)*(1+G53)*((5-1)/(MaxLevel-1))^(2^F53),0),D53+(E53-D53)*(1+G53)*((5-1)/(MaxLevel-1))^(2^F53))) | M53: =IF(OR(D53="",E53=""),"",IF(IFERROR(INDEX(Stats!$D:$D,MATCH($C53,Stats!$A:$A,0)),FALSE),ROUND(D53+(E53-D53)*(1+G53)*((6-1)/(MaxLevel-1))^(2^F53),0),D53+(E53-D53)*(1+G53)*((6-1)/(MaxLevel-1))^(2^F53))) | N53: =IF(OR(D53="",E53=""),"",IF(IFERROR(INDEX(Stats!$D:$D,MATCH($C53,Stats!$A:$A,0)),FALSE),ROUND(D53+(E53-D53)*(1+G53)*((7-1)/(MaxLevel-1))^(2^F53),0),D53+(E53-D53)*(1+G53)*((7-1)/(MaxLevel-1))^(2^F53))) | O53: =IF(OR(D53="",E53=""),"",IF(IFERROR(INDEX(Stats!$D:$D,MATCH($C53,Stats!$A:$A,0)),FALSE),ROUND(D53+(E53-D53)*(1+G53)*((8-1)/(MaxLevel-1))^(2^F53),0),D53+(E53-D53)*(1+G53)*((8-1)/(MaxLevel-1))^(2^F53))) | P53: =IF(OR(D53="",E53=""),"",IF(IFERROR(INDEX(Stats!$D:$D,MATCH($C53,Stats!$A:$A,0)),FALSE),ROUND(D53+(E53-D53)*(1+G53)*((9-1)/(MaxLevel-1))^(2^F53),0),D53+(E53-D53)*(1+G53)*((9-1)/(MaxLevel-1))^(2^F53))) | Q53: =IF(OR(D53="",E53=""),"",IF(IFERROR(INDEX(Stats!$D:$D,MATCH($C53,Stats!$A:$A,0)),FALSE),ROUND(D53+(E53-D53)*(1+G53)*((10-1)/(MaxLevel-1))^(2^F53),0),D53+(E53-D53)*(1+G53)*((10-1)/(MaxLevel-1))^(2^F53)))
A54: 01U | B54: T2F | C54: SkillTrain | H54: =IF(OR(D54="",E54=""),"",IF(IFERROR(INDEX(Stats!$D:$D,MATCH($C54,Stats!$A:$A,0)),FALSE),ROUND(D54+(E54-D54)*(1+G54)*((1-1)/(MaxLevel-1))^(2^F54),0),D54+(E54-D54)*(1+G54)*((1-1)/(MaxLevel-1))^(2^F54))) | I54: =IF(OR(D54="",E54=""),"",IF(IFERROR(INDEX(Stats!$D:$D,MATCH($C54,Stats!$A:$A,0)),FALSE),ROUND(D54+(E54-D54)*(1+G54)*((2-1)/(MaxLevel-1))^(2^F54),0),D54+(E54-D54)*(1+G54)*((2-1)/(MaxLevel-1))^(2^F54))) | J54: =IF(OR(D54="",E54=""),"",IF(IFERROR(INDEX(Stats!$D:$D,MATCH($C54,Stats!$A:$A,0)),FALSE),ROUND(D54+(E54-D54)*(1+G54)*((3-1)/(MaxLevel-1))^(2^F54),0),D54+(E54-D54)*(1+G54)*((3-1)/(MaxLevel-1))^(2^F54))) | K54: =IF(OR(D54="",E54=""),"",IF(IFERROR(INDEX(Stats!$D:$D,MATCH($C54,Stats!$A:$A,0)),FALSE),ROUND(D54+(E54-D54)*(1+G54)*((4-1)/(MaxLevel-1))^(2^F54),0),D54+(E54-D54)*(1+G54)*((4-1)/(MaxLevel-1))^(2^F54))) | L54: =IF(OR(D54="",E54=""),"",IF(IFERROR(INDEX(Stats!$D:$D,MATCH($C54,Stats!$A:$A,0)),FALSE),ROUND(D54+(E54-D54)*(1+G54)*((5-1)/(MaxLevel-1))^(2^F54),0),D54+(E54-D54)*(1+G54)*((5-1)/(MaxLevel-1))^(2^F54))) | M54: =IF(OR(D54="",E54=""),"",IF(IFERROR(INDEX(Stats!$D:$D,MATCH($C54,Stats!$A:$A,0)),FALSE),ROUND(D54+(E54-D54)*(1+G54)*((6-1)/(MaxLevel-1))^(2^F54),0),D54+(E54-D54)*(1+G54)*((6-1)/(MaxLevel-1))^(2^F54))) | N54: =IF(OR(D54="",E54=""),"",IF(IFERROR(INDEX(Stats!$D:$D,MATCH($C54,Stats!$A:$A,0)),FALSE),ROUND(D54+(E54-D54)*(1+G54)*((7-1)/(MaxLevel-1))^(2^F54),0),D54+(E54-D54)*(1+G54)*((7-1)/(MaxLevel-1))^(2^F54))) | O54: =IF(OR(D54="",E54=""),"",IF(IFERROR(INDEX(Stats!$D:$D,MATCH($C54,Stats!$A:$A,0)),FALSE),ROUND(D54+(E54-D54)*(1+G54)*((8-1)/(MaxLevel-1))^(2^F54),0),D54+(E54-D54)*(1+G54)*((8-1)/(MaxLevel-1))^(2^F54))) | P54: =IF(OR(D54="",E54=""),"",IF(IFERROR(INDEX(Stats!$D:$D,MATCH($C54,Stats!$A:$A,0)),FALSE),ROUND(D54+(E54-D54)*(1+G54)*((9-1)/(MaxLevel-1))^(2^F54),0),D54+(E54-D54)*(1+G54)*((9-1)/(MaxLevel-1))^(2^F54))) | Q54: =IF(OR(D54="",E54=""),"",IF(IFERROR(INDEX(Stats!$D:$D,MATCH($C54,Stats!$A:$A,0)),FALSE),ROUND(D54+(E54-D54)*(1+G54)*((10-1)/(MaxLevel-1))^(2^F54),0),D54+(E54-D54)*(1+G54)*((10-1)/(MaxLevel-1))^(2^F54)))
A55: 01U | B55: T2F | C55: SkillBuild | H55: =IF(OR(D55="",E55=""),"",IF(IFERROR(INDEX(Stats!$D:$D,MATCH($C55,Stats!$A:$A,0)),FALSE),ROUND(D55+(E55-D55)*(1+G55)*((1-1)/(MaxLevel-1))^(2^F55),0),D55+(E55-D55)*(1+G55)*((1-1)/(MaxLevel-1))^(2^F55))) | I55: =IF(OR(D55="",E55=""),"",IF(IFERROR(INDEX(Stats!$D:$D,MATCH($C55,Stats!$A:$A,0)),FALSE),ROUND(D55+(E55-D55)*(1+G55)*((2-1)/(MaxLevel-1))^(2^F55),0),D55+(E55-D55)*(1+G55)*((2-1)/(MaxLevel-1))^(2^F55))) | J55: =IF(OR(D55="",E55=""),"",IF(IFERROR(INDEX(Stats!$D:$D,MATCH($C55,Stats!$A:$A,0)),FALSE),ROUND(D55+(E55-D55)*(1+G55)*((3-1)/(MaxLevel-1))^(2^F55),0),D55+(E55-D55)*(1+G55)*((3-1)/(MaxLevel-1))^(2^F55))) | K55: =IF(OR(D55="",E55=""),"",IF(IFERROR(INDEX(Stats!$D:$D,MATCH($C55,Stats!$A:$A,0)),FALSE),ROUND(D55+(E55-D55)*(1+G55)*((4-1)/(MaxLevel-1))^(2^F55),0),D55+(E55-D55)*(1+G55)*((4-1)/(MaxLevel-1))^(2^F55))) | L55: =IF(OR(D55="",E55=""),"",IF(IFERROR(INDEX(Stats!$D:$D,MATCH($C55,Stats!$A:$A,0)),FALSE),ROUND(D55+(E55-D55)*(1+G55)*((5-1)/(MaxLevel-1))^(2^F55),0),D55+(E55-D55)*(1+G55)*((5-1)/(MaxLevel-1))^(2^F55))) | M55: =IF(OR(D55="",E55=""),"",IF(IFERROR(INDEX(Stats!$D:$D,MATCH($C55,Stats!$A:$A,0)),FALSE),ROUND(D55+(E55-D55)*(1+G55)*((6-1)/(MaxLevel-1))^(2^F55),0),D55+(E55-D55)*(1+G55)*((6-1)/(MaxLevel-1))^(2^F55))) | N55: =IF(OR(D55="",E55=""),"",IF(IFERROR(INDEX(Stats!$D:$D,MATCH($C55,Stats!$A:$A,0)),FALSE),ROUND(D55+(E55-D55)*(1+G55)*((7-1)/(MaxLevel-1))^(2^F55),0),D55+(E55-D55)*(1+G55)*((7-1)/(MaxLevel-1))^(2^F55))) | O55: =IF(OR(D55="",E55=""),"",IF(IFERROR(INDEX(Stats!$D:$D,MATCH($C55,Stats!$A:$A,0)),FALSE),ROUND(D55+(E55-D55)*(1+G55)*((8-1)/(MaxLevel-1))^(2^F55),0),D55+(E55-D55)*(1+G55)*((8-1)/(MaxLevel-1))^(2^F55))) | P55: =IF(OR(D55="",E55=""),"",IF(IFERROR(INDEX(Stats!$D:$D,MATCH($C55,Stats!$A:$A,0)),FALSE),ROUND(D55+(E55-D55)*(1+G55)*((9-1)/(MaxLevel-1))^(2^F55),0),D55+(E55-D55)*(1+G55)*((9-1)/(MaxLevel-1))^(2^F55))) | Q55: =IF(OR(D55="",E55=""),"",IF(IFERROR(INDEX(Stats!$D:$D,MATCH($C55,Stats!$A:$A,0)),FALSE),ROUND(D55+(E55-D55)*(1+G55)*((10-1)/(MaxLevel-1))^(2^F55),0),D55+(E55-D55)*(1+G55)*((10-1)/(MaxLevel-1))^(2^F55)))
A56: 01U | B56: T2F | C56: SkillPray | H56: =IF(OR(D56="",E56=""),"",IF(IFERROR(INDEX(Stats!$D:$D,MATCH($C56,Stats!$A:$A,0)),FALSE),ROUND(D56+(E56-D56)*(1+G56)*((1-1)/(MaxLevel-1))^(2^F56),0),D56+(E56-D56)*(1+G56)*((1-1)/(MaxLevel-1))^(2^F56))) | I56: =IF(OR(D56="",E56=""),"",IF(IFERROR(INDEX(Stats!$D:$D,MATCH($C56,Stats!$A:$A,0)),FALSE),ROUND(D56+(E56-D56)*(1+G56)*((2-1)/(MaxLevel-1))^(2^F56),0),D56+(E56-D56)*(1+G56)*((2-1)/(MaxLevel-1))^(2^F56))) | J56: =IF(OR(D56="",E56=""),"",IF(IFERROR(INDEX(Stats!$D:$D,MATCH($C56,Stats!$A:$A,0)),FALSE),ROUND(D56+(E56-D56)*(1+G56)*((3-1)/(MaxLevel-1))^(2^F56),0),D56+(E56-D56)*(1+G56)*((3-1)/(MaxLevel-1))^(2^F56))) | K56: =IF(OR(D56="",E56=""),"",IF(IFERROR(INDEX(Stats!$D:$D,MATCH($C56,Stats!$A:$A,0)),FALSE),ROUND(D56+(E56-D56)*(1+G56)*((4-1)/(MaxLevel-1))^(2^F56),0),D56+(E56-D56)*(1+G56)*((4-1)/(MaxLevel-1))^(2^F56))) | L56: =IF(OR(D56="",E56=""),"",IF(IFERROR(INDEX(Stats!$D:$D,MATCH($C56,Stats!$A:$A,0)),FALSE),ROUND(D56+(E56-D56)*(1+G56)*((5-1)/(MaxLevel-1))^(2^F56),0),D56+(E56-D56)*(1+G56)*((5-1)/(MaxLevel-1))^(2^F56))) | M56: =IF(OR(D56="",E56=""),"",IF(IFERROR(INDEX(Stats!$D:$D,MATCH($C56,Stats!$A:$A,0)),FALSE),ROUND(D56+(E56-D56)*(1+G56)*((6-1)/(MaxLevel-1))^(2^F56),0),D56+(E56-D56)*(1+G56)*((6-1)/(MaxLevel-1))^(2^F56))) | N56: =IF(OR(D56="",E56=""),"",IF(IFERROR(INDEX(Stats!$D:$D,MATCH($C56,Stats!$A:$A,0)),FALSE),ROUND(D56+(E56-D56)*(1+G56)*((7-1)/(MaxLevel-1))^(2^F56),0),D56+(E56-D56)*(1+G56)*((7-1)/(MaxLevel-1))^(2^F56))) | O56: =IF(OR(D56="",E56=""),"",IF(IFERROR(INDEX(Stats!$D:$D,MATCH($C56,Stats!$A:$A,0)),FALSE),ROUND(D56+(E56-D56)*(1+G56)*((8-1)/(MaxLevel-1))^(2^F56),0),D56+(E56-D56)*(1+G56)*((8-1)/(MaxLevel-1))^(2^F56))) | P56: =IF(OR(D56="",E56=""),"",IF(IFERROR(INDEX(Stats!$D:$D,MATCH($C56,Stats!$A:$A,0)),FALSE),ROUND(D56+(E56-D56)*(1+G56)*((9-1)/(MaxLevel-1))^(2^F56),0),D56+(E56-D56)*(1+G56)*((9-1)/(MaxLevel-1))^(2^F56))) | Q56: =IF(OR(D56="",E56=""),"",IF(IFERROR(INDEX(Stats!$D:$D,MATCH($C56,Stats!$A:$A,0)),FALSE),ROUND(D56+(E56-D56)*(1+G56)*((10-1)/(MaxLevel-1))^(2^F56),0),D56+(E56-D56)*(1+G56)*((10-1)/(MaxLevel-1))^(2^F56)))
A57: 01U | B57: T2F | C57: SkillTorture | H57: =IF(OR(D57="",E57=""),"",IF(IFERROR(INDEX(Stats!$D:$D,MATCH($C57,Stats!$A:$A,0)),FALSE),ROUND(D57+(E57-D57)*(1+G57)*((1-1)/(MaxLevel-1))^(2^F57),0),D57+(E57-D57)*(1+G57)*((1-1)/(MaxLevel-1))^(2^F57))) | I57: =IF(OR(D57="",E57=""),"",IF(IFERROR(INDEX(Stats!$D:$D,MATCH($C57,Stats!$A:$A,0)),FALSE),ROUND(D57+(E57-D57)*(1+G57)*((2-1)/(MaxLevel-1))^(2^F57),0),D57+(E57-D57)*(1+G57)*((2-1)/(MaxLevel-1))^(2^F57))) | J57: =IF(OR(D57="",E57=""),"",IF(IFERROR(INDEX(Stats!$D:$D,MATCH($C57,Stats!$A:$A,0)),FALSE),ROUND(D57+(E57-D57)*(1+G57)*((3-1)/(MaxLevel-1))^(2^F57),0),D57+(E57-D57)*(1+G57)*((3-1)/(MaxLevel-1))^(2^F57))) | K57: =IF(OR(D57="",E57=""),"",IF(IFERROR(INDEX(Stats!$D:$D,MATCH($C57,Stats!$A:$A,0)),FALSE),ROUND(D57+(E57-D57)*(1+G57)*((4-1)/(MaxLevel-1))^(2^F57),0),D57+(E57-D57)*(1+G57)*((4-1)/(MaxLevel-1))^(2^F57))) | L57: =IF(OR(D57="",E57=""),"",IF(IFERROR(INDEX(Stats!$D:$D,MATCH($C57,Stats!$A:$A,0)),FALSE),ROUND(D57+(E57-D57)*(1+G57)*((5-1)/(MaxLevel-1))^(2^F57),0),D57+(E57-D57)*(1+G57)*((5-1)/(MaxLevel-1))^(2^F57))) | M57: =IF(OR(D57="",E57=""),"",IF(IFERROR(INDEX(Stats!$D:$D,MATCH($C57,Stats!$A:$A,0)),FALSE),ROUND(D57+(E57-D57)*(1+G57)*((6-1)/(MaxLevel-1))^(2^F57),0),D57+(E57-D57)*(1+G57)*((6-1)/(MaxLevel-1))^(2^F57))) | N57: =IF(OR(D57="",E57=""),"",IF(IFERROR(INDEX(Stats!$D:$D,MATCH($C57,Stats!$A:$A,0)),FALSE),ROUND(D57+(E57-D57)*(1+G57)*((7-1)/(MaxLevel-1))^(2^F57),0),D57+(E57-D57)*(1+G57)*((7-1)/(MaxLevel-1))^(2^F57))) | O57: =IF(OR(D57="",E57=""),"",IF(IFERROR(INDEX(Stats!$D:$D,MATCH($C57,Stats!$A:$A,0)),FALSE),ROUND(D57+(E57-D57)*(1+G57)*((8-1)/(MaxLevel-1))^(2^F57),0),D57+(E57-D57)*(1+G57)*((8-1)/(MaxLevel-1))^(2^F57))) | P57: =IF(OR(D57="",E57=""),"",IF(IFERROR(INDEX(Stats!$D:$D,MATCH($C57,Stats!$A:$A,0)),FALSE),ROUND(D57+(E57-D57)*(1+G57)*((9-1)/(MaxLevel-1))^(2^F57),0),D57+(E57-D57)*(1+G57)*((9-1)/(MaxLevel-1))^(2^F57))) | Q57: =IF(OR(D57="",E57=""),"",IF(IFERROR(INDEX(Stats!$D:$D,MATCH($C57,Stats!$A:$A,0)),FALSE),ROUND(D57+(E57-D57)*(1+G57)*((10-1)/(MaxLevel-1))^(2^F57),0),D57+(E57-D57)*(1+G57)*((10-1)/(MaxLevel-1))^(2^F57)))
A58: 01U | B58: T2F | C58: Anger | H58: =IF(OR(D58="",E58=""),"",IF(IFERROR(INDEX(Stats!$D:$D,MATCH($C58,Stats!$A:$A,0)),FALSE),ROUND(D58+(E58-D58)*(1+G58)*((1-1)/(MaxLevel-1))^(2^F58),0),D58+(E58-D58)*(1+G58)*((1-1)/(MaxLevel-1))^(2^F58))) | I58: =IF(OR(D58="",E58=""),"",IF(IFERROR(INDEX(Stats!$D:$D,MATCH($C58,Stats!$A:$A,0)),FALSE),ROUND(D58+(E58-D58)*(1+G58)*((2-1)/(MaxLevel-1))^(2^F58),0),D58+(E58-D58)*(1+G58)*((2-1)/(MaxLevel-1))^(2^F58))) | J58: =IF(OR(D58="",E58=""),"",IF(IFERROR(INDEX(Stats!$D:$D,MATCH($C58,Stats!$A:$A,0)),FALSE),ROUND(D58+(E58-D58)*(1+G58)*((3-1)/(MaxLevel-1))^(2^F58),0),D58+(E58-D58)*(1+G58)*((3-1)/(MaxLevel-1))^(2^F58))) | K58: =IF(OR(D58="",E58=""),"",IF(IFERROR(INDEX(Stats!$D:$D,MATCH($C58,Stats!$A:$A,0)),FALSE),ROUND(D58+(E58-D58)*(1+G58)*((4-1)/(MaxLevel-1))^(2^F58),0),D58+(E58-D58)*(1+G58)*((4-1)/(MaxLevel-1))^(2^F58))) | L58: =IF(OR(D58="",E58=""),"",IF(IFERROR(INDEX(Stats!$D:$D,MATCH($C58,Stats!$A:$A,0)),FALSE),ROUND(D58+(E58-D58)*(1+G58)*((5-1)/(MaxLevel-1))^(2^F58),0),D58+(E58-D58)*(1+G58)*((5-1)/(MaxLevel-1))^(2^F58))) | M58: =IF(OR(D58="",E58=""),"",IF(IFERROR(INDEX(Stats!$D:$D,MATCH($C58,Stats!$A:$A,0)),FALSE),ROUND(D58+(E58-D58)*(1+G58)*((6-1)/(MaxLevel-1))^(2^F58),0),D58+(E58-D58)*(1+G58)*((6-1)/(MaxLevel-1))^(2^F58))) | N58: =IF(OR(D58="",E58=""),"",IF(IFERROR(INDEX(Stats!$D:$D,MATCH($C58,Stats!$A:$A,0)),FALSE),ROUND(D58+(E58-D58)*(1+G58)*((7-1)/(MaxLevel-1))^(2^F58),0),D58+(E58-D58)*(1+G58)*((7-1)/(MaxLevel-1))^(2^F58))) | O58: =IF(OR(D58="",E58=""),"",IF(IFERROR(INDEX(Stats!$D:$D,MATCH($C58,Stats!$A:$A,0)),FALSE),ROUND(D58+(E58-D58)*(1+G58)*((8-1)/(MaxLevel-1))^(2^F58),0),D58+(E58-D58)*(1+G58)*((8-1)/(MaxLevel-1))^(2^F58))) | P58: =IF(OR(D58="",E58=""),"",IF(IFERROR(INDEX(Stats!$D:$D,MATCH($C58,Stats!$A:$A,0)),FALSE),ROUND(D58+(E58-D58)*(1+G58)*((9-1)/(MaxLevel-1))^(2^F58),0),D58+(E58-D58)*(1+G58)*((9-1)/(MaxLevel-1))^(2^F58))) | Q58: =IF(OR(D58="",E58=""),"",IF(IFERROR(INDEX(Stats!$D:$D,MATCH($C58,Stats!$A:$A,0)),FALSE),ROUND(D58+(E58-D58)*(1+G58)*((10-1)/(MaxLevel-1))^(2^F58),0),D58+(E58-D58)*(1+G58)*((10-1)/(MaxLevel-1))^(2^F58)))
A59: 01U | B59: W | C59: Experience | H59: =IF(OR(D59="",E59=""),"",IF(IFERROR(INDEX(Stats!$D:$D,MATCH($C59,Stats!$A:$A,0)),FALSE),ROUND(D59+(E59-D59)*(1+G59)*((1-1)/(MaxLevel-1))^(2^F59),0),D59+(E59-D59)*(1+G59)*((1-1)/(MaxLevel-1))^(2^F59))) | I59: =IF(OR(D59="",E59=""),"",IF(IFERROR(INDEX(Stats!$D:$D,MATCH($C59,Stats!$A:$A,0)),FALSE),ROUND(D59+(E59-D59)*(1+G59)*((2-1)/(MaxLevel-1))^(2^F59),0),D59+(E59-D59)*(1+G59)*((2-1)/(MaxLevel-1))^(2^F59))) | J59: =IF(OR(D59="",E59=""),"",IF(IFERROR(INDEX(Stats!$D:$D,MATCH($C59,Stats!$A:$A,0)),FALSE),ROUND(D59+(E59-D59)*(1+G59)*((3-1)/(MaxLevel-1))^(2^F59),0),D59+(E59-D59)*(1+G59)*((3-1)/(MaxLevel-1))^(2^F59))) | K59: =IF(OR(D59="",E59=""),"",IF(IFERROR(INDEX(Stats!$D:$D,MATCH($C59,Stats!$A:$A,0)),FALSE),ROUND(D59+(E59-D59)*(1+G59)*((4-1)/(MaxLevel-1))^(2^F59),0),D59+(E59-D59)*(1+G59)*((4-1)/(MaxLevel-1))^(2^F59))) | L59: =IF(OR(D59="",E59=""),"",IF(IFERROR(INDEX(Stats!$D:$D,MATCH($C59,Stats!$A:$A,0)),FALSE),ROUND(D59+(E59-D59)*(1+G59)*((5-1)/(MaxLevel-1))^(2^F59),0),D59+(E59-D59)*(1+G59)*((5-1)/(MaxLevel-1))^(2^F59))) | M59: =IF(OR(D59="",E59=""),"",IF(IFERROR(INDEX(Stats!$D:$D,MATCH($C59,Stats!$A:$A,0)),FALSE),ROUND(D59+(E59-D59)*(1+G59)*((6-1)/(MaxLevel-1))^(2^F59),0),D59+(E59-D59)*(1+G59)*((6-1)/(MaxLevel-1))^(2^F59))) | N59: =IF(OR(D59="",E59=""),"",IF(IFERROR(INDEX(Stats!$D:$D,MATCH($C59,Stats!$A:$A,0)),FALSE),ROUND(D59+(E59-D59)*(1+G59)*((7-1)/(MaxLevel-1))^(2^F59),0),D59+(E59-D59)*(1+G59)*((7-1)/(MaxLevel-1))^(2^F59))) | O59: =IF(OR(D59="",E59=""),"",IF(IFERROR(INDEX(Stats!$D:$D,MATCH($C59,Stats!$A:$A,0)),FALSE),ROUND(D59+(E59-D59)*(1+G59)*((8-1)/(MaxLevel-1))^(2^F59),0),D59+(E59-D59)*(1+G59)*((8-1)/(MaxLevel-1))^(2^F59))) | P59: =IF(OR(D59="",E59=""),"",IF(IFERROR(INDEX(Stats!$D:$D,MATCH($C59,Stats!$A:$A,0)),FALSE),ROUND(D59+(E59-D59)*(1+G59)*((9-1)/(MaxLevel-1))^(2^F59),0),D59+(E59-D59)*(1+G59)*((9-1)/(MaxLevel-1))^(2^F59))) | Q59: =IF(OR(D59="",E59=""),"",IF(IFERROR(INDEX(Stats!$D:$D,MATCH($C59,Stats!$A:$A,0)),FALSE),ROUND(D59+(E59-D59)*(1+G59)*((10-1)/(MaxLevel-1))^(2^F59),0),D59+(E59-D59)*(1+G59)*((10-1)/(MaxLevel-1))^(2^F59)))
A60: 01U | B60: W | C60: Salary | H60: =IF(OR(D60="",E60=""),"",IF(IFERROR(INDEX(Stats!$D:$D,MATCH($C60,Stats!$A:$A,0)),FALSE),ROUND(D60+(E60-D60)*(1+G60)*((1-1)/(MaxLevel-1))^(2^F60),0),D60+(E60-D60)*(1+G60)*((1-1)/(MaxLevel-1))^(2^F60))) | I60: =IF(OR(D60="",E60=""),"",IF(IFERROR(INDEX(Stats!$D:$D,MATCH($C60,Stats!$A:$A,0)),FALSE),ROUND(D60+(E60-D60)*(1+G60)*((2-1)/(MaxLevel-1))^(2^F60),0),D60+(E60-D60)*(1+G60)*((2-1)/(MaxLevel-1))^(2^F60))) | J60: =IF(OR(D60="",E60=""),"",IF(IFERROR(INDEX(Stats!$D:$D,MATCH($C60,Stats!$A:$A,0)),FALSE),ROUND(D60+(E60-D60)*(1+G60)*((3-1)/(MaxLevel-1))^(2^F60),0),D60+(E60-D60)*(1+G60)*((3-1)/(MaxLevel-1))^(2^F60))) | K60: =IF(OR(D60="",E60=""),"",IF(IFERROR(INDEX(Stats!$D:$D,MATCH($C60,Stats!$A:$A,0)),FALSE),ROUND(D60+(E60-D60)*(1+G60)*((4-1)/(MaxLevel-1))^(2^F60),0),D60+(E60-D60)*(1+G60)*((4-1)/(MaxLevel-1))^(2^F60))) | L60: =IF(OR(D60="",E60=""),"",IF(IFERROR(INDEX(Stats!$D:$D,MATCH($C60,Stats!$A:$A,0)),FALSE),ROUND(D60+(E60-D60)*(1+G60)*((5-1)/(MaxLevel-1))^(2^F60),0),D60+(E60-D60)*(1+G60)*((5-1)/(MaxLevel-1))^(2^F60))) | M60: =IF(OR(D60="",E60=""),"",IF(IFERROR(INDEX(Stats!$D:$D,MATCH($C60,Stats!$A:$A,0)),FALSE),ROUND(D60+(E60-D60)*(1+G60)*((6-1)/(MaxLevel-1))^(2^F60),0),D60+(E60-D60)*(1+G60)*((6-1)/(MaxLevel-1))^(2^F60))) | N60: =IF(OR(D60="",E60=""),"",IF(IFERROR(INDEX(Stats!$D:$D,MATCH($C60,Stats!$A:$A,0)),FALSE),ROUND(D60+(E60-D60)*(1+G60)*((7-1)/(MaxLevel-1))^(2^F60),0),D60+(E60-D60)*(1+G60)*((7-1)/(MaxLevel-1))^(2^F60))) | O60: =IF(OR(D60="",E60=""),"",IF(IFERROR(INDEX(Stats!$D:$D,MATCH($C60,Stats!$A:$A,0)),FALSE),ROUND(D60+(E60-D60)*(1+G60)*((8-1)/(MaxLevel-1))^(2^F60),0),D60+(E60-D60)*(1+G60)*((8-1)/(MaxLevel-1))^(2^F60))) | P60: =IF(OR(D60="",E60=""),"",IF(IFERROR(INDEX(Stats!$D:$D,MATCH($C60,Stats!$A:$A,0)),FALSE),ROUND(D60+(E60-D60)*(1+G60)*((9-1)/(MaxLevel-1))^(2^F60),0),D60+(E60-D60)*(1+G60)*((9-1)/(MaxLevel-1))^(2^F60))) | Q60: =IF(OR(D60="",E60=""),"",IF(IFERROR(INDEX(Stats!$D:$D,MATCH($C60,Stats!$A:$A,0)),FALSE),ROUND(D60+(E60-D60)*(1+G60)*((10-1)/(MaxLevel-1))^(2^F60),0),D60+(E60-D60)*(1+G60)*((10-1)/(MaxLevel-1))^(2^F60)))
A61: 01U | B61: W | C61: Health | D61: 100 | E61: 250 | F61: 0 | G61: 0 | H61: =IF(OR(D61="",E61=""),"",IF(IFERROR(INDEX(Stats!$D:$D,MATCH($C61,Stats!$A:$A,0)),FALSE),ROUND(D61+(E61-D61)*(1+G61)*((1-1)/(MaxLevel-1))^(2^F61),0),D61+(E61-D61)*(1+G61)*((1-1)/(MaxLevel-1))^(2^F61))) | I61: =IF(OR(D61="",E61=""),"",IF(IFERROR(INDEX(Stats!$D:$D,MATCH($C61,Stats!$A:$A,0)),FALSE),ROUND(D61+(E61-D61)*(1+G61)*((2-1)/(MaxLevel-1))^(2^F61),0),D61+(E61-D61)*(1+G61)*((2-1)/(MaxLevel-1))^(2^F61))) | J61: =IF(OR(D61="",E61=""),"",IF(IFERROR(INDEX(Stats!$D:$D,MATCH($C61,Stats!$A:$A,0)),FALSE),ROUND(D61+(E61-D61)*(1+G61)*((3-1)/(MaxLevel-1))^(2^F61),0),D61+(E61-D61)*(1+G61)*((3-1)/(MaxLevel-1))^(2^F61))) | K61: =IF(OR(D61="",E61=""),"",IF(IFERROR(INDEX(Stats!$D:$D,MATCH($C61,Stats!$A:$A,0)),FALSE),ROUND(D61+(E61-D61)*(1+G61)*((4-1)/(MaxLevel-1))^(2^F61),0),D61+(E61-D61)*(1+G61)*((4-1)/(MaxLevel-1))^(2^F61))) | L61: =IF(OR(D61="",E61=""),"",IF(IFERROR(INDEX(Stats!$D:$D,MATCH($C61,Stats!$A:$A,0)),FALSE),ROUND(D61+(E61-D61)*(1+G61)*((5-1)/(MaxLevel-1))^(2^F61),0),D61+(E61-D61)*(1+G61)*((5-1)/(MaxLevel-1))^(2^F61))) | M61: =IF(OR(D61="",E61=""),"",IF(IFERROR(INDEX(Stats!$D:$D,MATCH($C61,Stats!$A:$A,0)),FALSE),ROUND(D61+(E61-D61)*(1+G61)*((6-1)/(MaxLevel-1))^(2^F61),0),D61+(E61-D61)*(1+G61)*((6-1)/(MaxLevel-1))^(2^F61))) | N61: =IF(OR(D61="",E61=""),"",IF(IFERROR(INDEX(Stats!$D:$D,MATCH($C61,Stats!$A:$A,0)),FALSE),ROUND(D61+(E61-D61)*(1+G61)*((7-1)/(MaxLevel-1))^(2^F61),0),D61+(E61-D61)*(1+G61)*((7-1)/(MaxLevel-1))^(2^F61))) | O61: =IF(OR(D61="",E61=""),"",IF(IFERROR(INDEX(Stats!$D:$D,MATCH($C61,Stats!$A:$A,0)),FALSE),ROUND(D61+(E61-D61)*(1+G61)*((8-1)/(MaxLevel-1))^(2^F61),0),D61+(E61-D61)*(1+G61)*((8-1)/(MaxLevel-1))^(2^F61))) | P61: =IF(OR(D61="",E61=""),"",IF(IFERROR(INDEX(Stats!$D:$D,MATCH($C61,Stats!$A:$A,0)),FALSE),ROUND(D61+(E61-D61)*(1+G61)*((9-1)/(MaxLevel-1))^(2^F61),0),D61+(E61-D61)*(1+G61)*((9-1)/(MaxLevel-1))^(2^F61))) | Q61: =IF(OR(D61="",E61=""),"",IF(IFERROR(INDEX(Stats!$D:$D,MATCH($C61,Stats!$A:$A,0)),FALSE),ROUND(D61+(E61-D61)*(1+G61)*((10-1)/(MaxLevel-1))^(2^F61),0),D61+(E61-D61)*(1+G61)*((10-1)/(MaxLevel-1))^(2^F61)))
A62: 01U | B62: W | C62: Strength | D62: 20 | E62: 40 | F62: 0 | G62: 0 | H62: =IF(OR(D62="",E62=""),"",IF(IFERROR(INDEX(Stats!$D:$D,MATCH($C62,Stats!$A:$A,0)),FALSE),ROUND(D62+(E62-D62)*(1+G62)*((1-1)/(MaxLevel-1))^(2^F62),0),D62+(E62-D62)*(1+G62)*((1-1)/(MaxLevel-1))^(2^F62))) | I62: =IF(OR(D62="",E62=""),"",IF(IFERROR(INDEX(Stats!$D:$D,MATCH($C62,Stats!$A:$A,0)),FALSE),ROUND(D62+(E62-D62)*(1+G62)*((2-1)/(MaxLevel-1))^(2^F62),0),D62+(E62-D62)*(1+G62)*((2-1)/(MaxLevel-1))^(2^F62))) | J62: =IF(OR(D62="",E62=""),"",IF(IFERROR(INDEX(Stats!$D:$D,MATCH($C62,Stats!$A:$A,0)),FALSE),ROUND(D62+(E62-D62)*(1+G62)*((3-1)/(MaxLevel-1))^(2^F62),0),D62+(E62-D62)*(1+G62)*((3-1)/(MaxLevel-1))^(2^F62))) | K62: =IF(OR(D62="",E62=""),"",IF(IFERROR(INDEX(Stats!$D:$D,MATCH($C62,Stats!$A:$A,0)),FALSE),ROUND(D62+(E62-D62)*(1+G62)*((4-1)/(MaxLevel-1))^(2^F62),0),D62+(E62-D62)*(1+G62)*((4-1)/(MaxLevel-1))^(2^F62))) | L62: =IF(OR(D62="",E62=""),"",IF(IFERROR(INDEX(Stats!$D:$D,MATCH($C62,Stats!$A:$A,0)),FALSE),ROUND(D62+(E62-D62)*(1+G62)*((5-1)/(MaxLevel-1))^(2^F62),0),D62+(E62-D62)*(1+G62)*((5-1)/(MaxLevel-1))^(2^F62))) | M62: =IF(OR(D62="",E62=""),"",IF(IFERROR(INDEX(Stats!$D:$D,MATCH($C62,Stats!$A:$A,0)),FALSE),ROUND(D62+(E62-D62)*(1+G62)*((6-1)/(MaxLevel-1))^(2^F62),0),D62+(E62-D62)*(1+G62)*((6-1)/(MaxLevel-1))^(2^F62))) | N62: =IF(OR(D62="",E62=""),"",IF(IFERROR(INDEX(Stats!$D:$D,MATCH($C62,Stats!$A:$A,0)),FALSE),ROUND(D62+(E62-D62)*(1+G62)*((7-1)/(MaxLevel-1))^(2^F62),0),D62+(E62-D62)*(1+G62)*((7-1)/(MaxLevel-1))^(2^F62))) | O62: =IF(OR(D62="",E62=""),"",IF(IFERROR(INDEX(Stats!$D:$D,MATCH($C62,Stats!$A:$A,0)),FALSE),ROUND(D62+(E62-D62)*(1+G62)*((8-1)/(MaxLevel-1))^(2^F62),0),D62+(E62-D62)*(1+G62)*((8-1)/(MaxLevel-1))^(2^F62))) | P62: =IF(OR(D62="",E62=""),"",IF(IFERROR(INDEX(Stats!$D:$D,MATCH($C62,Stats!$A:$A,0)),FALSE),ROUND(D62+(E62-D62)*(1+G62)*((9-1)/(MaxLevel-1))^(2^F62),0),D62+(E62-D62)*(1+G62)*((9-1)/(MaxLevel-1))^(2^F62))) | Q62: =IF(OR(D62="",E62=""),"",IF(IFERROR(INDEX(Stats!$D:$D,MATCH($C62,Stats!$A:$A,0)),FALSE),ROUND(D62+(E62-D62)*(1+G62)*((10-1)/(MaxLevel-1))^(2^F62),0),D62+(E62-D62)*(1+G62)*((10-1)/(MaxLevel-1))^(2^F62)))
A63: 01U | B63: W | C63: Accuracy | H63: =IF(OR(D63="",E63=""),"",IF(IFERROR(INDEX(Stats!$D:$D,MATCH($C63,Stats!$A:$A,0)),FALSE),ROUND(D63+(E63-D63)*(1+G63)*((1-1)/(MaxLevel-1))^(2^F63),0),D63+(E63-D63)*(1+G63)*((1-1)/(MaxLevel-1))^(2^F63))) | I63: =IF(OR(D63="",E63=""),"",IF(IFERROR(INDEX(Stats!$D:$D,MATCH($C63,Stats!$A:$A,0)),FALSE),ROUND(D63+(E63-D63)*(1+G63)*((2-1)/(MaxLevel-1))^(2^F63),0),D63+(E63-D63)*(1+G63)*((2-1)/(MaxLevel-1))^(2^F63))) | J63: =IF(OR(D63="",E63=""),"",IF(IFERROR(INDEX(Stats!$D:$D,MATCH($C63,Stats!$A:$A,0)),FALSE),ROUND(D63+(E63-D63)*(1+G63)*((3-1)/(MaxLevel-1))^(2^F63),0),D63+(E63-D63)*(1+G63)*((3-1)/(MaxLevel-1))^(2^F63))) | K63: =IF(OR(D63="",E63=""),"",IF(IFERROR(INDEX(Stats!$D:$D,MATCH($C63,Stats!$A:$A,0)),FALSE),ROUND(D63+(E63-D63)*(1+G63)*((4-1)/(MaxLevel-1))^(2^F63),0),D63+(E63-D63)*(1+G63)*((4-1)/(MaxLevel-1))^(2^F63))) | L63: =IF(OR(D63="",E63=""),"",IF(IFERROR(INDEX(Stats!$D:$D,MATCH($C63,Stats!$A:$A,0)),FALSE),ROUND(D63+(E63-D63)*(1+G63)*((5-1)/(MaxLevel-1))^(2^F63),0),D63+(E63-D63)*(1+G63)*((5-1)/(MaxLevel-1))^(2^F63))) | M63: =IF(OR(D63="",E63=""),"",IF(IFERROR(INDEX(Stats!$D:$D,MATCH($C63,Stats!$A:$A,0)),FALSE),ROUND(D63+(E63-D63)*(1+G63)*((6-1)/(MaxLevel-1))^(2^F63),0),D63+(E63-D63)*(1+G63)*((6-1)/(MaxLevel-1))^(2^F63))) | N63: =IF(OR(D63="",E63=""),"",IF(IFERROR(INDEX(Stats!$D:$D,MATCH($C63,Stats!$A:$A,0)),FALSE),ROUND(D63+(E63-D63)*(1+G63)*((7-1)/(MaxLevel-1))^(2^F63),0),D63+(E63-D63)*(1+G63)*((7-1)/(MaxLevel-1))^(2^F63))) | O63: =IF(OR(D63="",E63=""),"",IF(IFERROR(INDEX(Stats!$D:$D,MATCH($C63,Stats!$A:$A,0)),FALSE),ROUND(D63+(E63-D63)*(1+G63)*((8-1)/(MaxLevel-1))^(2^F63),0),D63+(E63-D63)*(1+G63)*((8-1)/(MaxLevel-1))^(2^F63))) | P63: =IF(OR(D63="",E63=""),"",IF(IFERROR(INDEX(Stats!$D:$D,MATCH($C63,Stats!$A:$A,0)),FALSE),ROUND(D63+(E63-D63)*(1+G63)*((9-1)/(MaxLevel-1))^(2^F63),0),D63+(E63-D63)*(1+G63)*((9-1)/(MaxLevel-1))^(2^F63))) | Q63: =IF(OR(D63="",E63=""),"",IF(IFERROR(INDEX(Stats!$D:$D,MATCH($C63,Stats!$A:$A,0)),FALSE),ROUND(D63+(E63-D63)*(1+G63)*((10-1)/(MaxLevel-1))^(2^F63),0),D63+(E63-D63)*(1+G63)*((10-1)/(MaxLevel-1))^(2^F63)))
A64: 01U | B64: W | C64: Dexterity | H64: =IF(OR(D64="",E64=""),"",IF(IFERROR(INDEX(Stats!$D:$D,MATCH($C64,Stats!$A:$A,0)),FALSE),ROUND(D64+(E64-D64)*(1+G64)*((1-1)/(MaxLevel-1))^(2^F64),0),D64+(E64-D64)*(1+G64)*((1-1)/(MaxLevel-1))^(2^F64))) | I64: =IF(OR(D64="",E64=""),"",IF(IFERROR(INDEX(Stats!$D:$D,MATCH($C64,Stats!$A:$A,0)),FALSE),ROUND(D64+(E64-D64)*(1+G64)*((2-1)/(MaxLevel-1))^(2^F64),0),D64+(E64-D64)*(1+G64)*((2-1)/(MaxLevel-1))^(2^F64))) | J64: =IF(OR(D64="",E64=""),"",IF(IFERROR(INDEX(Stats!$D:$D,MATCH($C64,Stats!$A:$A,0)),FALSE),ROUND(D64+(E64-D64)*(1+G64)*((3-1)/(MaxLevel-1))^(2^F64),0),D64+(E64-D64)*(1+G64)*((3-1)/(MaxLevel-1))^(2^F64))) | K64: =IF(OR(D64="",E64=""),"",IF(IFERROR(INDEX(Stats!$D:$D,MATCH($C64,Stats!$A:$A,0)),FALSE),ROUND(D64+(E64-D64)*(1+G64)*((4-1)/(MaxLevel-1))^(2^F64),0),D64+(E64-D64)*(1+G64)*((4-1)/(MaxLevel-1))^(2^F64))) | L64: =IF(OR(D64="",E64=""),"",IF(IFERROR(INDEX(Stats!$D:$D,MATCH($C64,Stats!$A:$A,0)),FALSE),ROUND(D64+(E64-D64)*(1+G64)*((5-1)/(MaxLevel-1))^(2^F64),0),D64+(E64-D64)*(1+G64)*((5-1)/(MaxLevel-1))^(2^F64))) | M64: =IF(OR(D64="",E64=""),"",IF(IFERROR(INDEX(Stats!$D:$D,MATCH($C64,Stats!$A:$A,0)),FALSE),ROUND(D64+(E64-D64)*(1+G64)*((6-1)/(MaxLevel-1))^(2^F64),0),D64+(E64-D64)*(1+G64)*((6-1)/(MaxLevel-1))^(2^F64))) | N64: =IF(OR(D64="",E64=""),"",IF(IFERROR(INDEX(Stats!$D:$D,MATCH($C64,Stats!$A:$A,0)),FALSE),ROUND(D64+(E64-D64)*(1+G64)*((7-1)/(MaxLevel-1))^(2^F64),0),D64+(E64-D64)*(1+G64)*((7-1)/(MaxLevel-1))^(2^F64))) | O64: =IF(OR(D64="",E64=""),"",IF(IFERROR(INDEX(Stats!$D:$D,MATCH($C64,Stats!$A:$A,0)),FALSE),ROUND(D64+(E64-D64)*(1+G64)*((8-1)/(MaxLevel-1))^(2^F64),0),D64+(E64-D64)*(1+G64)*((8-1)/(MaxLevel-1))^(2^F64))) | P64: =IF(OR(D64="",E64=""),"",IF(IFERROR(INDEX(Stats!$D:$D,MATCH($C64,Stats!$A:$A,0)),FALSE),ROUND(D64+(E64-D64)*(1+G64)*((9-1)/(MaxLevel-1))^(2^F64),0),D64+(E64-D64)*(1+G64)*((9-1)/(MaxLevel-1))^(2^F64))) | Q64: =IF(OR(D64="",E64=""),"",IF(IFERROR(INDEX(Stats!$D:$D,MATCH($C64,Stats!$A:$A,0)),FALSE),ROUND(D64+(E64-D64)*(1+G64)*((10-1)/(MaxLevel-1))^(2^F64),0),D64+(E64-D64)*(1+G64)*((10-1)/(MaxLevel-1))^(2^F64)))
A65: 01U | B65: W | C65: Fortitude | H65: =IF(OR(D65="",E65=""),"",IF(IFERROR(INDEX(Stats!$D:$D,MATCH($C65,Stats!$A:$A,0)),FALSE),ROUND(D65+(E65-D65)*(1+G65)*((1-1)/(MaxLevel-1))^(2^F65),0),D65+(E65-D65)*(1+G65)*((1-1)/(MaxLevel-1))^(2^F65))) | I65: =IF(OR(D65="",E65=""),"",IF(IFERROR(INDEX(Stats!$D:$D,MATCH($C65,Stats!$A:$A,0)),FALSE),ROUND(D65+(E65-D65)*(1+G65)*((2-1)/(MaxLevel-1))^(2^F65),0),D65+(E65-D65)*(1+G65)*((2-1)/(MaxLevel-1))^(2^F65))) | J65: =IF(OR(D65="",E65=""),"",IF(IFERROR(INDEX(Stats!$D:$D,MATCH($C65,Stats!$A:$A,0)),FALSE),ROUND(D65+(E65-D65)*(1+G65)*((3-1)/(MaxLevel-1))^(2^F65),0),D65+(E65-D65)*(1+G65)*((3-1)/(MaxLevel-1))^(2^F65))) | K65: =IF(OR(D65="",E65=""),"",IF(IFERROR(INDEX(Stats!$D:$D,MATCH($C65,Stats!$A:$A,0)),FALSE),ROUND(D65+(E65-D65)*(1+G65)*((4-1)/(MaxLevel-1))^(2^F65),0),D65+(E65-D65)*(1+G65)*((4-1)/(MaxLevel-1))^(2^F65))) | L65: =IF(OR(D65="",E65=""),"",IF(IFERROR(INDEX(Stats!$D:$D,MATCH($C65,Stats!$A:$A,0)),FALSE),ROUND(D65+(E65-D65)*(1+G65)*((5-1)/(MaxLevel-1))^(2^F65),0),D65+(E65-D65)*(1+G65)*((5-1)/(MaxLevel-1))^(2^F65))) | M65: =IF(OR(D65="",E65=""),"",IF(IFERROR(INDEX(Stats!$D:$D,MATCH($C65,Stats!$A:$A,0)),FALSE),ROUND(D65+(E65-D65)*(1+G65)*((6-1)/(MaxLevel-1))^(2^F65),0),D65+(E65-D65)*(1+G65)*((6-1)/(MaxLevel-1))^(2^F65))) | N65: =IF(OR(D65="",E65=""),"",IF(IFERROR(INDEX(Stats!$D:$D,MATCH($C65,Stats!$A:$A,0)),FALSE),ROUND(D65+(E65-D65)*(1+G65)*((7-1)/(MaxLevel-1))^(2^F65),0),D65+(E65-D65)*(1+G65)*((7-1)/(MaxLevel-1))^(2^F65))) | O65: =IF(OR(D65="",E65=""),"",IF(IFERROR(INDEX(Stats!$D:$D,MATCH($C65,Stats!$A:$A,0)),FALSE),ROUND(D65+(E65-D65)*(1+G65)*((8-1)/(MaxLevel-1))^(2^F65),0),D65+(E65-D65)*(1+G65)*((8-1)/(MaxLevel-1))^(2^F65))) | P65: =IF(OR(D65="",E65=""),"",IF(IFERROR(INDEX(Stats!$D:$D,MATCH($C65,Stats!$A:$A,0)),FALSE),ROUND(D65+(E65-D65)*(1+G65)*((9-1)/(MaxLevel-1))^(2^F65),0),D65+(E65-D65)*(1+G65)*((9-1)/(MaxLevel-1))^(2^F65))) | Q65: =IF(OR(D65="",E65=""),"",IF(IFERROR(INDEX(Stats!$D:$D,MATCH($C65,Stats!$A:$A,0)),FALSE),ROUND(D65+(E65-D65)*(1+G65)*((10-1)/(MaxLevel-1))^(2^F65),0),D65+(E65-D65)*(1+G65)*((10-1)/(MaxLevel-1))^(2^F65)))
A66: 01U | B66: W | C66: Speed | H66: =IF(OR(D66="",E66=""),"",IF(IFERROR(INDEX(Stats!$D:$D,MATCH($C66,Stats!$A:$A,0)),FALSE),ROUND(D66+(E66-D66)*(1+G66)*((1-1)/(MaxLevel-1))^(2^F66),0),D66+(E66-D66)*(1+G66)*((1-1)/(MaxLevel-1))^(2^F66))) | I66: =IF(OR(D66="",E66=""),"",IF(IFERROR(INDEX(Stats!$D:$D,MATCH($C66,Stats!$A:$A,0)),FALSE),ROUND(D66+(E66-D66)*(1+G66)*((2-1)/(MaxLevel-1))^(2^F66),0),D66+(E66-D66)*(1+G66)*((2-1)/(MaxLevel-1))^(2^F66))) | J66: =IF(OR(D66="",E66=""),"",IF(IFERROR(INDEX(Stats!$D:$D,MATCH($C66,Stats!$A:$A,0)),FALSE),ROUND(D66+(E66-D66)*(1+G66)*((3-1)/(MaxLevel-1))^(2^F66),0),D66+(E66-D66)*(1+G66)*((3-1)/(MaxLevel-1))^(2^F66))) | K66: =IF(OR(D66="",E66=""),"",IF(IFERROR(INDEX(Stats!$D:$D,MATCH($C66,Stats!$A:$A,0)),FALSE),ROUND(D66+(E66-D66)*(1+G66)*((4-1)/(MaxLevel-1))^(2^F66),0),D66+(E66-D66)*(1+G66)*((4-1)/(MaxLevel-1))^(2^F66))) | L66: =IF(OR(D66="",E66=""),"",IF(IFERROR(INDEX(Stats!$D:$D,MATCH($C66,Stats!$A:$A,0)),FALSE),ROUND(D66+(E66-D66)*(1+G66)*((5-1)/(MaxLevel-1))^(2^F66),0),D66+(E66-D66)*(1+G66)*((5-1)/(MaxLevel-1))^(2^F66))) | M66: =IF(OR(D66="",E66=""),"",IF(IFERROR(INDEX(Stats!$D:$D,MATCH($C66,Stats!$A:$A,0)),FALSE),ROUND(D66+(E66-D66)*(1+G66)*((6-1)/(MaxLevel-1))^(2^F66),0),D66+(E66-D66)*(1+G66)*((6-1)/(MaxLevel-1))^(2^F66))) | N66: =IF(OR(D66="",E66=""),"",IF(IFERROR(INDEX(Stats!$D:$D,MATCH($C66,Stats!$A:$A,0)),FALSE),ROUND(D66+(E66-D66)*(1+G66)*((7-1)/(MaxLevel-1))^(2^F66),0),D66+(E66-D66)*(1+G66)*((7-1)/(MaxLevel-1))^(2^F66))) | O66: =IF(OR(D66="",E66=""),"",IF(IFERROR(INDEX(Stats!$D:$D,MATCH($C66,Stats!$A:$A,0)),FALSE),ROUND(D66+(E66-D66)*(1+G66)*((8-1)/(MaxLevel-1))^(2^F66),0),D66+(E66-D66)*(1+G66)*((8-1)/(MaxLevel-1))^(2^F66))) | P66: =IF(OR(D66="",E66=""),"",IF(IFERROR(INDEX(Stats!$D:$D,MATCH($C66,Stats!$A:$A,0)),FALSE),ROUND(D66+(E66-D66)*(1+G66)*((9-1)/(MaxLevel-1))^(2^F66),0),D66+(E66-D66)*(1+G66)*((9-1)/(MaxLevel-1))^(2^F66))) | Q66: =IF(OR(D66="",E66=""),"",IF(IFERROR(INDEX(Stats!$D:$D,MATCH($C66,Stats!$A:$A,0)),FALSE),ROUND(D66+(E66-D66)*(1+G66)*((10-1)/(MaxLevel-1))^(2^F66),0),D66+(E66-D66)*(1+G66)*((10-1)/(MaxLevel-1))^(2^F66)))
A67: 01U | B67: W | C67: Magic | H67: =IF(OR(D67="",E67=""),"",IF(IFERROR(INDEX(Stats!$D:$D,MATCH($C67,Stats!$A:$A,0)),FALSE),ROUND(D67+(E67-D67)*(1+G67)*((1-1)/(MaxLevel-1))^(2^F67),0),D67+(E67-D67)*(1+G67)*((1-1)/(MaxLevel-1))^(2^F67))) | I67: =IF(OR(D67="",E67=""),"",IF(IFERROR(INDEX(Stats!$D:$D,MATCH($C67,Stats!$A:$A,0)),FALSE),ROUND(D67+(E67-D67)*(1+G67)*((2-1)/(MaxLevel-1))^(2^F67),0),D67+(E67-D67)*(1+G67)*((2-1)/(MaxLevel-1))^(2^F67))) | J67: =IF(OR(D67="",E67=""),"",IF(IFERROR(INDEX(Stats!$D:$D,MATCH($C67,Stats!$A:$A,0)),FALSE),ROUND(D67+(E67-D67)*(1+G67)*((3-1)/(MaxLevel-1))^(2^F67),0),D67+(E67-D67)*(1+G67)*((3-1)/(MaxLevel-1))^(2^F67))) | K67: =IF(OR(D67="",E67=""),"",IF(IFERROR(INDEX(Stats!$D:$D,MATCH($C67,Stats!$A:$A,0)),FALSE),ROUND(D67+(E67-D67)*(1+G67)*((4-1)/(MaxLevel-1))^(2^F67),0),D67+(E67-D67)*(1+G67)*((4-1)/(MaxLevel-1))^(2^F67))) | L67: =IF(OR(D67="",E67=""),"",IF(IFERROR(INDEX(Stats!$D:$D,MATCH($C67,Stats!$A:$A,0)),FALSE),ROUND(D67+(E67-D67)*(1+G67)*((5-1)/(MaxLevel-1))^(2^F67),0),D67+(E67-D67)*(1+G67)*((5-1)/(MaxLevel-1))^(2^F67))) | M67: =IF(OR(D67="",E67=""),"",IF(IFERROR(INDEX(Stats!$D:$D,MATCH($C67,Stats!$A:$A,0)),FALSE),ROUND(D67+(E67-D67)*(1+G67)*((6-1)/(MaxLevel-1))^(2^F67),0),D67+(E67-D67)*(1+G67)*((6-1)/(MaxLevel-1))^(2^F67))) | N67: =IF(OR(D67="",E67=""),"",IF(IFERROR(INDEX(Stats!$D:$D,MATCH($C67,Stats!$A:$A,0)),FALSE),ROUND(D67+(E67-D67)*(1+G67)*((7-1)/(MaxLevel-1))^(2^F67),0),D67+(E67-D67)*(1+G67)*((7-1)/(MaxLevel-1))^(2^F67))) | O67: =IF(OR(D67="",E67=""),"",IF(IFERROR(INDEX(Stats!$D:$D,MATCH($C67,Stats!$A:$A,0)),FALSE),ROUND(D67+(E67-D67)*(1+G67)*((8-1)/(MaxLevel-1))^(2^F67),0),D67+(E67-D67)*(1+G67)*((8-1)/(MaxLevel-1))^(2^F67))) | P67: =IF(OR(D67="",E67=""),"",IF(IFERROR(INDEX(Stats!$D:$D,MATCH($C67,Stats!$A:$A,0)),FALSE),ROUND(D67+(E67-D67)*(1+G67)*((9-1)/(MaxLevel-1))^(2^F67),0),D67+(E67-D67)*(1+G67)*((9-1)/(MaxLevel-1))^(2^F67))) | Q67: =IF(OR(D67="",E67=""),"",IF(IFERROR(INDEX(Stats!$D:$D,MATCH($C67,Stats!$A:$A,0)),FALSE),ROUND(D67+(E67-D67)*(1+G67)*((10-1)/(MaxLevel-1))^(2^F67),0),D67+(E67-D67)*(1+G67)*((10-1)/(MaxLevel-1))^(2^F67)))
A68: 01U | B68: W | C68: Resistance | H68: =IF(OR(D68="",E68=""),"",IF(IFERROR(INDEX(Stats!$D:$D,MATCH($C68,Stats!$A:$A,0)),FALSE),ROUND(D68+(E68-D68)*(1+G68)*((1-1)/(MaxLevel-1))^(2^F68),0),D68+(E68-D68)*(1+G68)*((1-1)/(MaxLevel-1))^(2^F68))) | I68: =IF(OR(D68="",E68=""),"",IF(IFERROR(INDEX(Stats!$D:$D,MATCH($C68,Stats!$A:$A,0)),FALSE),ROUND(D68+(E68-D68)*(1+G68)*((2-1)/(MaxLevel-1))^(2^F68),0),D68+(E68-D68)*(1+G68)*((2-1)/(MaxLevel-1))^(2^F68))) | J68: =IF(OR(D68="",E68=""),"",IF(IFERROR(INDEX(Stats!$D:$D,MATCH($C68,Stats!$A:$A,0)),FALSE),ROUND(D68+(E68-D68)*(1+G68)*((3-1)/(MaxLevel-1))^(2^F68),0),D68+(E68-D68)*(1+G68)*((3-1)/(MaxLevel-1))^(2^F68))) | K68: =IF(OR(D68="",E68=""),"",IF(IFERROR(INDEX(Stats!$D:$D,MATCH($C68,Stats!$A:$A,0)),FALSE),ROUND(D68+(E68-D68)*(1+G68)*((4-1)/(MaxLevel-1))^(2^F68),0),D68+(E68-D68)*(1+G68)*((4-1)/(MaxLevel-1))^(2^F68))) | L68: =IF(OR(D68="",E68=""),"",IF(IFERROR(INDEX(Stats!$D:$D,MATCH($C68,Stats!$A:$A,0)),FALSE),ROUND(D68+(E68-D68)*(1+G68)*((5-1)/(MaxLevel-1))^(2^F68),0),D68+(E68-D68)*(1+G68)*((5-1)/(MaxLevel-1))^(2^F68))) | M68: =IF(OR(D68="",E68=""),"",IF(IFERROR(INDEX(Stats!$D:$D,MATCH($C68,Stats!$A:$A,0)),FALSE),ROUND(D68+(E68-D68)*(1+G68)*((6-1)/(MaxLevel-1))^(2^F68),0),D68+(E68-D68)*(1+G68)*((6-1)/(MaxLevel-1))^(2^F68))) | N68: =IF(OR(D68="",E68=""),"",IF(IFERROR(INDEX(Stats!$D:$D,MATCH($C68,Stats!$A:$A,0)),FALSE),ROUND(D68+(E68-D68)*(1+G68)*((7-1)/(MaxLevel-1))^(2^F68),0),D68+(E68-D68)*(1+G68)*((7-1)/(MaxLevel-1))^(2^F68))) | O68: =IF(OR(D68="",E68=""),"",IF(IFERROR(INDEX(Stats!$D:$D,MATCH($C68,Stats!$A:$A,0)),FALSE),ROUND(D68+(E68-D68)*(1+G68)*((8-1)/(MaxLevel-1))^(2^F68),0),D68+(E68-D68)*(1+G68)*((8-1)/(MaxLevel-1))^(2^F68))) | P68: =IF(OR(D68="",E68=""),"",IF(IFERROR(INDEX(Stats!$D:$D,MATCH($C68,Stats!$A:$A,0)),FALSE),ROUND(D68+(E68-D68)*(1+G68)*((9-1)/(MaxLevel-1))^(2^F68),0),D68+(E68-D68)*(1+G68)*((9-1)/(MaxLevel-1))^(2^F68))) | Q68: =IF(OR(D68="",E68=""),"",IF(IFERROR(INDEX(Stats!$D:$D,MATCH($C68,Stats!$A:$A,0)),FALSE),ROUND(D68+(E68-D68)*(1+G68)*((10-1)/(MaxLevel-1))^(2^F68),0),D68+(E68-D68)*(1+G68)*((10-1)/(MaxLevel-1))^(2^F68)))
A69: 01U | B69: W | C69: Luck | H69: =IF(OR(D69="",E69=""),"",IF(IFERROR(INDEX(Stats!$D:$D,MATCH($C69,Stats!$A:$A,0)),FALSE),ROUND(D69+(E69-D69)*(1+G69)*((1-1)/(MaxLevel-1))^(2^F69),0),D69+(E69-D69)*(1+G69)*((1-1)/(MaxLevel-1))^(2^F69))) | I69: =IF(OR(D69="",E69=""),"",IF(IFERROR(INDEX(Stats!$D:$D,MATCH($C69,Stats!$A:$A,0)),FALSE),ROUND(D69+(E69-D69)*(1+G69)*((2-1)/(MaxLevel-1))^(2^F69),0),D69+(E69-D69)*(1+G69)*((2-1)/(MaxLevel-1))^(2^F69))) | J69: =IF(OR(D69="",E69=""),"",IF(IFERROR(INDEX(Stats!$D:$D,MATCH($C69,Stats!$A:$A,0)),FALSE),ROUND(D69+(E69-D69)*(1+G69)*((3-1)/(MaxLevel-1))^(2^F69),0),D69+(E69-D69)*(1+G69)*((3-1)/(MaxLevel-1))^(2^F69))) | K69: =IF(OR(D69="",E69=""),"",IF(IFERROR(INDEX(Stats!$D:$D,MATCH($C69,Stats!$A:$A,0)),FALSE),ROUND(D69+(E69-D69)*(1+G69)*((4-1)/(MaxLevel-1))^(2^F69),0),D69+(E69-D69)*(1+G69)*((4-1)/(MaxLevel-1))^(2^F69))) | L69: =IF(OR(D69="",E69=""),"",IF(IFERROR(INDEX(Stats!$D:$D,MATCH($C69,Stats!$A:$A,0)),FALSE),ROUND(D69+(E69-D69)*(1+G69)*((5-1)/(MaxLevel-1))^(2^F69),0),D69+(E69-D69)*(1+G69)*((5-1)/(MaxLevel-1))^(2^F69))) | M69: =IF(OR(D69="",E69=""),"",IF(IFERROR(INDEX(Stats!$D:$D,MATCH($C69,Stats!$A:$A,0)),FALSE),ROUND(D69+(E69-D69)*(1+G69)*((6-1)/(MaxLevel-1))^(2^F69),0),D69+(E69-D69)*(1+G69)*((6-1)/(MaxLevel-1))^(2^F69))) | N69: =IF(OR(D69="",E69=""),"",IF(IFERROR(INDEX(Stats!$D:$D,MATCH($C69,Stats!$A:$A,0)),FALSE),ROUND(D69+(E69-D69)*(1+G69)*((7-1)/(MaxLevel-1))^(2^F69),0),D69+(E69-D69)*(1+G69)*((7-1)/(MaxLevel-1))^(2^F69))) | O69: =IF(OR(D69="",E69=""),"",IF(IFERROR(INDEX(Stats!$D:$D,MATCH($C69,Stats!$A:$A,0)),FALSE),ROUND(D69+(E69-D69)*(1+G69)*((8-1)/(MaxLevel-1))^(2^F69),0),D69+(E69-D69)*(1+G69)*((8-1)/(MaxLevel-1))^(2^F69))) | P69: =IF(OR(D69="",E69=""),"",IF(IFERROR(INDEX(Stats!$D:$D,MATCH($C69,Stats!$A:$A,0)),FALSE),ROUND(D69+(E69-D69)*(1+G69)*((9-1)/(MaxLevel-1))^(2^F69),0),D69+(E69-D69)*(1+G69)*((9-1)/(MaxLevel-1))^(2^F69))) | Q69: =IF(OR(D69="",E69=""),"",IF(IFERROR(INDEX(Stats!$D:$D,MATCH($C69,Stats!$A:$A,0)),FALSE),ROUND(D69+(E69-D69)*(1+G69)*((10-1)/(MaxLevel-1))^(2^F69),0),D69+(E69-D69)*(1+G69)*((10-1)/(MaxLevel-1))^(2^F69)))
A70: 01U | B70: W | C70: Weight | H70: =IF(OR(D70="",E70=""),"",IF(IFERROR(INDEX(Stats!$D:$D,MATCH($C70,Stats!$A:$A,0)),FALSE),ROUND(D70+(E70-D70)*(1+G70)*((1-1)/(MaxLevel-1))^(2^F70),0),D70+(E70-D70)*(1+G70)*((1-1)/(MaxLevel-1))^(2^F70))) | I70: =IF(OR(D70="",E70=""),"",IF(IFERROR(INDEX(Stats!$D:$D,MATCH($C70,Stats!$A:$A,0)),FALSE),ROUND(D70+(E70-D70)*(1+G70)*((2-1)/(MaxLevel-1))^(2^F70),0),D70+(E70-D70)*(1+G70)*((2-1)/(MaxLevel-1))^(2^F70))) | J70: =IF(OR(D70="",E70=""),"",IF(IFERROR(INDEX(Stats!$D:$D,MATCH($C70,Stats!$A:$A,0)),FALSE),ROUND(D70+(E70-D70)*(1+G70)*((3-1)/(MaxLevel-1))^(2^F70),0),D70+(E70-D70)*(1+G70)*((3-1)/(MaxLevel-1))^(2^F70))) | K70: =IF(OR(D70="",E70=""),"",IF(IFERROR(INDEX(Stats!$D:$D,MATCH($C70,Stats!$A:$A,0)),FALSE),ROUND(D70+(E70-D70)*(1+G70)*((4-1)/(MaxLevel-1))^(2^F70),0),D70+(E70-D70)*(1+G70)*((4-1)/(MaxLevel-1))^(2^F70))) | L70: =IF(OR(D70="",E70=""),"",IF(IFERROR(INDEX(Stats!$D:$D,MATCH($C70,Stats!$A:$A,0)),FALSE),ROUND(D70+(E70-D70)*(1+G70)*((5-1)/(MaxLevel-1))^(2^F70),0),D70+(E70-D70)*(1+G70)*((5-1)/(MaxLevel-1))^(2^F70))) | M70: =IF(OR(D70="",E70=""),"",IF(IFERROR(INDEX(Stats!$D:$D,MATCH($C70,Stats!$A:$A,0)),FALSE),ROUND(D70+(E70-D70)*(1+G70)*((6-1)/(MaxLevel-1))^(2^F70),0),D70+(E70-D70)*(1+G70)*((6-1)/(MaxLevel-1))^(2^F70))) | N70: =IF(OR(D70="",E70=""),"",IF(IFERROR(INDEX(Stats!$D:$D,MATCH($C70,Stats!$A:$A,0)),FALSE),ROUND(D70+(E70-D70)*(1+G70)*((7-1)/(MaxLevel-1))^(2^F70),0),D70+(E70-D70)*(1+G70)*((7-1)/(MaxLevel-1))^(2^F70))) | O70: =IF(OR(D70="",E70=""),"",IF(IFERROR(INDEX(Stats!$D:$D,MATCH($C70,Stats!$A:$A,0)),FALSE),ROUND(D70+(E70-D70)*(1+G70)*((8-1)/(MaxLevel-1))^(2^F70),0),D70+(E70-D70)*(1+G70)*((8-1)/(MaxLevel-1))^(2^F70))) | P70: =IF(OR(D70="",E70=""),"",IF(IFERROR(INDEX(Stats!$D:$D,MATCH($C70,Stats!$A:$A,0)),FALSE),ROUND(D70+(E70-D70)*(1+G70)*((9-1)/(MaxLevel-1))^(2^F70),0),D70+(E70-D70)*(1+G70)*((9-1)/(MaxLevel-1))^(2^F70))) | Q70: =IF(OR(D70="",E70=""),"",IF(IFERROR(INDEX(Stats!$D:$D,MATCH($C70,Stats!$A:$A,0)),FALSE),ROUND(D70+(E70-D70)*(1+G70)*((10-1)/(MaxLevel-1))^(2^F70),0),D70+(E70-D70)*(1+G70)*((10-1)/(MaxLevel-1))^(2^F70)))
A71: 01U | B71: W | C71: WorkingCost | H71: =IF(OR(D71="",E71=""),"",IF(IFERROR(INDEX(Stats!$D:$D,MATCH($C71,Stats!$A:$A,0)),FALSE),ROUND(D71+(E71-D71)*(1+G71)*((1-1)/(MaxLevel-1))^(2^F71),0),D71+(E71-D71)*(1+G71)*((1-1)/(MaxLevel-1))^(2^F71))) | I71: =IF(OR(D71="",E71=""),"",IF(IFERROR(INDEX(Stats!$D:$D,MATCH($C71,Stats!$A:$A,0)),FALSE),ROUND(D71+(E71-D71)*(1+G71)*((2-1)/(MaxLevel-1))^(2^F71),0),D71+(E71-D71)*(1+G71)*((2-1)/(MaxLevel-1))^(2^F71))) | J71: =IF(OR(D71="",E71=""),"",IF(IFERROR(INDEX(Stats!$D:$D,MATCH($C71,Stats!$A:$A,0)),FALSE),ROUND(D71+(E71-D71)*(1+G71)*((3-1)/(MaxLevel-1))^(2^F71),0),D71+(E71-D71)*(1+G71)*((3-1)/(MaxLevel-1))^(2^F71))) | K71: =IF(OR(D71="",E71=""),"",IF(IFERROR(INDEX(Stats!$D:$D,MATCH($C71,Stats!$A:$A,0)),FALSE),ROUND(D71+(E71-D71)*(1+G71)*((4-1)/(MaxLevel-1))^(2^F71),0),D71+(E71-D71)*(1+G71)*((4-1)/(MaxLevel-1))^(2^F71))) | L71: =IF(OR(D71="",E71=""),"",IF(IFERROR(INDEX(Stats!$D:$D,MATCH($C71,Stats!$A:$A,0)),FALSE),ROUND(D71+(E71-D71)*(1+G71)*((5-1)/(MaxLevel-1))^(2^F71),0),D71+(E71-D71)*(1+G71)*((5-1)/(MaxLevel-1))^(2^F71))) | M71: =IF(OR(D71="",E71=""),"",IF(IFERROR(INDEX(Stats!$D:$D,MATCH($C71,Stats!$A:$A,0)),FALSE),ROUND(D71+(E71-D71)*(1+G71)*((6-1)/(MaxLevel-1))^(2^F71),0),D71+(E71-D71)*(1+G71)*((6-1)/(MaxLevel-1))^(2^F71))) | N71: =IF(OR(D71="",E71=""),"",IF(IFERROR(INDEX(Stats!$D:$D,MATCH($C71,Stats!$A:$A,0)),FALSE),ROUND(D71+(E71-D71)*(1+G71)*((7-1)/(MaxLevel-1))^(2^F71),0),D71+(E71-D71)*(1+G71)*((7-1)/(MaxLevel-1))^(2^F71))) | O71: =IF(OR(D71="",E71=""),"",IF(IFERROR(INDEX(Stats!$D:$D,MATCH($C71,Stats!$A:$A,0)),FALSE),ROUND(D71+(E71-D71)*(1+G71)*((8-1)/(MaxLevel-1))^(2^F71),0),D71+(E71-D71)*(1+G71)*((8-1)/(MaxLevel-1))^(2^F71))) | P71: =IF(OR(D71="",E71=""),"",IF(IFERROR(INDEX(Stats!$D:$D,MATCH($C71,Stats!$A:$A,0)),FALSE),ROUND(D71+(E71-D71)*(1+G71)*((9-1)/(MaxLevel-1))^(2^F71),0),D71+(E71-D71)*(1+G71)*((9-1)/(MaxLevel-1))^(2^F71))) | Q71: =IF(OR(D71="",E71=""),"",IF(IFERROR(INDEX(Stats!$D:$D,MATCH($C71,Stats!$A:$A,0)),FALSE),ROUND(D71+(E71-D71)*(1+G71)*((10-1)/(MaxLevel-1))^(2^F71),0),D71+(E71-D71)*(1+G71)*((10-1)/(MaxLevel-1))^(2^F71)))
A72: 01U | B72: W | C72: SkillResearch | H72: =IF(OR(D72="",E72=""),"",IF(IFERROR(INDEX(Stats!$D:$D,MATCH($C72,Stats!$A:$A,0)),FALSE),ROUND(D72+(E72-D72)*(1+G72)*((1-1)/(MaxLevel-1))^(2^F72),0),D72+(E72-D72)*(1+G72)*((1-1)/(MaxLevel-1))^(2^F72))) | I72: =IF(OR(D72="",E72=""),"",IF(IFERROR(INDEX(Stats!$D:$D,MATCH($C72,Stats!$A:$A,0)),FALSE),ROUND(D72+(E72-D72)*(1+G72)*((2-1)/(MaxLevel-1))^(2^F72),0),D72+(E72-D72)*(1+G72)*((2-1)/(MaxLevel-1))^(2^F72))) | J72: =IF(OR(D72="",E72=""),"",IF(IFERROR(INDEX(Stats!$D:$D,MATCH($C72,Stats!$A:$A,0)),FALSE),ROUND(D72+(E72-D72)*(1+G72)*((3-1)/(MaxLevel-1))^(2^F72),0),D72+(E72-D72)*(1+G72)*((3-1)/(MaxLevel-1))^(2^F72))) | K72: =IF(OR(D72="",E72=""),"",IF(IFERROR(INDEX(Stats!$D:$D,MATCH($C72,Stats!$A:$A,0)),FALSE),ROUND(D72+(E72-D72)*(1+G72)*((4-1)/(MaxLevel-1))^(2^F72),0),D72+(E72-D72)*(1+G72)*((4-1)/(MaxLevel-1))^(2^F72))) | L72: =IF(OR(D72="",E72=""),"",IF(IFERROR(INDEX(Stats!$D:$D,MATCH($C72,Stats!$A:$A,0)),FALSE),ROUND(D72+(E72-D72)*(1+G72)*((5-1)/(MaxLevel-1))^(2^F72),0),D72+(E72-D72)*(1+G72)*((5-1)/(MaxLevel-1))^(2^F72))) | M72: =IF(OR(D72="",E72=""),"",IF(IFERROR(INDEX(Stats!$D:$D,MATCH($C72,Stats!$A:$A,0)),FALSE),ROUND(D72+(E72-D72)*(1+G72)*((6-1)/(MaxLevel-1))^(2^F72),0),D72+(E72-D72)*(1+G72)*((6-1)/(MaxLevel-1))^(2^F72))) | N72: =IF(OR(D72="",E72=""),"",IF(IFERROR(INDEX(Stats!$D:$D,MATCH($C72,Stats!$A:$A,0)),FALSE),ROUND(D72+(E72-D72)*(1+G72)*((7-1)/(MaxLevel-1))^(2^F72),0),D72+(E72-D72)*(1+G72)*((7-1)/(MaxLevel-1))^(2^F72))) | O72: =IF(OR(D72="",E72=""),"",IF(IFERROR(INDEX(Stats!$D:$D,MATCH($C72,Stats!$A:$A,0)),FALSE),ROUND(D72+(E72-D72)*(1+G72)*((8-1)/(MaxLevel-1))^(2^F72),0),D72+(E72-D72)*(1+G72)*((8-1)/(MaxLevel-1))^(2^F72))) | P72: =IF(OR(D72="",E72=""),"",IF(IFERROR(INDEX(Stats!$D:$D,MATCH($C72,Stats!$A:$A,0)),FALSE),ROUND(D72+(E72-D72)*(1+G72)*((9-1)/(MaxLevel-1))^(2^F72),0),D72+(E72-D72)*(1+G72)*((9-1)/(MaxLevel-1))^(2^F72))) | Q72: =IF(OR(D72="",E72=""),"",IF(IFERROR(INDEX(Stats!$D:$D,MATCH($C72,Stats!$A:$A,0)),FALSE),ROUND(D72+(E72-D72)*(1+G72)*((10-1)/(MaxLevel-1))^(2^F72),0),D72+(E72-D72)*(1+G72)*((10-1)/(MaxLevel-1))^(2^F72)))
A73: 01U | B73: W | C73: SkillTrain | H73: =IF(OR(D73="",E73=""),"",IF(IFERROR(INDEX(Stats!$D:$D,MATCH($C73,Stats!$A:$A,0)),FALSE),ROUND(D73+(E73-D73)*(1+G73)*((1-1)/(MaxLevel-1))^(2^F73),0),D73+(E73-D73)*(1+G73)*((1-1)/(MaxLevel-1))^(2^F73))) | I73: =IF(OR(D73="",E73=""),"",IF(IFERROR(INDEX(Stats!$D:$D,MATCH($C73,Stats!$A:$A,0)),FALSE),ROUND(D73+(E73-D73)*(1+G73)*((2-1)/(MaxLevel-1))^(2^F73),0),D73+(E73-D73)*(1+G73)*((2-1)/(MaxLevel-1))^(2^F73))) | J73: =IF(OR(D73="",E73=""),"",IF(IFERROR(INDEX(Stats!$D:$D,MATCH($C73,Stats!$A:$A,0)),FALSE),ROUND(D73+(E73-D73)*(1+G73)*((3-1)/(MaxLevel-1))^(2^F73),0),D73+(E73-D73)*(1+G73)*((3-1)/(MaxLevel-1))^(2^F73))) | K73: =IF(OR(D73="",E73=""),"",IF(IFERROR(INDEX(Stats!$D:$D,MATCH($C73,Stats!$A:$A,0)),FALSE),ROUND(D73+(E73-D73)*(1+G73)*((4-1)/(MaxLevel-1))^(2^F73),0),D73+(E73-D73)*(1+G73)*((4-1)/(MaxLevel-1))^(2^F73))) | L73: =IF(OR(D73="",E73=""),"",IF(IFERROR(INDEX(Stats!$D:$D,MATCH($C73,Stats!$A:$A,0)),FALSE),ROUND(D73+(E73-D73)*(1+G73)*((5-1)/(MaxLevel-1))^(2^F73),0),D73+(E73-D73)*(1+G73)*((5-1)/(MaxLevel-1))^(2^F73))) | M73: =IF(OR(D73="",E73=""),"",IF(IFERROR(INDEX(Stats!$D:$D,MATCH($C73,Stats!$A:$A,0)),FALSE),ROUND(D73+(E73-D73)*(1+G73)*((6-1)/(MaxLevel-1))^(2^F73),0),D73+(E73-D73)*(1+G73)*((6-1)/(MaxLevel-1))^(2^F73))) | N73: =IF(OR(D73="",E73=""),"",IF(IFERROR(INDEX(Stats!$D:$D,MATCH($C73,Stats!$A:$A,0)),FALSE),ROUND(D73+(E73-D73)*(1+G73)*((7-1)/(MaxLevel-1))^(2^F73),0),D73+(E73-D73)*(1+G73)*((7-1)/(MaxLevel-1))^(2^F73))) | O73: =IF(OR(D73="",E73=""),"",IF(IFERROR(INDEX(Stats!$D:$D,MATCH($C73,Stats!$A:$A,0)),FALSE),ROUND(D73+(E73-D73)*(1+G73)*((8-1)/(MaxLevel-1))^(2^F73),0),D73+(E73-D73)*(1+G73)*((8-1)/(MaxLevel-1))^(2^F73))) | P73: =IF(OR(D73="",E73=""),"",IF(IFERROR(INDEX(Stats!$D:$D,MATCH($C73,Stats!$A:$A,0)),FALSE),ROUND(D73+(E73-D73)*(1+G73)*((9-1)/(MaxLevel-1))^(2^F73),0),D73+(E73-D73)*(1+G73)*((9-1)/(MaxLevel-1))^(2^F73))) | Q73: =IF(OR(D73="",E73=""),"",IF(IFERROR(INDEX(Stats!$D:$D,MATCH($C73,Stats!$A:$A,0)),FALSE),ROUND(D73+(E73-D73)*(1+G73)*((10-1)/(MaxLevel-1))^(2^F73),0),D73+(E73-D73)*(1+G73)*((10-1)/(MaxLevel-1))^(2^F73)))
A74: 01U | B74: W | C74: SkillBuild | D74: 1 | E74: 1.5 | F74: -1 | G74: 0 | H74: =IF(OR(D74="",E74=""),"",IF(IFERROR(INDEX(Stats!$D:$D,MATCH($C74,Stats!$A:$A,0)),FALSE),ROUND(D74+(E74-D74)*(1+G74)*((1-1)/(MaxLevel-1))^(2^F74),0),D74+(E74-D74)*(1+G74)*((1-1)/(MaxLevel-1))^(2^F74))) | I74: =IF(OR(D74="",E74=""),"",IF(IFERROR(INDEX(Stats!$D:$D,MATCH($C74,Stats!$A:$A,0)),FALSE),ROUND(D74+(E74-D74)*(1+G74)*((2-1)/(MaxLevel-1))^(2^F74),0),D74+(E74-D74)*(1+G74)*((2-1)/(MaxLevel-1))^(2^F74))) | J74: =IF(OR(D74="",E74=""),"",IF(IFERROR(INDEX(Stats!$D:$D,MATCH($C74,Stats!$A:$A,0)),FALSE),ROUND(D74+(E74-D74)*(1+G74)*((3-1)/(MaxLevel-1))^(2^F74),0),D74+(E74-D74)*(1+G74)*((3-1)/(MaxLevel-1))^(2^F74))) | K74: =IF(OR(D74="",E74=""),"",IF(IFERROR(INDEX(Stats!$D:$D,MATCH($C74,Stats!$A:$A,0)),FALSE),ROUND(D74+(E74-D74)*(1+G74)*((4-1)/(MaxLevel-1))^(2^F74),0),D74+(E74-D74)*(1+G74)*((4-1)/(MaxLevel-1))^(2^F74))) | L74: =IF(OR(D74="",E74=""),"",IF(IFERROR(INDEX(Stats!$D:$D,MATCH($C74,Stats!$A:$A,0)),FALSE),ROUND(D74+(E74-D74)*(1+G74)*((5-1)/(MaxLevel-1))^(2^F74),0),D74+(E74-D74)*(1+G74)*((5-1)/(MaxLevel-1))^(2^F74))) | M74: =IF(OR(D74="",E74=""),"",IF(IFERROR(INDEX(Stats!$D:$D,MATCH($C74,Stats!$A:$A,0)),FALSE),ROUND(D74+(E74-D74)*(1+G74)*((6-1)/(MaxLevel-1))^(2^F74),0),D74+(E74-D74)*(1+G74)*((6-1)/(MaxLevel-1))^(2^F74))) | N74: =IF(OR(D74="",E74=""),"",IF(IFERROR(INDEX(Stats!$D:$D,MATCH($C74,Stats!$A:$A,0)),FALSE),ROUND(D74+(E74-D74)*(1+G74)*((7-1)/(MaxLevel-1))^(2^F74),0),D74+(E74-D74)*(1+G74)*((7-1)/(MaxLevel-1))^(2^F74))) | O74: =IF(OR(D74="",E74=""),"",IF(IFERROR(INDEX(Stats!$D:$D,MATCH($C74,Stats!$A:$A,0)),FALSE),ROUND(D74+(E74-D74)*(1+G74)*((8-1)/(MaxLevel-1))^(2^F74),0),D74+(E74-D74)*(1+G74)*((8-1)/(MaxLevel-1))^(2^F74))) | P74: =IF(OR(D74="",E74=""),"",IF(IFERROR(INDEX(Stats!$D:$D,MATCH($C74,Stats!$A:$A,0)),FALSE),ROUND(D74+(E74-D74)*(1+G74)*((9-1)/(MaxLevel-1))^(2^F74),0),D74+(E74-D74)*(1+G74)*((9-1)/(MaxLevel-1))^(2^F74))) | Q74: =IF(OR(D74="",E74=""),"",IF(IFERROR(INDEX(Stats!$D:$D,MATCH($C74,Stats!$A:$A,0)),FALSE),ROUND(D74+(E74-D74)*(1+G74)*((10-1)/(MaxLevel-1))^(2^F74),0),D74+(E74-D74)*(1+G74)*((10-1)/(MaxLevel-1))^(2^F74)))
A75: 01U | B75: W | C75: SkillPray | H75: =IF(OR(D75="",E75=""),"",IF(IFERROR(INDEX(Stats!$D:$D,MATCH($C75,Stats!$A:$A,0)),FALSE),ROUND(D75+(E75-D75)*(1+G75)*((1-1)/(MaxLevel-1))^(2^F75),0),D75+(E75-D75)*(1+G75)*((1-1)/(MaxLevel-1))^(2^F75))) | I75: =IF(OR(D75="",E75=""),"",IF(IFERROR(INDEX(Stats!$D:$D,MATCH($C75,Stats!$A:$A,0)),FALSE),ROUND(D75+(E75-D75)*(1+G75)*((2-1)/(MaxLevel-1))^(2^F75),0),D75+(E75-D75)*(1+G75)*((2-1)/(MaxLevel-1))^(2^F75))) | J75: =IF(OR(D75="",E75=""),"",IF(IFERROR(INDEX(Stats!$D:$D,MATCH($C75,Stats!$A:$A,0)),FALSE),ROUND(D75+(E75-D75)*(1+G75)*((3-1)/(MaxLevel-1))^(2^F75),0),D75+(E75-D75)*(1+G75)*((3-1)/(MaxLevel-1))^(2^F75))) | K75: =IF(OR(D75="",E75=""),"",IF(IFERROR(INDEX(Stats!$D:$D,MATCH($C75,Stats!$A:$A,0)),FALSE),ROUND(D75+(E75-D75)*(1+G75)*((4-1)/(MaxLevel-1))^(2^F75),0),D75+(E75-D75)*(1+G75)*((4-1)/(MaxLevel-1))^(2^F75))) | L75: =IF(OR(D75="",E75=""),"",IF(IFERROR(INDEX(Stats!$D:$D,MATCH($C75,Stats!$A:$A,0)),FALSE),ROUND(D75+(E75-D75)*(1+G75)*((5-1)/(MaxLevel-1))^(2^F75),0),D75+(E75-D75)*(1+G75)*((5-1)/(MaxLevel-1))^(2^F75))) | M75: =IF(OR(D75="",E75=""),"",IF(IFERROR(INDEX(Stats!$D:$D,MATCH($C75,Stats!$A:$A,0)),FALSE),ROUND(D75+(E75-D75)*(1+G75)*((6-1)/(MaxLevel-1))^(2^F75),0),D75+(E75-D75)*(1+G75)*((6-1)/(MaxLevel-1))^(2^F75))) | N75: =IF(OR(D75="",E75=""),"",IF(IFERROR(INDEX(Stats!$D:$D,MATCH($C75,Stats!$A:$A,0)),FALSE),ROUND(D75+(E75-D75)*(1+G75)*((7-1)/(MaxLevel-1))^(2^F75),0),D75+(E75-D75)*(1+G75)*((7-1)/(MaxLevel-1))^(2^F75))) | O75: =IF(OR(D75="",E75=""),"",IF(IFERROR(INDEX(Stats!$D:$D,MATCH($C75,Stats!$A:$A,0)),FALSE),ROUND(D75+(E75-D75)*(1+G75)*((8-1)/(MaxLevel-1))^(2^F75),0),D75+(E75-D75)*(1+G75)*((8-1)/(MaxLevel-1))^(2^F75))) | P75: =IF(OR(D75="",E75=""),"",IF(IFERROR(INDEX(Stats!$D:$D,MATCH($C75,Stats!$A:$A,0)),FALSE),ROUND(D75+(E75-D75)*(1+G75)*((9-1)/(MaxLevel-1))^(2^F75),0),D75+(E75-D75)*(1+G75)*((9-1)/(MaxLevel-1))^(2^F75))) | Q75: =IF(OR(D75="",E75=""),"",IF(IFERROR(INDEX(Stats!$D:$D,MATCH($C75,Stats!$A:$A,0)),FALSE),ROUND(D75+(E75-D75)*(1+G75)*((10-1)/(MaxLevel-1))^(2^F75),0),D75+(E75-D75)*(1+G75)*((10-1)/(MaxLevel-1))^(2^F75)))
A76: 01U | B76: W | C76: SkillTorture | H76: =IF(OR(D76="",E76=""),"",IF(IFERROR(INDEX(Stats!$D:$D,MATCH($C76,Stats!$A:$A,0)),FALSE),ROUND(D76+(E76-D76)*(1+G76)*((1-1)/(MaxLevel-1))^(2^F76),0),D76+(E76-D76)*(1+G76)*((1-1)/(MaxLevel-1))^(2^F76))) | I76: =IF(OR(D76="",E76=""),"",IF(IFERROR(INDEX(Stats!$D:$D,MATCH($C76,Stats!$A:$A,0)),FALSE),ROUND(D76+(E76-D76)*(1+G76)*((2-1)/(MaxLevel-1))^(2^F76),0),D76+(E76-D76)*(1+G76)*((2-1)/(MaxLevel-1))^(2^F76))) | J76: =IF(OR(D76="",E76=""),"",IF(IFERROR(INDEX(Stats!$D:$D,MATCH($C76,Stats!$A:$A,0)),FALSE),ROUND(D76+(E76-D76)*(1+G76)*((3-1)/(MaxLevel-1))^(2^F76),0),D76+(E76-D76)*(1+G76)*((3-1)/(MaxLevel-1))^(2^F76))) | K76: =IF(OR(D76="",E76=""),"",IF(IFERROR(INDEX(Stats!$D:$D,MATCH($C76,Stats!$A:$A,0)),FALSE),ROUND(D76+(E76-D76)*(1+G76)*((4-1)/(MaxLevel-1))^(2^F76),0),D76+(E76-D76)*(1+G76)*((4-1)/(MaxLevel-1))^(2^F76))) | L76: =IF(OR(D76="",E76=""),"",IF(IFERROR(INDEX(Stats!$D:$D,MATCH($C76,Stats!$A:$A,0)),FALSE),ROUND(D76+(E76-D76)*(1+G76)*((5-1)/(MaxLevel-1))^(2^F76),0),D76+(E76-D76)*(1+G76)*((5-1)/(MaxLevel-1))^(2^F76))) | M76: =IF(OR(D76="",E76=""),"",IF(IFERROR(INDEX(Stats!$D:$D,MATCH($C76,Stats!$A:$A,0)),FALSE),ROUND(D76+(E76-D76)*(1+G76)*((6-1)/(MaxLevel-1))^(2^F76),0),D76+(E76-D76)*(1+G76)*((6-1)/(MaxLevel-1))^(2^F76))) | N76: =IF(OR(D76="",E76=""),"",IF(IFERROR(INDEX(Stats!$D:$D,MATCH($C76,Stats!$A:$A,0)),FALSE),ROUND(D76+(E76-D76)*(1+G76)*((7-1)/(MaxLevel-1))^(2^F76),0),D76+(E76-D76)*(1+G76)*((7-1)/(MaxLevel-1))^(2^F76))) | O76: =IF(OR(D76="",E76=""),"",IF(IFERROR(INDEX(Stats!$D:$D,MATCH($C76,Stats!$A:$A,0)),FALSE),ROUND(D76+(E76-D76)*(1+G76)*((8-1)/(MaxLevel-1))^(2^F76),0),D76+(E76-D76)*(1+G76)*((8-1)/(MaxLevel-1))^(2^F76))) | P76: =IF(OR(D76="",E76=""),"",IF(IFERROR(INDEX(Stats!$D:$D,MATCH($C76,Stats!$A:$A,0)),FALSE),ROUND(D76+(E76-D76)*(1+G76)*((9-1)/(MaxLevel-1))^(2^F76),0),D76+(E76-D76)*(1+G76)*((9-1)/(MaxLevel-1))^(2^F76))) | Q76: =IF(OR(D76="",E76=""),"",IF(IFERROR(INDEX(Stats!$D:$D,MATCH($C76,Stats!$A:$A,0)),FALSE),ROUND(D76+(E76-D76)*(1+G76)*((10-1)/(MaxLevel-1))^(2^F76),0),D76+(E76-D76)*(1+G76)*((10-1)/(MaxLevel-1))^(2^F76)))
A77: 01U | B77: W | C77: Anger | H77: =IF(OR(D77="",E77=""),"",IF(IFERROR(INDEX(Stats!$D:$D,MATCH($C77,Stats!$A:$A,0)),FALSE),ROUND(D77+(E77-D77)*(1+G77)*((1-1)/(MaxLevel-1))^(2^F77),0),D77+(E77-D77)*(1+G77)*((1-1)/(MaxLevel-1))^(2^F77))) | I77: =IF(OR(D77="",E77=""),"",IF(IFERROR(INDEX(Stats!$D:$D,MATCH($C77,Stats!$A:$A,0)),FALSE),ROUND(D77+(E77-D77)*(1+G77)*((2-1)/(MaxLevel-1))^(2^F77),0),D77+(E77-D77)*(1+G77)*((2-1)/(MaxLevel-1))^(2^F77))) | J77: =IF(OR(D77="",E77=""),"",IF(IFERROR(INDEX(Stats!$D:$D,MATCH($C77,Stats!$A:$A,0)),FALSE),ROUND(D77+(E77-D77)*(1+G77)*((3-1)/(MaxLevel-1))^(2^F77),0),D77+(E77-D77)*(1+G77)*((3-1)/(MaxLevel-1))^(2^F77))) | K77: =IF(OR(D77="",E77=""),"",IF(IFERROR(INDEX(Stats!$D:$D,MATCH($C77,Stats!$A:$A,0)),FALSE),ROUND(D77+(E77-D77)*(1+G77)*((4-1)/(MaxLevel-1))^(2^F77),0),D77+(E77-D77)*(1+G77)*((4-1)/(MaxLevel-1))^(2^F77))) | L77: =IF(OR(D77="",E77=""),"",IF(IFERROR(INDEX(Stats!$D:$D,MATCH($C77,Stats!$A:$A,0)),FALSE),ROUND(D77+(E77-D77)*(1+G77)*((5-1)/(MaxLevel-1))^(2^F77),0),D77+(E77-D77)*(1+G77)*((5-1)/(MaxLevel-1))^(2^F77))) | M77: =IF(OR(D77="",E77=""),"",IF(IFERROR(INDEX(Stats!$D:$D,MATCH($C77,Stats!$A:$A,0)),FALSE),ROUND(D77+(E77-D77)*(1+G77)*((6-1)/(MaxLevel-1))^(2^F77),0),D77+(E77-D77)*(1+G77)*((6-1)/(MaxLevel-1))^(2^F77))) | N77: =IF(OR(D77="",E77=""),"",IF(IFERROR(INDEX(Stats!$D:$D,MATCH($C77,Stats!$A:$A,0)),FALSE),ROUND(D77+(E77-D77)*(1+G77)*((7-1)/(MaxLevel-1))^(2^F77),0),D77+(E77-D77)*(1+G77)*((7-1)/(MaxLevel-1))^(2^F77))) | O77: =IF(OR(D77="",E77=""),"",IF(IFERROR(INDEX(Stats!$D:$D,MATCH($C77,Stats!$A:$A,0)),FALSE),ROUND(D77+(E77-D77)*(1+G77)*((8-1)/(MaxLevel-1))^(2^F77),0),D77+(E77-D77)*(1+G77)*((8-1)/(MaxLevel-1))^(2^F77))) | P77: =IF(OR(D77="",E77=""),"",IF(IFERROR(INDEX(Stats!$D:$D,MATCH($C77,Stats!$A:$A,0)),FALSE),ROUND(D77+(E77-D77)*(1+G77)*((9-1)/(MaxLevel-1))^(2^F77),0),D77+(E77-D77)*(1+G77)*((9-1)/(MaxLevel-1))^(2^F77))) | Q77: =IF(OR(D77="",E77=""),"",IF(IFERROR(INDEX(Stats!$D:$D,MATCH($C77,Stats!$A:$A,0)),FALSE),ROUND(D77+(E77-D77)*(1+G77)*((10-1)/(MaxLevel-1))^(2^F77),0),D77+(E77-D77)*(1+G77)*((10-1)/(MaxLevel-1))^(2^F77)))

Sheet 01U_Relations
A1: Row minion's feeling towards column minion (1 = likes, -1 = hates, blank = neutral; fractions allowed e.g. 0.5)
A2: MinionID | B2: C1 | C2: C2 | D2: C3 | E2: C4 | F2: T1F | G2: T1M | H2: T1R | I2: T1S | J2: T1U | K2: T2F | L2: T2M | M2: T2R | N2: T2S | O2: T2U | P2: T3F | Q2: T3M | R2: T3R | S2: T3S | T2: T3U | U2: U1 | V2: U2 | W2: U3 | X2: W | Y2: G
A3: C1 | K3: 0.5
A4: C2
A5: C3
A6: C4
A7: T1F
A8: T1M | B8: 0.5
A9: T1R
A10: T1S
A11: T1U
A12: T2F | B12: 1 | G12: -1
A13: T2M
A14: T2R
A15: T2S
A16: T2U
A17: T3F
A18: T3M
A19: T3R
A20: T3S
A21: T3U
A22: U1
A23: U2
A24: U3
... A26: G
